# qx_over_a qy_over_b Re_chi Im_chi
# num_k=200, num_q=100, n_orb=8, kT=0.001, mu=0.06, omega=0.0, eta=0.002, n_processes=80
-9.0353541949663307e-01 -5.0273526221632159e-01 1.0670087697972093e+01 4.0464872034563928e-05
-9.0353541949663307e-01 -4.9268055697199509e-01 1.0669916368676772e+01 3.9654278650656162e-05
-9.0353541949663307e-01 -4.8262585172766864e-01 1.0669877422376578e+01 3.8830268796644657e-05
-9.0353541949663307e-01 -4.7257114648334225e-01 1.0670255863597955e+01 3.9143705167477973e-05
-9.0353541949663307e-01 -4.6251644123901581e-01 1.0670547480504403e+01 3.9054859146728128e-05
-9.0353541949663307e-01 -4.5246173599468936e-01 1.0670882640288600e+01 3.8853646744165522e-05
-9.0353541949663307e-01 -4.4240703075036292e-01 1.0671294169471368e+01 3.8619805050395892e-05
-9.0353541949663307e-01 -4.3235232550603647e-01 1.0671783838485169e+01 3.8361515666038178e-05
-9.0353541949663307e-01 -4.2229762026171014e-01 1.0672351830715694e+01 3.8083790422855485e-05
-9.0353541949663307e-01 -4.1224291501738369e-01 1.0672997811728658e+01 3.7790968184858941e-05
-9.0353541949663307e-01 -4.0218820977305725e-01 1.0673720952031497e+01 3.7486789326311011e-05
-9.0353541949663307e-01 -3.9213350452873080e-01 1.0674519947850413e+01 3.7174465534431459e-05
-9.0353541949663307e-01 -3.8207879928440436e-01 1.0675393044864478e+01 3.6856752936318302e-05
-9.0353541949663307e-01 -3.7202409404007797e-01 1.0676338061429036e+01 3.6536019255290007e-05
-9.0353541949663307e-01 -3.6196938879575147e-01 1.0677352410032725e+01 3.6214301884263453e-05
-9.0353541949663307e-01 -3.5191468355142508e-01 1.0678433116817253e+01 3.5893356679317588e-05
-9.0353541949663307e-01 -3.4185997830709863e-01 1.0679576839452924e+01 3.5574698448542168e-05
-9.0353541949663307e-01 -3.3180527306277219e-01 1.0680779883829603e+01 3.5259634451858952e-05
-9.0353541949663307e-01 -3.2175056781844580e-01 1.0682038220047671e+01 3.4949292203463276e-05
-9.0353541949663307e-01 -3.1169586257411935e-01 1.0683347498162748e+01 3.4644642705854197e-05
-9.0353541949663307e-01 -3.0164115732979291e-01 1.0684703064087113e+01 3.4346520047246422e-05
-9.0353541949663307e-01 -2.9158645208546646e-01 1.0686099975995273e+01 3.4055638106838905e-05
-9.0353541949663307e-01 -2.8153174684114002e-01 1.0687533021530079e+01 3.3772604950894975e-05
-9.0353541949663307e-01 -2.7147704159681363e-01 1.0688996736059670e+01 3.3497935370301262e-05
-9.0353541949663307e-01 -2.6142233635248718e-01 1.0690485422193262e+01 3.3232061905197388e-05
-9.0353541949663307e-01 -2.5136763110816074e-01 1.0691993170727285e+01 3.2975344620434540e-05
-9.0353541949663307e-01 -2.4131292586383432e-01 1.0693513883157808e+01 3.2728079832994317e-05
-9.0353541949663307e-01 -2.3125822061950788e-01 1.0695041295862699e+01 3.2490507945116878e-05
-9.0353541949663307e-01 -2.2120351537518143e-01 1.0696569006024328e+01 3.2262820501420750e-05
-9.0353541949663307e-01 -2.1114881013085501e-01 1.0698090499330901e+01 3.2045166562176624e-05
-9.0353541949663307e-01 -2.0109410488652857e-01 1.0699599179461009e+01 3.1837658465626324e-05
-9.0353541949663307e-01 -1.9103939964220218e-01 1.0701088399321074e+01 3.1640377038413635e-05
-9.0353541949663307e-01 -1.8098469439787573e-01 1.0702551493968897e+01 3.1453376303125432e-05
-9.0353541949663307e-01 -1.7092998915354929e-01 1.0703981815117926e+01 3.1276687724805628e-05
-9.0353541949663307e-01 -1.6087528390922284e-01 1.0705372767077099e+01 3.1110324033119115e-05
-9.0353541949663307e-01 -1.5082057866489645e-01 1.0706717843939806e+01 3.0954282653157975e-05
-9.0353541949663307e-01 -1.4076587342057001e-01 1.0708010667792880e+01 3.0808548775075390e-05
-9.0353541949663307e-01 -1.3071116817624356e-01 1.0709245027674655e+01 3.0673098090631764e-05
-9.0353541949663307e-01 -1.2065646293191713e-01 1.0710414918968848e+01 3.0547899222972882e-05
-9.0353541949663307e-01 -1.1060175768759069e-01 1.0711514582881774e+01 3.0432915874416796e-05
-9.0353541949663307e-01 -1.0054705244326431e-01 1.0712538545613477e+01 3.0328108715655722e-05
-9.0353541949663307e-01 -9.0492347198937867e-02 1.0713481656801774e+01 3.0233437038337262e-05
-9.0353541949663307e-01 -8.0437641954611422e-02 1.0714339126792213e+01 3.0148860191608650e-05
-9.0353541949663307e-01 -7.0382936710284977e-02 1.0715106562269735e+01 3.0074338821695185e-05
-9.0353541949663307e-01 -6.0328231465958525e-02 1.0715779999778979e+01 3.0009835932104909e-05
-9.0353541949663307e-01 -5.0273526221632080e-02 1.0716355936662955e+01 2.9955317780439106e-05
-9.0353541949663307e-01 -4.0218820977305711e-02 1.0716831358963743e+01 2.9910754626011513e-05
-9.0353541949663307e-01 -3.0164115732979262e-02 1.0717203765855755e+01 2.9876121340908746e-05
-9.0353541949663307e-01 -2.0109410488652817e-02 1.0717471190221181e+01 2.9851397895085613e-05
-9.0353541949663307e-01 -1.0054705244326374e-02 1.0717632215028528e+01 2.9836569724448947e-05
-9.0353541949663307e-01 7.1065644079062674e-17 1.0717685985237976e+01 2.9831627988772786e-05
-9.0353541949663307e-01 1.0054705244326445e-02 1.0717632215028530e+01 2.9836569724450454e-05
-9.0353541949663307e-01 2.0109410488652890e-02 1.0717471190221181e+01 2.9851397895085237e-05
-9.0353541949663307e-01 3.0164115732979335e-02 1.0717203765855761e+01 2.9876121340907079e-05
-9.0353541949663307e-01 4.0218820977305780e-02 1.0716831358963736e+01 2.9910754626011710e-05
-9.0353541949663307e-01 5.0273526221632225e-02 1.0716355936662939e+01 2.9955317780437930e-05
-9.0353541949663307e-01 6.0328231465958670e-02 1.0715779999778986e+01 3.0009835932106115e-05
-9.0353541949663307e-01 7.0382936710285046e-02 1.0715106562269739e+01 3.0074338821693806e-05
-9.0353541949663307e-01 8.0437641954611491e-02 1.0714339126792215e+01 3.0148860191608816e-05
-9.0353541949663307e-01 9.0492347198937936e-02 1.0713481656801774e+01 3.0233437038338418e-05
-9.0353541949663307e-01 1.0054705244326438e-01 1.0712538545613487e+01 3.0328108715653631e-05
-9.0353541949663307e-01 1.1060175768759083e-01 1.0711514582881774e+01 3.0432915874415753e-05
-9.0353541949663307e-01 1.2065646293191720e-01 1.0710414918968841e+01 3.0547899222973011e-05
-9.0353541949663307e-01 1.3071116817624365e-01 1.0709245027674653e+01 3.0673098090632245e-05
-9.0353541949663307e-01 1.4076587342057009e-01 1.0708010667792880e+01 3.0808548775074665e-05
-9.0353541949663307e-01 1.5082057866489645e-01 1.0706717843939797e+01 3.0954282653156986e-05
-9.0353541949663307e-01 1.6087528390922298e-01 1.0705372767077103e+01 3.1110324033120498e-05
-9.0353541949663307e-01 1.7092998915354934e-01 1.0703981815117928e+01 3.1276687724805533e-05
-9.0353541949663307e-01 1.8098469439787587e-01 1.0702551493968897e+01 3.1453376303126516e-05
-9.0353541949663307e-01 1.9103939964220223e-01 1.0701088399321067e+01 3.1640377038414218e-05
-9.0353541949663307e-01 2.0109410488652862e-01 1.0699599179461007e+01 3.1837658465626954e-05
-9.0353541949663307e-01 2.1114881013085512e-01 1.0698090499330897e+01 3.2045166562177356e-05
-9.0353541949663307e-01 2.2120351537518151e-01 1.0696569006024337e+01 3.2262820501420073e-05
-9.0353541949663307e-01 2.3125822061950801e-01 1.0695041295862692e+01 3.2490507945114900e-05
-9.0353541949663307e-01 2.4131292586383440e-01 1.0693513883157808e+01 3.2728079832995428e-05
-9.0353541949663307e-01 2.5136763110816079e-01 1.0691993170727290e+01 3.2975344620434716e-05
-9.0353541949663307e-01 2.6142233635248729e-01 1.0690485422193268e+01 3.3232061905197673e-05
-9.0353541949663307e-01 2.7147704159681368e-01 1.0688996736059666e+01 3.3497935370300699e-05
-9.0353541949663307e-01 2.8153174684114018e-01 1.0687533021530076e+01 3.3772604950894447e-05
-9.0353541949663307e-01 2.9158645208546657e-01 1.0686099975995278e+01 3.4055638106839217e-05
-9.0353541949663307e-01 3.0164115732979291e-01 1.0684703064087126e+01 3.4346520047246368e-05
-9.0353541949663307e-01 3.1169586257411946e-01 1.0683347498162743e+01 3.4644642705854027e-05
-9.0353541949663307e-01 3.2175056781844580e-01 1.0682038220047662e+01 3.4949292203463208e-05
-9.0353541949663307e-01 3.3180527306277235e-01 1.0680779883829617e+01 3.5259634451858267e-05
-9.0353541949663307e-01 3.4185997830709869e-01 1.0679576839452917e+01 3.5574698448541281e-05
-9.0353541949663307e-01 3.5191468355142524e-01 1.0678433116817256e+01 3.5893356679319140e-05
-9.0353541949663307e-01 3.6196938879575158e-01 1.0677352410032743e+01 3.6214301884262403e-05
-9.0353541949663307e-01 3.7202409404007797e-01 1.0676338061429021e+01 3.6536019255289878e-05
-9.0353541949663307e-01 3.8207879928440447e-01 1.0675393044864490e+01 3.6856752936317279e-05
-9.0353541949663307e-01 3.9213350452873086e-01 1.0674519947850408e+01 3.7174465534431751e-05
-9.0353541949663307e-01 4.0218820977305736e-01 1.0673720952031493e+01 3.7486789326311953e-05
-9.0353541949663307e-01 4.1224291501738375e-01 1.0672997811728651e+01 3.7790968184858493e-05
-9.0353541949663307e-01 4.2229762026171014e-01 1.0672351830715709e+01 3.8083790422855234e-05
-9.0353541949663307e-01 4.3235232550603664e-01 1.0671783838485167e+01 3.8361515666039038e-05
-9.0353541949663307e-01 4.4240703075036303e-01 1.0671294169471366e+01 3.8619805050396989e-05
-9.0353541949663307e-01 4.5246173599468953e-01 1.0670882640288600e+01 3.8853646744165867e-05
-9.0353541949663307e-01 4.6251644123901592e-01 1.0670547480504410e+01 3.9054859146729429e-05
-9.0353541949663307e-01 4.7257114648334225e-01 1.0670255863597944e+01 3.9143705167478413e-05
-9.0353541949663307e-01 4.8262585172766881e-01 1.0669877422376569e+01 3.8830268796645023e-05
-9.0353541949663307e-01 4.9268055697199514e-01 1.0669916368676772e+01 3.9654278650655952e-05
-9.0353541949663307e-01 5.0273526221632159e-01 1.0670087697972093e+01 4.0464872034564456e-05
-8.8546471110670044e-01 -5.0273526221632159e-01 1.0672515122956208e+01 4.0863635544958395e-05
-8.8546471110670044e-01 -4.9268055697199509e-01 1.0672349044398015e+01 4.0062621994303553e-05
-8.8546471110670044e-01 -4.8262585172766864e-01 1.0672318264098962e+01 3.9252132880006155e-05
-8.8546471110670044e-01 -4.7257114648334225e-01 1.0672682607627515e+01 3.9526334430138504e-05
-8.8546471110670044e-01 -4.6251644123901581e-01 1.0672973228019828e+01 3.9425437113023860e-05
-8.8546471110670044e-01 -4.5246173599468936e-01 1.0673313401137444e+01 3.9223282220558792e-05
-8.8546471110670044e-01 -4.4240703075036292e-01 1.0673731276325251e+01 3.8988873677211611e-05
-8.8546471110670044e-01 -4.3235232550603647e-01 1.0674228438827438e+01 3.8730003196172924e-05
-8.8546471110670044e-01 -4.2229762026171014e-01 1.0674805061185692e+01 3.8451696500708665e-05
-8.8546471110670044e-01 -4.1224291501738369e-01 1.0675460797412525e+01 3.8158307253507138e-05
-8.8546471110670044e-01 -4.0218820977305725e-01 1.0676194803524156e+01 3.7853587118525338e-05
-8.8546471110670044e-01 -3.9213350452873080e-01 1.0677005758248235e+01 3.7540756174209339e-05
-8.8546471110670044e-01 -3.8207879928440436e-01 1.0677891886681996e+01 3.7222576613141773e-05
-8.8546471110670044e-01 -3.7202409404007797e-01 1.0678850983415840e+01 3.6901420375239831e-05
-8.8546471110670044e-01 -3.6196938879575147e-01 1.0679880433867716e+01 3.6579327602118525e-05
-8.8546471110670044e-01 -3.5191468355142508e-01 1.0680977233658172e+01 3.6258055729091010e-05
-8.8546471110670044e-01 -3.4185997830709863e-01 1.0682138006324367e+01 3.5939120206009015e-05
-8.8546471110670044e-01 -3.3180527306277219e-01 1.0683359019834969e+01 3.5623828177624184e-05
-8.8546471110670044e-01 -3.2175056781844580e-01 1.0684636202395268e+01 3.5313306427415010e-05
-8.8546471110670044e-01 -3.1169586257411935e-01 1.0685965158000268e+01 3.5008524723462957e-05
-8.8546471110670044e-01 -3.0164115732979291e-01 1.0687341182142559e+01 3.4710315505466714e-05
-8.8546471110670044e-01 -2.9158645208546646e-01 1.0688759278027245e+01 3.4419390662777589e-05
-8.8546471110670044e-01 -2.8153174684114002e-01 1.0690214173595530e+01 3.4136355990365956e-05
-8.8546471110670044e-01 -2.7147704159681363e-01 1.0691700339612130e+01 3.3861723776331931e-05
-8.8546471110670044e-01 -2.6142233635248718e-01 1.0693212009031219e+01 3.3595923868709622e-05
-8.8546471110670044e-01 -2.5136763110816074e-01 1.0694743197818848e+01 3.3339313486972845e-05
-8.8546471110670044e-01 -2.4131292586383432e-01 1.0696287727375598e+01 3.3092185980596714e-05
-8.8546471110670044e-01 -2.3125822061950788e-01 1.0697839248670887e+01 3.2854778689434386e-05
-8.8546471110670044e-01 -2.2120351537518143e-01 1.0699391268169089e+01 3.2627280024985565e-05
-8.8546471110670044e-01 -2.1114881013085501e-01 1.0700937175595207e+01 3.2409835865362617e-05
-8.8546471110670044e-01 -2.0109410488652857e-01 1.0702470273554910e+01 3.2202555337461286e-05
-8.8546471110670044e-01 -1.9103939964220218e-01 1.0703983808989639e+01 3.2005516045813967e-05
-8.8546471110670044e-01 -1.8098469439787573e-01 1.0705471006410596e+01 3.1818768797575480e-05
-8.8546471110670044e-01 -1.7092998915354929e-01 1.0706925102816848e+01 3.1642341865849282e-05
-8.8546471110670044e-01 -1.6087528390922284e-01 1.0708339384162635e+01 3.1476244828271380e-05
-8.8546471110670044e-01 -1.5082057866489645e-01 1.0709707223195247e+01 3.1320472014104355e-05
-8.8546471110670044e-01 -1.4076587342057001e-01 1.0711022118441509e+01 3.1175005590161030e-05
-8.8546471110670044e-01 -1.3071116817624356e-01 1.0712277734074853e+01 3.1039818313720441e-05
-8.8546471110670044e-01 -1.2065646293191713e-01 1.0713467940349885e+01 3.0914875978802471e-05
-8.8546471110670044e-01 -1.1060175768759069e-01 1.0714586854246710e+01 3.0800139580559916e-05
-8.8546471110670044e-01 -1.0054705244326431e-01 1.0715628879925598e+01 3.0695567221079442e-05
-8.8546471110670044e-01 -9.0492347198937867e-02 1.0716588748554113e+01 3.0601115778457277e-05
-8.8546471110670044e-01 -8.0437641954611422e-02 1.0717461557037170e+01 3.0516742359511056e-05
-8.8546471110670044e-01 -7.0382936710284977e-02 1.0718242805156335e+01 3.0442405555079212e-05
-8.8546471110670044e-01 -6.0328231465958525e-02 1.0718928430609779e+01 3.0378066515176176e-05
-8.8546471110670044e-01 -5.0273526221632080e-02 1.0719514841442425e+01 3.0323689859763719e-05
-8.8546471110670044e-01 -4.0218820977305711e-02 1.0719998945365816e+01 3.0279244439140976e-05
-8.8546471110670044e-01 -3.0164115732979262e-02 1.0720378175492764e+01 3.0244703956261173e-05
-8.8546471110670044e-01 -2.0109410488652817e-02 1.0720650512051652e+01 3.0220047461416869e-05
-8.8546471110670044e-01 -1.0054705244326374e-02 1.0720814499699982e+01 3.0205259727974777e-05
-8.8546471110670044e-01 7.1065644079062674e-17 1.0720869260125056e+01 3.0200331515913041e-05
-8.8546471110670044e-01 1.0054705244326445e-02 1.0720814499699982e+01 3.0205259727975007e-05
-8.8546471110670044e-01 2.0109410488652890e-02 1.0720650512051650e+01 3.0220047461416567e-05
-8.8546471110670044e-01 3.0164115732979335e-02 1.0720378175492757e+01 3.0244703956259879e-05
-8.8546471110670044e-01 4.0218820977305780e-02 1.0719998945365807e+01 3.0279244439139942e-05
-8.8546471110670044e-01 5.0273526221632225e-02 1.0719514841442415e+01 3.0323689859762554e-05
-8.8546471110670044e-01 6.0328231465958670e-02 1.0718928430609774e+01 3.0378066515176636e-05
-8.8546471110670044e-01 7.0382936710285046e-02 1.0718242805156333e+01 3.0442405555079449e-05
-8.8546471110670044e-01 8.0437641954611491e-02 1.0717461557037167e+01 3.0516742359511259e-05
-8.8546471110670044e-01 9.0492347198937936e-02 1.0716588748554107e+01 3.0601115778456477e-05
-8.8546471110670044e-01 1.0054705244326438e-01 1.0715628879925605e+01 3.0695567221080432e-05
-8.8546471110670044e-01 1.1060175768759083e-01 1.0714586854246710e+01 3.0800139580560553e-05
-8.8546471110670044e-01 1.2065646293191720e-01 1.0713467940349876e+01 3.0914875978802308e-05
-8.8546471110670044e-01 1.3071116817624365e-01 1.0712277734074860e+01 3.1039818313721240e-05
-8.8546471110670044e-01 1.4076587342057009e-01 1.0711022118441507e+01 3.1175005590160434e-05
-8.8546471110670044e-01 1.5082057866489645e-01 1.0709707223195242e+01 3.1320472014103860e-05
-8.8546471110670044e-01 1.6087528390922298e-01 1.0708339384162645e+01 3.1476244828270946e-05
-8.8546471110670044e-01 1.7092998915354934e-01 1.0706925102816847e+01 3.1642341865849526e-05
-8.8546471110670044e-01 1.8098469439787587e-01 1.0705471006410596e+01 3.1818768797575432e-05
-8.8546471110670044e-01 1.9103939964220223e-01 1.0703983808989646e+01 3.2005516045813438e-05
-8.8546471110670044e-01 2.0109410488652862e-01 1.0702470273554917e+01 3.2202555337461503e-05
-8.8546471110670044e-01 2.1114881013085512e-01 1.0700937175595211e+01 3.2409835865363098e-05
-8.8546471110670044e-01 2.2120351537518151e-01 1.0699391268169091e+01 3.2627280024984250e-05
-8.8546471110670044e-01 2.3125822061950801e-01 1.0697839248670869e+01 3.2854778689435436e-05
-8.8546471110670044e-01 2.4131292586383440e-01 1.0696287727375585e+01 3.3092185980597006e-05
-8.8546471110670044e-01 2.5136763110816079e-01 1.0694743197818847e+01 3.3339313486971503e-05
-8.8546471110670044e-01 2.6142233635248729e-01 1.0693212009031203e+01 3.3595923868709751e-05
-8.8546471110670044e-01 2.7147704159681368e-01 1.0691700339612133e+01 3.3861723776330881e-05
-8.8546471110670044e-01 2.8153174684114018e-01 1.0690214173595535e+01 3.4136355990365692e-05
-8.8546471110670044e-01 2.9158645208546657e-01 1.0688759278027250e+01 3.4419390662779785e-05
-8.8546471110670044e-01 3.0164115732979291e-01 1.0687341182142562e+01 3.4710315505466613e-05
-8.8546471110670044e-01 3.1169586257411946e-01 1.0685965158000272e+01 3.5008524723464861e-05
-8.8546471110670044e-01 3.2175056781844580e-01 1.0684636202395266e+01 3.5313306427415911e-05
-8.8546471110670044e-01 3.3180527306277235e-01 1.0683359019834967e+01 3.5623828177624672e-05
-8.8546471110670044e-01 3.4185997830709869e-01 1.0682138006324358e+01 3.5939120206008900e-05
-8.8546471110670044e-01 3.5191468355142524e-01 1.0680977233658181e+01 3.6258055729092792e-05
-8.8546471110670044e-01 3.6196938879575158e-01 1.0679880433867718e+01 3.6579327602120009e-05
-8.8546471110670044e-01 3.7202409404007797e-01 1.0678850983415840e+01 3.6901420375240800e-05
-8.8546471110670044e-01 3.8207879928440447e-01 1.0677891886681982e+01 3.7222576613140587e-05
-8.8546471110670044e-01 3.9213350452873086e-01 1.0677005758248249e+01 3.7540756174209000e-05
-8.8546471110670044e-01 4.0218820977305736e-01 1.0676194803524158e+01 3.7853587118526280e-05
-8.8546471110670044e-01 4.1224291501738375e-01 1.0675460797412535e+01 3.8158307253507484e-05
-8.8546471110670044e-01 4.2229762026171014e-01 1.0674805061185696e+01 3.8451696500710068e-05
-8.8546471110670044e-01 4.3235232550603664e-01 1.0674228438827432e+01 3.8730003196171365e-05
-8.8546471110670044e-01 4.4240703075036303e-01 1.0673731276325258e+01 3.8988873677210940e-05
-8.8546471110670044e-01 4.5246173599468953e-01 1.0673313401137436e+01 3.9223282220558582e-05
-8.8546471110670044e-01 4.6251644123901592e-01 1.0672973228019844e+01 3.9425437113023013e-05
-8.8546471110670044e-01 4.7257114648334225e-01 1.0672682607627522e+01 3.9526334430138456e-05
-8.8546471110670044e-01 4.8262585172766881e-01 1.0672318264098967e+01 3.9252132880005389e-05
-8.8546471110670044e-01 4.9268055697199514e-01 1.0672349044398018e+01 4.0062621994303078e-05
-8.8546471110670044e-01 5.0273526221632159e-01 1.0672515122956208e+01 4.0863635544958733e-05
-8.6739400271676770e-01 -5.0273526221632159e-01 1.0679610512217485e+01 4.1652305350240366e-05
-8.6739400271676770e-01 -4.9268055697199509e-01 1.0679441834631284e+01 4.0837596471470403e-05
-8.6739400271676770e-01 -4.8262585172766864e-01 1.0679392016954250e+01 3.9966753212128597e-05
-8.6739400271676770e-01 -4.7257114648334225e-01 1.0679745051663554e+01 4.0194861616265309e-05
-8.6739400271676770e-01 -4.6251644123901581e-01 1.0680045534117026e+01 4.0087215036642217e-05
-8.6739400271676770e-01 -4.5246173599468936e-01 1.0680401421472670e+01 3.9883256868065146e-05
-8.6739400271676770e-01 -4.4240703075036292e-01 1.0680838583190248e+01 3.9647061645510408e-05
-8.6739400271676770e-01 -4.3235232550603647e-01 1.0681358513120637e+01 3.9386328003779355e-05
-8.6739400271676770e-01 -4.2229762026171014e-01 1.0681961357170767e+01 3.9106136399069903e-05
-8.6739400271676770e-01 -4.1224291501738369e-01 1.0682646734950469e+01 3.8810884937659090e-05
-8.6739400271676770e-01 -4.0218820977305725e-01 1.0683413759283205e+01 3.8504359324105595e-05
-8.6739400271676770e-01 -3.9213350452873080e-01 1.0684261056723026e+01 3.8189805133028291e-05
-8.6739400271676770e-01 -3.8207879928440436e-01 1.0685186790974013e+01 3.7870003197905985e-05
-8.6739400271676770e-01 -3.7202409404007797e-01 1.0686188685705426e+01 3.7547338652776305e-05
-8.6739400271676770e-01 -3.6196938879575147e-01 1.0687264045506250e+01 3.7223860514197685e-05
-8.6739400271676770e-01 -3.5191468355142508e-01 1.0688409774816840e+01 3.6901331658638342e-05
-8.6739400271676770e-01 -3.4185997830709863e-01 1.0689622395144871e+01 3.6581270233863668e-05
-8.6739400271676770e-01 -3.3180527306277219e-01 1.0690898061038999e+01 3.6264983878603925e-05
-8.6739400271676770e-01 -3.2175056781844580e-01 1.0692232575320318e+01 3.5953598090546299e-05
-8.6739400271676770e-01 -3.1169586257411935e-01 1.0693621404041226e+01 3.5648079909229829e-05
-8.6739400271676770e-01 -3.0164115732979291e-01 1.0695059691590307e+01 3.5349257874184513e-05
-8.6739400271676770e-01 -2.9158645208546646e-01 1.0696542276308570e+01 3.5057839023813439e-05
-8.6739400271676770e-01 -2.8153174684114002e-01 1.0698063706932734e+01 3.4774423533511982e-05
-8.6739400271676770e-01 -2.7147704159681363e-01 1.0699618260136265e+01 3.4499517455046838e-05
-8.6739400271676770e-01 -2.6142233635248718e-01 1.0701199959400840e+01 3.4233543911220915e-05
-8.6739400271676770e-01 -2.5136763110816074e-01 1.0702802595415173e+01 3.3976853015882757e-05
-8.6739400271676770e-01 -2.4131292586383432e-01 1.0704419748167510e+01 3.3729730725258421e-05
-8.6739400271676770e-01 -2.3125822061950788e-01 1.0706044810867704e+01 3.3492406778177498e-05
-8.6739400271676770e-01 -2.2120351537518143e-01 1.0707671015805909e+01 3.3265061846590695e-05
-8.6739400271676770e-01 -2.1114881013085501e-01 1.0709291462225867e+01 3.3047833991083845e-05
-8.6739400271676770e-01 -2.0109410488652857e-01 1.0710899146259827e+01 3.2840824496529356e-05
-8.6739400271676770e-01 -1.9103939964220218e-01 1.0712486992939963e+01 3.2644103148813121e-05
-8.6739400271676770e-01 -1.8098469439787573e-01 1.0714047890266174e+01 3.2457713003258571e-05
-8.6739400271676770e-01 -1.7092998915354929e-01 1.0715574725271845e+01 3.2281674688029903e-05
-8.6739400271676770e-01 -1.6087528390922284e-01 1.0717060421987755e+01 3.2115990280351298e-05
-8.6739400271676770e-01 -1.5082057866489645e-01 1.0718497981158240e+01 3.1960646789484837e-05
-8.6739400271676770e-01 -1.4076587342057001e-01 1.0719880521515062e+01 3.1815619277385848e-05
-8.6739400271676770e-01 -1.3071116817624356e-01 1.0721201322360235e+01 3.1680873645615068e-05
-8.6739400271676770e-01 -1.2065646293191713e-01 1.0722453867153609e+01 3.1556369115156416e-05
-8.6739400271676770e-01 -1.1060175768759069e-01 1.0723631887740963e+01 3.1442060423976777e-05
-8.6739400271676770e-01 -1.0054705244326431e-01 1.0724729408799471e+01 3.1337899765666624e-05
-8.6739400271676770e-01 -9.0492347198937867e-02 1.0725740792018117e+01 3.1243838490826344e-05
-8.6739400271676770e-01 -8.0437641954611422e-02 1.0726660779475720e+01 3.1159828591391474e-05
-8.6739400271676770e-01 -7.0382936710284977e-02 1.0727484535631122e+01 3.1085823986420258e-05
-8.6739400271676770e-01 -6.0328231465958525e-02 1.0728207687302564e+01 3.1021781626297940e-05
-8.6739400271676770e-01 -5.0273526221632080e-02 1.0728826360989759e+01 3.0967662430624023e-05
-8.6739400271676770e-01 -4.0218820977305711e-02 1.0729337216887641e+01 3.0923432073334144e-05
-8.6739400271676770e-01 -3.0164115732979262e-02 1.0729737478956721e+01 3.0889061626886444e-05
-8.6739400271676770e-01 -2.0109410488652817e-02 1.0730024960455136e+01 3.0864528075531235e-05
-8.6739400271676770e-01 -1.0054705244326374e-02 1.0730198084402348e+01 3.0849814705959558e-05
-8.6739400271676770e-01 7.1065644079062674e-17 1.0730255898532112e+01 3.0844911381704383e-05
-8.6739400271676770e-01 1.0054705244326445e-02 1.0730198084402348e+01 3.0849814705959856e-05
-8.6739400271676770e-01 2.0109410488652890e-02 1.0730024960455122e+01 3.0864528075530693e-05
-8.6739400271676770e-01 3.0164115732979335e-02 1.0729737478956709e+01 3.0889061626885583e-05
-8.6739400271676770e-01 4.0218820977305780e-02 1.0729337216887636e+01 3.0923432073334808e-05
-8.6739400271676770e-01 5.0273526221632225e-02 1.0728826360989755e+01 3.0967662430623135e-05
-8.6739400271676770e-01 6.0328231465958670e-02 1.0728207687302564e+01 3.1021781626297452e-05
-8.6739400271676770e-01 7.0382936710285046e-02 1.0727484535631127e+01 3.1085823986421010e-05
-8.6739400271676770e-01 8.0437641954611491e-02 1.0726660779475720e+01 3.1159828591391820e-05
-8.6739400271676770e-01 9.0492347198937936e-02 1.0725740792018122e+01 3.1243838490826826e-05
-8.6739400271676770e-01 1.0054705244326438e-01 1.0724729408799474e+01 3.1337899765665683e-05
-8.6739400271676770e-01 1.1060175768759083e-01 1.0723631887740952e+01 3.1442060423977137e-05
-8.6739400271676770e-01 1.2065646293191720e-01 1.0722453867153602e+01 3.1556369115156335e-05
-8.6739400271676770e-01 1.3071116817624365e-01 1.0721201322360224e+01 3.1680873645615027e-05
-8.6739400271676770e-01 1.4076587342057009e-01 1.0719880521515059e+01 3.1815619277385427e-05
-8.6739400271676770e-01 1.5082057866489645e-01 1.0718497981158263e+01 3.1960646789485366e-05
-8.6739400271676770e-01 1.6087528390922298e-01 1.0717060421987759e+01 3.2115990280350675e-05
-8.6739400271676770e-01 1.7092998915354934e-01 1.0715574725271845e+01 3.2281674688029408e-05
-8.6739400271676770e-01 1.8098469439787587e-01 1.0714047890266158e+01 3.2457713003258747e-05
-8.6739400271676770e-01 1.9103939964220223e-01 1.0712486992939960e+01 3.2644103148813175e-05
-8.6739400271676770e-01 2.0109410488652862e-01 1.0710899146259838e+01 3.2840824496530373e-05
-8.6739400271676770e-01 2.1114881013085512e-01 1.0709291462225874e+01 3.3047833991084184e-05
-8.6739400271676770e-01 2.2120351537518151e-01 1.0707671015805895e+01 3.3265061846590431e-05
-8.6739400271676770e-01 2.3125822061950801e-01 1.0706044810867697e+01 3.3492406778178175e-05
-8.6739400271676770e-01 2.4131292586383440e-01 1.0704419748167515e+01 3.3729730725256720e-05
-8.6739400271676770e-01 2.5136763110816079e-01 1.0702802595415179e+01 3.3976853015882953e-05
-8.6739400271676770e-01 2.6142233635248729e-01 1.0701199959400840e+01 3.4233543911221959e-05
-8.6739400271676770e-01 2.7147704159681368e-01 1.0699618260136283e+01 3.4499517455045795e-05
-8.6739400271676770e-01 2.8153174684114018e-01 1.0698063706932723e+01 3.4774423533512795e-05
-8.6739400271676770e-01 2.9158645208546657e-01 1.0696542276308575e+01 3.5057839023813310e-05
-8.6739400271676770e-01 3.0164115732979291e-01 1.0695059691590302e+01 3.5349257874182819e-05
-8.6739400271676770e-01 3.1169586257411946e-01 1.0693621404041226e+01 3.5648079909229714e-05
-8.6739400271676770e-01 3.2175056781844580e-01 1.0692232575320313e+01 3.5953598090545154e-05
-8.6739400271676770e-01 3.3180527306277235e-01 1.0690898061038999e+01 3.6264983878604487e-05
-8.6739400271676770e-01 3.4185997830709869e-01 1.0689622395144882e+01 3.6581270233862801e-05
-8.6739400271676770e-01 3.5191468355142524e-01 1.0688409774816847e+01 3.6901331658638275e-05
-8.6739400271676770e-01 3.6196938879575158e-01 1.0687264045506236e+01 3.7223860514195964e-05
-8.6739400271676770e-01 3.7202409404007797e-01 1.0686188685705426e+01 3.7547338652775918e-05
-8.6739400271676770e-01 3.8207879928440447e-01 1.0685186790974026e+01 3.7870003197906853e-05
-8.6739400271676770e-01 3.9213350452873086e-01 1.0684261056723019e+01 3.8189805133025703e-05
-8.6739400271676770e-01 4.0218820977305736e-01 1.0683413759283201e+01 3.8504359324106123e-05
-8.6739400271676770e-01 4.1224291501738375e-01 1.0682646734950477e+01 3.8810884937659863e-05
-8.6739400271676770e-01 4.2229762026171014e-01 1.0681961357170771e+01 3.9106136399070662e-05
-8.6739400271676770e-01 4.3235232550603664e-01 1.0681358513120639e+01 3.9386328003780134e-05
-8.6739400271676770e-01 4.4240703075036303e-01 1.0680838583190230e+01 3.9647061645508836e-05
-8.6739400271676770e-01 4.5246173599468953e-01 1.0680401421472675e+01 3.9883256868065092e-05
-8.6739400271676770e-01 4.6251644123901592e-01 1.0680045534117019e+01 4.0087215036642217e-05
-8.6739400271676770e-01 4.7257114648334225e-01 1.0679745051663543e+01 4.0194861616265946e-05
-8.6739400271676770e-01 4.8262585172766881e-01 1.0679392016954264e+01 3.9966753212128549e-05
-8.6739400271676770e-01 4.9268055697199514e-01 1.0679441834631282e+01 4.0837596471469305e-05
-8.6739400271676770e-01 5.0273526221632159e-01 1.0679610512217483e+01 4.1652305350240393e-05
-8.4932329432683518e-01 -5.0273526221632159e-01 1.0690674296616040e+01 4.1285959400522631e-05
-8.4932329432683518e-01 -4.9268055697199509e-01 1.0690507229209199e+01 4.0462652666422758e-05
-8.4932329432683518e-01 -4.8262585172766864e-01 1.0690465611790007e+01 3.9584169709958413e-05
-8.4932329432683518e-01 -4.7257114648334225e-01 1.0690833909098586e+01 3.9813695422236405e-05
-8.4932329432683518e-01 -4.6251644123901581e-01 1.0691155491498723e+01 3.9704229000753315e-05
-8.4932329432683518e-01 -4.5246173599468936e-01 1.0691538362151034e+01 3.9497298930394156e-05
-8.4932329432683518e-01 -4.4240703075036292e-01 1.0692008479309926e+01 3.9257793063140970e-05
-8.4932329432683518e-01 -4.3235232550603647e-01 1.0692567312153892e+01 3.8993549021013105e-05
-8.4932329432683518e-01 -4.2229762026171014e-01 1.0693214964200992e+01 3.8709741039177190e-05
-8.4932329432683518e-01 -4.1224291501738369e-01 1.0693950998478762e+01 3.8410841241871878e-05
-8.4932329432683518e-01 -4.0218820977305725e-01 1.0694774456739328e+01 3.8100692621219511e-05
-8.4932329432683518e-01 -3.9213350452873080e-01 1.0695683879632144e+01 3.7782584302211024e-05
-8.4932329432683518e-01 -3.8207879928440436e-01 1.0696677329693607e+01 3.7459329648739202e-05
-8.4932329432683518e-01 -3.7202409404007797e-01 1.0697752413616350e+01 3.7133337579225368e-05
-8.4932329432683518e-01 -3.6196938879575147e-01 1.0698906302539836e+01 3.6806673977235383e-05
-8.4932329432683518e-01 -3.5191468355142508e-01 1.0700135750209675e+01 3.6481113112752256e-05
-8.4932329432683518e-01 -3.4185997830709863e-01 1.0701437109328113e+01 3.6158180187482585e-05
-8.4932329432683518e-01 -3.3180527306277219e-01 1.0702806346585167e+01 3.5839186447333694e-05
-8.4932329432683518e-01 -3.2175056781844580e-01 1.0704239056887349e+01 3.5525258258785081e-05
-8.4932329432683518e-01 -3.1169586257411935e-01 1.0705730477270587e+01 3.5217361359821567e-05
-8.4932329432683518e-01 -3.0164115732979291e-01 1.0707275500933655e+01 3.4916321278829735e-05
-8.4932329432683518e-01 -2.9158645208546646e-01 1.0708868691776619e+01 3.4622840711378845e-05
-8.4932329432683518e-01 -2.8153174684114002e-01 1.0710504299780304e+01 3.4337514471171035e-05
-8.4932329432683518e-01 -2.7147704159681363e-01 1.0712176277520902e+01 3.4060842490221009e-05
-8.4932329432683518e-01 -2.6142233635248718e-01 1.0713878298077951e+01 3.3793241231782007e-05
-8.4932329432683518e-01 -2.5136763110816074e-01 1.0715603774562423e+01 3.3535053793243673e-05
-8.4932329432683518e-01 -2.4131292586383432e-01 1.0717345881464670e+01 3.3286558910399745e-05
-8.4932329432683518e-01 -2.3125822061950788e-01 1.0719097577996358e+01 3.3047979024949378e-05
-8.4932329432683518e-01 -2.2120351537518143e-01 1.0720851633577608e+01 3.2819487540108178e-05
-8.4932329432683518e-01 -2.1114881013085501e-01 1.0722600655596347e+01 3.2601215361988268e-05
-8.4932329432683518e-01 -2.0109410488652857e-01 1.0724337119543366e+01 3.2393256804450948e-05
-8.4932329432683518e-01 -1.9103939964220218e-01 1.0726053401600396e+01 3.2195674920549962e-05
-8.4932329432683518e-01 -1.8098469439787573e-01 1.0727741813729494e+01 3.2008506313305581e-05
-8.4932329432683518e-01 -1.7092998915354929e-01 1.0729394641280200e+01 3.1831765470832378e-05
-8.4932329432683518e-01 -1.6087528390922284e-01 1.0731004183092107e+01 3.1665448665358293e-05
-8.4932329432683518e-01 -1.5082057866489645e-01 1.0732562794026819e+01 3.1509537451535925e-05
-8.4932329432683518e-01 -1.4076587342057001e-01 1.0734062929810621e+01 3.1364001796327830e-05
-8.4932329432683518e-01 -1.3071116817624356e-01 1.0735497194007493e+01 3.1228802870216416e-05
-8.4932329432683518e-01 -1.2065646293191713e-01 1.0736858386870106e+01 3.1103895527436857e-05
-8.4932329432683518e-01 -1.1060175768759069e-01 1.0738139555734119e+01 3.0989230501011742e-05
-8.4932329432683518e-01 -1.0054705244326431e-01 1.0739334046527093e+01 3.0884756336687423e-05
-8.4932329432683518e-01 -9.0492347198937867e-02 1.0740435555862835e+01 3.0790421088160267e-05
-8.4932329432683518e-01 -8.0437641954611422e-02 1.0741438183084378e+01 3.0706173794303290e-05
-8.4932329432683518e-01 -7.0382936710284977e-02 1.0742336481513370e+01 3.0631965757447095e-05
-8.4932329432683518e-01 -6.0328231465958525e-02 1.0743125508064701e+01 3.0567751640051971e-05
-8.4932329432683518e-01 -5.0273526221632080e-02 1.0743800870303872e+01 3.0513490395338735e-05
-8.4932329432683518e-01 -4.0218820977305711e-02 1.0744358769969613e+01 3.0469146045695461e-05
-8.4932329432683518e-01 -3.0164115732979262e-02 1.0744796041966376e+01 3.0434688320908968e-05
-8.4932329432683518e-01 -2.0109410488652817e-02 1.0745110187858067e+01 3.0410093166374326e-05
-8.4932329432683518e-01 -1.0054705244326374e-02 1.0745299402971895e+01 3.0395343129694162e-05
-8.4932329432683518e-01 7.1065644079062674e-17 1.0745362596351075e+01 3.0390427632142257e-05
-8.4932329432683518e-01 1.0054705244326445e-02 1.0745299402971904e+01 3.0395343129692512e-05
-8.4932329432683518e-01 2.0109410488652890e-02 1.0745110187858069e+01 3.0410093166374140e-05
-8.4932329432683518e-01 3.0164115732979335e-02 1.0744796041966376e+01 3.0434688320909815e-05
-8.4932329432683518e-01 4.0218820977305780e-02 1.0744358769969610e+01 3.0469146045695586e-05
-8.4932329432683518e-01 5.0273526221632225e-02 1.0743800870303872e+01 3.0513490395339175e-05
-8.4932329432683518e-01 6.0328231465958670e-02 1.0743125508064713e+01 3.0567751640052852e-05
-8.4932329432683518e-01 7.0382936710285046e-02 1.0742336481513368e+01 3.0631965757446797e-05
-8.4932329432683518e-01 8.0437641954611491e-02 1.0741438183084384e+01 3.0706173794302436e-05
-8.4932329432683518e-01 9.0492347198937936e-02 1.0740435555862836e+01 3.0790421088161690e-05
-8.4932329432683518e-01 1.0054705244326438e-01 1.0739334046527105e+01 3.0884756336688894e-05
-8.4932329432683518e-01 1.1060175768759083e-01 1.0738139555734108e+01 3.0989230501011566e-05
-8.4932329432683518e-01 1.2065646293191720e-01 1.0736858386870113e+01 3.1103895527435427e-05
-8.4932329432683518e-01 1.3071116817624365e-01 1.0735497194007488e+01 3.1228802870216497e-05
-8.4932329432683518e-01 1.4076587342057009e-01 1.0734062929810632e+01 3.1364001796327423e-05
-8.4932329432683518e-01 1.5082057866489645e-01 1.0732562794026814e+01 3.1509537451537118e-05
-8.4932329432683518e-01 1.6087528390922298e-01 1.0731004183092102e+01 3.1665448665358049e-05
-8.4932329432683518e-01 1.7092998915354934e-01 1.0729394641280203e+01 3.1831765470832093e-05
-8.4932329432683518e-01 1.8098469439787587e-01 1.0727741813729496e+01 3.2008506313306801e-05
-8.4932329432683518e-01 1.9103939964220223e-01 1.0726053401600380e+01 3.2195674920550768e-05
-8.4932329432683518e-01 2.0109410488652862e-01 1.0724337119543364e+01 3.2393256804452689e-05
-8.4932329432683518e-01 2.1114881013085512e-01 1.0722600655596338e+01 3.2601215361989867e-05
-8.4932329432683518e-01 2.2120351537518151e-01 1.0720851633577608e+01 3.2819487540107893e-05
-8.4932329432683518e-01 2.3125822061950801e-01 1.0719097577996358e+01 3.3047979024950218e-05
-8.4932329432683518e-01 2.4131292586383440e-01 1.0717345881464672e+01 3.3286558910401318e-05
-8.4932329432683518e-01 2.5136763110816079e-01 1.0715603774562423e+01 3.3535053793244019e-05
-8.4932329432683518e-01 2.6142233635248729e-01 1.0713878298077937e+01 3.3793241231782921e-05
-8.4932329432683518e-01 2.7147704159681368e-01 1.0712176277520905e+01 3.4060842490219728e-05
-8.4932329432683518e-01 2.8153174684114018e-01 1.0710504299780297e+01 3.4337514471170398e-05
-8.4932329432683518e-01 2.9158645208546657e-01 1.0708868691776621e+01 3.4622840711379495e-05
-8.4932329432683518e-01 3.0164115732979291e-01 1.0707275500933656e+01 3.4916321278829288e-05
-8.4932329432683518e-01 3.1169586257411946e-01 1.0705730477270592e+01 3.5217361359821289e-05
-8.4932329432683518e-01 3.2175056781844580e-01 1.0704239056887346e+01 3.5525258258785427e-05
-8.4932329432683518e-01 3.3180527306277235e-01 1.0702806346585161e+01 3.5839186447335009e-05
-8.4932329432683518e-01 3.4185997830709869e-01 1.0701437109328120e+01 3.6158180187483493e-05
-8.4932329432683518e-01 3.5191468355142524e-01 1.0700135750209666e+01 3.6481113112753083e-05
-8.4932329432683518e-01 3.6196938879575158e-01 1.0698906302539836e+01 3.6806673977235336e-05
-8.4932329432683518e-01 3.7202409404007797e-01 1.0697752413616355e+01 3.7133337579225707e-05
-8.4932329432683518e-01 3.8207879928440447e-01 1.0696677329693614e+01 3.7459329648739493e-05
-8.4932329432683518e-01 3.9213350452873086e-01 1.0695683879632149e+01 3.7782584302211871e-05
-8.4932329432683518e-01 4.0218820977305736e-01 1.0694774456739328e+01 3.8100692621219870e-05
-8.4932329432683518e-01 4.1224291501738375e-01 1.0693950998478758e+01 3.8410841241871641e-05
-8.4932329432683518e-01 4.2229762026171014e-01 1.0693214964200990e+01 3.8709741039176390e-05
-8.4932329432683518e-01 4.3235232550603664e-01 1.0692567312153889e+01 3.8993549021012441e-05
-8.4932329432683518e-01 4.4240703075036303e-01 1.0692008479309921e+01 3.9257793063139140e-05
-8.4932329432683518e-01 4.5246173599468953e-01 1.0691538362151027e+01 3.9497298930393722e-05
-8.4932329432683518e-01 4.6251644123901592e-01 1.0691155491498730e+01 3.9704229000753376e-05
-8.4932329432683518e-01 4.7257114648334225e-01 1.0690833909098572e+01 3.9813695422237482e-05
-8.4932329432683518e-01 4.8262585172766881e-01 1.0690465611790012e+01 3.9584169709959375e-05
-8.4932329432683518e-01 4.9268055697199514e-01 1.0690507229209206e+01 4.0462652666422047e-05
-8.4932329432683518e-01 5.0273526221632159e-01 1.0690674296616040e+01 4.1285959400522604e-05
-8.3125258593690243e-01 -5.0273526221632159e-01 1.0706021100465655e+01 4.0625649567235793e-05
-8.3125258593690243e-01 -4.9268055697199509e-01 1.0705861210235863e+01 3.9802832816060847e-05
-8.3125258593690243e-01 -4.8262585172766864e-01 1.0705837443456742e+01 3.8929777940752960e-05
-8.3125258593690243e-01 -4.7257114648334225e-01 1.0706228999387319e+01 3.9165170319961682e-05
-8.3125258593690243e-01 -4.6251644123901581e-01 1.0706580697716667e+01 3.9053537771017747e-05
-8.3125258593690243e-01 -4.5246173599468936e-01 1.0707001932556018e+01 3.8842540346607070e-05
-8.3125258593690243e-01 -4.4240703075036292e-01 1.0707518905241390e+01 3.8598485260175486e-05
-8.3125258593690243e-01 -4.3235232550603647e-01 1.0708133056815205e+01 3.8329407864407902e-05
-8.3125258593690243e-01 -4.2229762026171014e-01 1.0708844435573225e+01 3.8040610318396992e-05
-8.3125258593690243e-01 -4.1224291501738369e-01 1.0709652530302870e+01 3.7736666204657168e-05
-8.3125258593690243e-01 -4.0218820977305725e-01 1.0710556289061296e+01 3.7421497541633577e-05
-8.3125258593690243e-01 -3.9213350452873080e-01 1.0711554138809969e+01 3.7098453962851247e-05
-8.3125258593690243e-01 -3.8207879928440436e-01 1.0712644007749256e+01 3.6770394396057610e-05
-8.3125258593690243e-01 -3.7202409404007797e-01 1.0713823346773779e+01 3.6439761384650831e-05
-8.3125258593690243e-01 -3.6196938879575147e-01 1.0715089148785559e+01 3.6108644929493430e-05
-8.3125258593690243e-01 -3.5191468355142508e-01 1.0716437965723639e+01 3.5778835843239140e-05
-8.3125258593690243e-01 -3.4185997830709863e-01 1.0717865923650088e+01 3.5451869825958707e-05
-8.3125258593690243e-01 -3.3180527306277219e-01 1.0719368736401247e+01 3.5129063793580073e-05
-8.3125258593690243e-01 -3.2175056781844580e-01 1.0720941718340598e+01 3.4811545928407741e-05
-8.3125258593690243e-01 -3.1169586257411935e-01 1.0722579796719048e+01 3.4500280718858076e-05
-8.3125258593690243e-01 -3.0164115732979291e-01 1.0724277524098790e+01 3.4196090024023571e-05
-8.3125258593690243e-01 -2.9158645208546646e-01 1.0726029091245987e+01 3.3899670984292002e-05
-8.3125258593690243e-01 -2.8153174684114002e-01 1.0727828340850015e+01 3.3611611417128854e-05
-8.3125258593690243e-01 -2.7147704159681363e-01 1.0729668782388352e+01 3.3332403189822687e-05
-8.3125258593690243e-01 -2.6142233635248718e-01 1.0731543608422218e+01 3.3062453945204082e-05
-8.3125258593690243e-01 -2.5136763110816074e-01 1.0733445712581409e+01 3.2802097466924385e-05
-8.3125258593690243e-01 -2.4131292586383432e-01 1.0735367709474316e+01 3.2551602902999640e-05
-8.3125258593690243e-01 -2.3125822061950788e-01 1.0737301956740364e+01 3.2311183015377527e-05
-8.3125258593690243e-01 -2.2120351537518143e-01 1.0739240579446717e+01 3.2081001585245241e-05
-8.3125258593690243e-01 -2.1114881013085501e-01 1.0741175497017963e+01 3.1861180075896393e-05
-8.3125258593690243e-01 -2.0109410488652857e-01 1.0743098452875415e+01 3.1651803634518834e-05
-8.3125258593690243e-01 -1.9103939964220218e-01 1.0745001046952101e+01 3.1452926499304119e-05
-8.3125258593690243e-01 -1.8098469439787573e-01 1.0746874771237987e+01 3.1264576867503294e-05
-8.3125258593690243e-01 -1.7092998915354929e-01 1.0748711048496460e+01 3.1086761272164597e-05
-8.3125258593690243e-01 -1.6087528390922284e-01 1.0750501274275772e+01 3.0919468509496417e-05
-8.3125258593690243e-01 -1.5082057866489645e-01 1.0752236862313834e+01 3.0762673154438950e-05
-8.3125258593690243e-01 -1.4076587342057001e-01 1.0753909293397655e+01 3.0616338698707393e-05
-8.3125258593690243e-01 -1.3071116817624356e-01 1.0755510167685744e+01 3.0480420342809130e-05
-8.3125258593690243e-01 -1.2065646293191713e-01 1.0757031260424959e+01 3.0354867471316338e-05
-8.3125258593690243e-01 -1.1060175768759069e-01 1.0758464580889378e+01 3.0239625838548509e-05
-8.3125258593690243e-01 -1.0054705244326431e-01 1.0759802434230743e+01 3.0134639489982276e-05
-8.3125258593690243e-01 -9.0492347198937867e-02 1.0761037485756834e+01 3.0039852442817162e-05
-8.3125258593690243e-01 -8.0437641954611422e-02 1.0762162826946433e+01 2.9955210147338777e-05
-8.3125258593690243e-01 -7.0382936710284977e-02 1.0763172042274244e+01 2.9880660748883456e-05
-8.3125258593690243e-01 -6.0328231465958525e-02 1.0764059275670371e+01 2.9816156168415304e-05
-8.3125258593690243e-01 -5.0273526221632080e-02 1.0764819295196832e+01 2.9761653017813040e-05
-8.3125258593690243e-01 -4.0218820977305711e-02 1.0765447554316024e+01 2.9717113364187612e-05
-8.3125258593690243e-01 -3.0164115732979262e-02 1.0765940247982501e+01 2.9682505355585505e-05
-8.3125258593690243e-01 -2.0109410488652817e-02 1.0766294361740409e+01 2.9657803718592277e-05
-8.3125258593690243e-01 -1.0054705244326374e-02 1.0766507712079154e+01 2.9642990136429310e-05
-8.3125258593690243e-01 7.1065644079062674e-17 1.0766578976500387e+01 2.9638053514257387e-05
-8.3125258593690243e-01 1.0054705244326445e-02 1.0766507712079155e+01 2.9642990136429499e-05
-8.3125258593690243e-01 2.0109410488652890e-02 1.0766294361740410e+01 2.9657803718590044e-05
-8.3125258593690243e-01 3.0164115732979335e-02 1.0765940247982490e+01 2.9682505355586294e-05
-8.3125258593690243e-01 4.0218820977305780e-02 1.0765447554316026e+01 2.9717113364187937e-05
-8.3125258593690243e-01 5.0273526221632225e-02 1.0764819295196826e+01 2.9761653017813325e-05
-8.3125258593690243e-01 6.0328231465958670e-02 1.0764059275670370e+01 2.9816156168414847e-05
-8.3125258593690243e-01 7.0382936710285046e-02 1.0763172042274240e+01 2.9880660748884391e-05
-8.3125258593690243e-01 8.0437641954611491e-02 1.0762162826946422e+01 2.9955210147338205e-05
-8.3125258593690243e-01 9.0492347198937936e-02 1.0761037485756818e+01 3.0039852442817863e-05
-8.3125258593690243e-01 1.0054705244326438e-01 1.0759802434230734e+01 3.0134639489980717e-05
-8.3125258593690243e-01 1.1060175768759083e-01 1.0758464580889388e+01 3.0239625838547401e-05
-8.3125258593690243e-01 1.2065646293191720e-01 1.0757031260424959e+01 3.0354867471315366e-05
-8.3125258593690243e-01 1.3071116817624365e-01 1.0755510167685745e+01 3.0480420342809845e-05
-8.3125258593690243e-01 1.4076587342057009e-01 1.0753909293397658e+01 3.0616338698706708e-05
-8.3125258593690243e-01 1.5082057866489645e-01 1.0752236862313827e+01 3.0762673154438212e-05
-8.3125258593690243e-01 1.6087528390922298e-01 1.0750501274275774e+01 3.0919468509494180e-05
-8.3125258593690243e-01 1.7092998915354934e-01 1.0748711048496451e+01 3.1086761272162848e-05
-8.3125258593690243e-01 1.8098469439787587e-01 1.0746874771237984e+01 3.1264576867503673e-05
-8.3125258593690243e-01 1.9103939964220223e-01 1.0745001046952112e+01 3.1452926499305095e-05
-8.3125258593690243e-01 2.0109410488652862e-01 1.0743098452875426e+01 3.1651803634519668e-05
-8.3125258593690243e-01 2.1114881013085512e-01 1.0741175497017972e+01 3.1861180075895986e-05
-8.3125258593690243e-01 2.2120351537518151e-01 1.0739240579446721e+01 3.2081001585244712e-05
-8.3125258593690243e-01 2.3125822061950801e-01 1.0737301956740357e+01 3.2311183015377927e-05
-8.3125258593690243e-01 2.4131292586383440e-01 1.0735367709474319e+01 3.2551602902998407e-05
-8.3125258593690243e-01 2.5136763110816079e-01 1.0733445712581405e+01 3.2802097466922928e-05
-8.3125258593690243e-01 2.6142233635248729e-01 1.0731543608422223e+01 3.3062453945203993e-05
-8.3125258593690243e-01 2.7147704159681368e-01 1.0729668782388353e+01 3.3332403189820810e-05
-8.3125258593690243e-01 2.8153174684114018e-01 1.0727828340850010e+01 3.3611611417128536e-05
-8.3125258593690243e-01 2.9158645208546657e-01 1.0726029091245980e+01 3.3899670984293886e-05
-8.3125258593690243e-01 3.0164115732979291e-01 1.0724277524098794e+01 3.4196090024023977e-05
-8.3125258593690243e-01 3.1169586257411946e-01 1.0722579796719041e+01 3.4500280718858652e-05
-8.3125258593690243e-01 3.2175056781844580e-01 1.0720941718340605e+01 3.4811545928407877e-05
-8.3125258593690243e-01 3.3180527306277235e-01 1.0719368736401234e+01 3.5129063793579057e-05
-8.3125258593690243e-01 3.4185997830709869e-01 1.0717865923650089e+01 3.5451869825958599e-05
-8.3125258593690243e-01 3.5191468355142524e-01 1.0716437965723639e+01 3.5778835843239201e-05
-8.3125258593690243e-01 3.6196938879575158e-01 1.0715089148785570e+01 3.6108644929494012e-05
-8.3125258593690243e-01 3.7202409404007797e-01 1.0713823346773777e+01 3.6439761384651339e-05
-8.3125258593690243e-01 3.8207879928440447e-01 1.0712644007749253e+01 3.6770394396059433e-05
-8.3125258593690243e-01 3.9213350452873086e-01 1.0711554138809975e+01 3.7098453962850292e-05
-8.3125258593690243e-01 4.0218820977305736e-01 1.0710556289061294e+01 3.7421497541633706e-05
-8.3125258593690243e-01 4.1224291501738375e-01 1.0709652530302874e+01 3.7736666204657059e-05
-8.3125258593690243e-01 4.2229762026171014e-01 1.0708844435573225e+01 3.8040610318395528e-05
-8.3125258593690243e-01 4.3235232550603664e-01 1.0708133056815216e+01 3.8329407864408011e-05
-8.3125258593690243e-01 4.4240703075036303e-01 1.0707518905241388e+01 3.8598485260176875e-05
-8.3125258593690243e-01 4.5246173599468953e-01 1.0707001932556027e+01 3.8842540346606718e-05
-8.3125258593690243e-01 4.6251644123901592e-01 1.0706580697716671e+01 3.9053537771017564e-05
-8.3125258593690243e-01 4.7257114648334225e-01 1.0706228999387314e+01 3.9165170319962081e-05
-8.3125258593690243e-01 4.8262585172766881e-01 1.0705837443456744e+01 3.8929777940752486e-05
-8.3125258593690243e-01 4.9268055697199514e-01 1.0705861210235867e+01 3.9802832816060088e-05
-8.3125258593690243e-01 5.0273526221632159e-01 1.0706021100465655e+01 4.0625649567235651e-05
-8.1318187754696980e-01 -5.0273526221632159e-01 1.0725633742242783e+01 3.9815473734645958e-05
-8.1318187754696980e-01 -4.9268055697199509e-01 1.0725483432577606e+01 3.8995761770232670e-05
-8.1318187754696980e-01 -4.8262585172766864e-01 1.0725483257329580e+01 3.8133199319784170e-05
-8.1318187754696980e-01 -4.7257114648334225e-01 1.0725905250427113e+01 3.8376643800302240e-05
-8.1318187754696980e-01 -4.6251644123901581e-01 1.0726296376813032e+01 3.8262443064020741e-05
-8.1318187754696980e-01 -4.5246173599468936e-01 1.0726767847237211e+01 3.8046422051628903e-05
-8.1318187754696980e-01 -4.4240703075036292e-01 1.0727346181816561e+01 3.7796735765642465e-05
-8.1318187754696980e-01 -4.3235232550603647e-01 1.0728032791027752e+01 3.7521666199223807e-05
-8.1318187754696980e-01 -4.2229762026171014e-01 1.0728827659290831e+01 3.7226673845908907e-05
-8.1318187754696980e-01 -4.1224291501738369e-01 1.0729730188582513e+01 3.6916458771799199e-05
-8.1318187754696980e-01 -4.0218820977305725e-01 1.0730739216562599e+01 3.6595042311929647e-05
-8.1318187754696980e-01 -3.9213350452873080e-01 1.0731853035427246e+01 3.6265850795474835e-05
-8.1318187754696980e-01 -3.8207879928440436e-01 1.0733069413321562e+01 3.5931801418583425e-05
-8.1318187754696980e-01 -3.7202409404007797e-01 1.0734385614679463e+01 3.5595380126855645e-05
-8.1318187754696980e-01 -3.6196938879575147e-01 1.0735798418218895e+01 3.5258708366361059e-05
-8.1318187754696980e-01 -3.5191468355142508e-01 1.0737304132461990e+01 3.4923598776765445e-05
-8.1318187754696980e-01 -3.4185997830709863e-01 1.0738898609138168e+01 3.4591601141130399e-05
-8.1318187754696980e-01 -3.3180527306277219e-01 1.0740577254998678e+01 3.4264040222548995e-05
-8.1318187754696980e-01 -3.2175056781844580e-01 1.0742335042598681e+01 3.3942047038382156e-05
-8.1318187754696980e-01 -3.1169586257411935e-01 1.0744166520571486e+01 3.3626584902637784e-05
-8.1318187754696980e-01 -3.0164115732979291e-01 1.0746065823869868e+01 3.3318471319965331e-05
-8.1318187754696980e-01 -2.9158645208546646e-01 1.0748026684396930e+01 3.3018396587967857e-05
-8.1318187754696980e-01 -2.8153174684114002e-01 1.0750042442402584e+01 3.2726939773216492e-05
-8.1318187754696980e-01 -2.7147704159681363e-01 1.0752106058982106e+01 3.2444582572354679e-05
-8.1318187754696980e-01 -2.6142233635248718e-01 1.0754210129980549e+01 3.2171721448994100e-05
-8.1318187754696980e-01 -2.5136763110816074e-01 1.0756346901580718e+01 3.1908678344511957e-05
-8.1318187754696980e-01 -2.4131292586383432e-01 1.0758508287832557e+01 3.1655710190488416e-05
-8.1318187754696980e-01 -2.3125822061950788e-01 1.0760685890367036e+01 3.1413017398004734e-05
-8.1318187754696980e-01 -2.2120351537518143e-01 1.0762871020528985e+01 3.1180751459883749e-05
-8.1318187754696980e-01 -2.1114881013085501e-01 1.0765054724160926e+01 3.0959021773130261e-05
-8.1318187754696980e-01 -2.0109410488652857e-01 1.0767227809275168e+01 3.0747901767826734e-05
-8.1318187754696980e-01 -1.9103939964220218e-01 1.0769380876863831e+01 3.0547434413206902e-05
-8.1318187754696980e-01 -1.8098469439787573e-01 1.0771504355119179e+01 3.0357637160511002e-05
-8.1318187754696980e-01 -1.7092998915354929e-01 1.0773588537366924e+01 3.0178506373897642e-05
-8.1318187754696980e-01 -1.6087528390922284e-01 1.0775623624053070e+01 3.0010021294579380e-05
-8.1318187754696980e-01 -1.5082057866489645e-01 1.0777599769165711e+01 2.9852147578717430e-05
-8.1318187754696980e-01 -1.4076587342057001e-01 1.0779507131508932e+01 2.9704840445873661e-05
-8.1318187754696980e-01 -1.3071116817624356e-01 1.0781335931265820e+01 2.9568047471943405e-05
-8.1318187754696980e-01 -1.2065646293191713e-01 1.0783076512273556e+01 2.9441711057817205e-05
-8.1318187754696980e-01 -1.1060175768759069e-01 1.0784719410365273e+01 2.9325770602829341e-05
-8.1318187754696980e-01 -1.0054705244326431e-01 1.0786255427987253e+01 2.9220164409787008e-05
-8.1318187754696980e-01 -9.0492347198937867e-02 1.0787675715050634e+01 2.9124831346489782e-05
-8.1318187754696980e-01 -8.0437641954611422e-02 1.0788971855609530e+01 2.9039712286446941e-05
-8.1318187754696980e-01 -7.0382936710284977e-02 1.0790135959463226e+01 2.8964751349697725e-05
-8.1318187754696980e-01 -6.0328231465958525e-02 1.0791160757176693e+01 2.8899896962504507e-05
-8.1318187754696980e-01 -5.0273526221632080e-02 1.0792039696339742e+01 2.8845102752806927e-05
-8.1318187754696980e-01 -4.0218820977305711e-02 1.0792767036211009e+01 2.8800328296256176e-05
-8.1318187754696980e-01 -3.0164115732979262e-02 1.0793337937310818e+01 2.8765539725754137e-05
-8.1318187754696980e-01 -2.0109410488652817e-02 1.0793748542144224e+01 2.8740710215311108e-05
-8.1318187754696980e-01 -1.0054705244326374e-02 1.0793996043151495e+01 2.8725820347199151e-05
-8.1318187754696980e-01 7.1065644079062674e-17 1.0794078734268323e+01 2.8720858369233340e-05
-8.1318187754696980e-01 1.0054705244326445e-02 1.0793996043151504e+01 2.8725820347199639e-05
-8.1318187754696980e-01 2.0109410488652890e-02 1.0793748542144222e+01 2.8740710215313493e-05
-8.1318187754696980e-01 3.0164115732979335e-02 1.0793337937310824e+01 2.8765539725754266e-05
-8.1318187754696980e-01 4.0218820977305780e-02 1.0792767036211012e+01 2.8800328296257271e-05
-8.1318187754696980e-01 5.0273526221632225e-02 1.0792039696339737e+01 2.8845102752806100e-05
-8.1318187754696980e-01 6.0328231465958670e-02 1.0791160757176693e+01 2.8899896962504826e-05
-8.1318187754696980e-01 7.0382936710285046e-02 1.0790135959463237e+01 2.8964751349696526e-05
-8.1318187754696980e-01 8.0437641954611491e-02 1.0788971855609534e+01 2.9039712286447151e-05
-8.1318187754696980e-01 9.0492347198937936e-02 1.0787675715050625e+01 2.9124831346488420e-05
-8.1318187754696980e-01 1.0054705244326438e-01 1.0786255427987250e+01 2.9220164409786771e-05
-8.1318187754696980e-01 1.1060175768759083e-01 1.0784719410365279e+01 2.9325770602827556e-05
-8.1318187754696980e-01 1.2065646293191720e-01 1.0783076512273549e+01 2.9441711057817364e-05
-8.1318187754696980e-01 1.3071116817624365e-01 1.0781335931265815e+01 2.9568047471941982e-05
-8.1318187754696980e-01 1.4076587342057009e-01 1.0779507131508927e+01 2.9704840445874183e-05
-8.1318187754696980e-01 1.5082057866489645e-01 1.0777599769165716e+01 2.9852147578717542e-05
-8.1318187754696980e-01 1.6087528390922298e-01 1.0775623624053072e+01 3.0010021294578580e-05
-8.1318187754696980e-01 1.7092998915354934e-01 1.0773588537366919e+01 3.0178506373896022e-05
-8.1318187754696980e-01 1.8098469439787587e-01 1.0771504355119189e+01 3.0357637160511324e-05
-8.1318187754696980e-01 1.9103939964220223e-01 1.0769380876863840e+01 3.0547434413206102e-05
-8.1318187754696980e-01 2.0109410488652862e-01 1.0767227809275180e+01 3.0747901767825670e-05
-8.1318187754696980e-01 2.1114881013085512e-01 1.0765054724160940e+01 3.0959021773130837e-05
-8.1318187754696980e-01 2.2120351537518151e-01 1.0762871020528991e+01 3.1180751459883356e-05
-8.1318187754696980e-01 2.3125822061950801e-01 1.0760685890367045e+01 3.1413017398005642e-05
-8.1318187754696980e-01 2.4131292586383440e-01 1.0758508287832560e+01 3.1655710190488125e-05
-8.1318187754696980e-01 2.5136763110816079e-01 1.0756346901580716e+01 3.1908678344511483e-05
-8.1318187754696980e-01 2.6142233635248729e-01 1.0754210129980555e+01 3.2171721448994554e-05
-8.1318187754696980e-01 2.7147704159681368e-01 1.0752106058982118e+01 3.2444582572353242e-05
-8.1318187754696980e-01 2.8153174684114018e-01 1.0750042442402577e+01 3.2726939773217455e-05
-8.1318187754696980e-01 2.9158645208546657e-01 1.0748026684396923e+01 3.3018396587967071e-05
-8.1318187754696980e-01 3.0164115732979291e-01 1.0746065823869875e+01 3.3318471319964206e-05
-8.1318187754696980e-01 3.1169586257411946e-01 1.0744166520571492e+01 3.3626584902636199e-05
-8.1318187754696980e-01 3.2175056781844580e-01 1.0742335042598684e+01 3.3942047038380645e-05
-8.1318187754696980e-01 3.3180527306277235e-01 1.0740577254998691e+01 3.4264040222548087e-05
-8.1318187754696980e-01 3.4185997830709869e-01 1.0738898609138166e+01 3.4591601141130379e-05
-8.1318187754696980e-01 3.5191468355142524e-01 1.0737304132461981e+01 3.4923598776763941e-05
-8.1318187754696980e-01 3.6196938879575158e-01 1.0735798418218891e+01 3.5258708366361818e-05
-8.1318187754696980e-01 3.7202409404007797e-01 1.0734385614679463e+01 3.5595380126855422e-05
-8.1318187754696980e-01 3.8207879928440447e-01 1.0733069413321548e+01 3.5931801418583282e-05
-8.1318187754696980e-01 3.9213350452873086e-01 1.0731853035427244e+01 3.6265850795474497e-05
-8.1318187754696980e-01 4.0218820977305736e-01 1.0730739216562593e+01 3.6595042311930148e-05
-8.1318187754696980e-01 4.1224291501738375e-01 1.0729730188582513e+01 3.6916458771799484e-05
-8.1318187754696980e-01 4.2229762026171014e-01 1.0728827659290824e+01 3.7226673845907796e-05
-8.1318187754696980e-01 4.3235232550603664e-01 1.0728032791027736e+01 3.7521666199223610e-05
-8.1318187754696980e-01 4.4240703075036303e-01 1.0727346181816557e+01 3.7796735765641618e-05
-8.1318187754696980e-01 4.5246173599468953e-01 1.0726767847237214e+01 3.8046422051628829e-05
-8.1318187754696980e-01 4.6251644123901592e-01 1.0726296376813050e+01 3.8262443064019996e-05
-8.1318187754696980e-01 4.7257114648334225e-01 1.0725905250427122e+01 3.8376643800301725e-05
-8.1318187754696980e-01 4.8262585172766881e-01 1.0725483257329584e+01 3.8133199319783933e-05
-8.1318187754696980e-01 4.9268055697199514e-01 1.0725483432577599e+01 3.8995761770232934e-05
-8.1318187754696980e-01 5.0273526221632159e-01 1.0725633742242785e+01 3.9815473734646269e-05
-7.9511116915703706e-01 -5.0273526221632159e-01 1.0749419174750312e+01 3.8877433005377980e-05
-7.9511116915703706e-01 -4.9268055697199509e-01 1.0749280998229658e+01 3.8064560418753294e-05
-7.9511116915703706e-01 -4.8262585172766864e-01 1.0749310479008953e+01 3.7219206569893526e-05
-7.9511116915703706e-01 -4.7257114648334225e-01 1.0749770447840691e+01 3.7473219576507406e-05
-7.9511116915703706e-01 -4.6251644123901581e-01 1.0750210808639656e+01 3.7356217118521098e-05
-7.9511116915703706e-01 -4.5246173599468936e-01 1.0750745022959400e+01 3.7134379390833122e-05
-7.9511116915703706e-01 -4.4240703075036292e-01 1.0751400009200516e+01 3.6878153035032781e-05
-7.9511116915703706e-01 -4.3235232550603647e-01 1.0752177148903508e+01 3.6596109645374621e-05
-7.9511116915703706e-01 -4.2229762026171014e-01 1.0753076359090800e+01 3.6293893653963214e-05
-7.9511116915703706e-01 -4.1224291501738369e-01 1.0754096948535787e+01 3.5976353454981730e-05
-7.9511116915703706e-01 -4.0218820977305725e-01 1.0755237634958013e+01 3.5647628041289926e-05
-7.9511116915703706e-01 -3.9213350452873080e-01 1.0756496562794720e+01 3.5311235542375305e-05
-7.9511116915703706e-01 -3.8207879928440436e-01 1.0757871323380204e+01 3.4970163622595737e-05
-7.9511116915703706e-01 -3.7202409404007797e-01 1.0759358973837406e+01 3.4626951269361260e-05
-7.9511116915703706e-01 -3.6196938879575147e-01 1.0760956053395674e+01 3.4283758786383427e-05
-7.9511116915703706e-01 -3.5191468355142508e-01 1.0762658597012688e+01 3.3942426136099343e-05
-7.9511116915703706e-01 -3.4185997830709863e-01 1.0764462146675946e+01 3.3604521047260824e-05
-7.9511116915703706e-01 -3.3180527306277219e-01 1.0766361760932336e+01 3.3271378615308614e-05
-7.9511116915703706e-01 -3.2175056781844580e-01 1.0768352023222192e+01 3.2944134028300863e-05
-7.9511116915703706e-01 -3.1169586257411935e-01 1.0770427049561913e+01 3.2623749813618559e-05
-7.9511116915703706e-01 -3.0164115732979291e-01 1.0772580496067444e+01 3.2311038738497913e-05
-7.9511116915703706e-01 -2.9158645208546646e-01 1.0774805566756264e+01 3.2006683258563116e-05
-7.9511116915703706e-01 -2.8153174684114002e-01 1.0777095022015542e+01 3.1711252207966854e-05
-7.9511116915703706e-01 -2.7147704159681363e-01 1.0779441188079456e+01 3.1425215264071499e-05
-7.9511116915703706e-01 -2.6142233635248718e-01 1.0781835967819925e+01 3.1148955594032432e-05
-7.9511116915703706e-01 -2.5136763110816074e-01 1.0784270853121237e+01 3.0882780994573565e-05
-7.9511116915703706e-01 -2.4131292586383432e-01 1.0786736939079812e+01 3.0626933763456281e-05
-7.9511116915703706e-01 -2.3125822061950788e-01 1.0789224940246827e+01 3.0381599486856918e-05
-7.9511116915703706e-01 -2.2120351537518143e-01 1.0791725209114123e+01 3.0146914886430407e-05
-7.9511116915703706e-01 -2.1114881013085501e-01 1.0794227757038065e+01 2.9922974840186455e-05
-7.9511116915703706e-01 -2.0109410488652857e-01 1.0796722277803406e+01 2.9709838669340091e-05
-7.9511116915703706e-01 -1.9103939964220218e-01 1.0799198174059468e+01 2.9507535767445908e-05
-7.9511116915703706e-01 -1.8098469439787573e-01 1.0801644586918524e+01 2.9316070636232024e-05
-7.9511116915703706e-01 -1.7092998915354929e-01 1.0804050429102189e+01 2.9135427383920732e-05
-7.9511116915703706e-01 -1.6087528390922284e-01 1.0806404422160236e+01 2.8965573735213555e-05
-7.9511116915703706e-01 -1.5082057866489645e-01 1.0808695138473656e+01 2.8806464597083744e-05
-7.9511116915703706e-01 -1.4076587342057001e-01 1.0810911048985719e+01 2.8658045220462143e-05
-7.9511116915703706e-01 -1.3071116817624356e-01 1.0813040577867131e+01 2.8520253994571521e-05
-7.9511116915703706e-01 -1.2065646293191713e-01 1.0815072165584372e+01 2.8393024907779256e-05
-7.9511116915703706e-01 -1.1060175768759069e-01 1.0816994342051174e+01 2.8276289706172427e-05
-7.9511116915703706e-01 -1.0054705244326431e-01 1.0818795811629361e+01 2.8169979778716981e-05
-7.9511116915703706e-01 -9.0492347198937867e-02 1.0820465551611086e+01 2.8074027795466872e-05
-7.9511116915703706e-01 -8.0437641954611422e-02 1.0821992925357534e+01 2.7988369123117509e-05
-7.9511116915703706e-01 -7.0382936710284977e-02 1.0823367810396311e+01 2.7912943039913103e-05
-7.9511116915703706e-01 -6.0328231465958525e-02 1.0824580740442133e+01 2.7847693769823341e-05
-7.9511116915703706e-01 -5.0273526221632080e-02 1.0825623058533106e+01 2.7792571353667968e-05
-7.9511116915703706e-01 -4.0218820977305711e-02 1.0826487076407917e+01 2.7747532372804715e-05
-7.9511116915703706e-01 -3.0164115732979262e-02 1.0827166233156587e+01 2.7712540538826588e-05
-7.9511116915703706e-01 -2.0109410488652817e-02 1.0827655244429986e+01 2.7687567160613637e-05
-7.9511116915703706e-01 -1.0054705244326374e-02 1.0827950232504540e+01 2.7672591498019745e-05
-7.9511116915703706e-01 7.1065644079062674e-17 1.0828048827628407e+01 2.7667601009392862e-05
-7.9511116915703706e-01 1.0054705244326445e-02 1.0827950232504532e+01 2.7672591498020877e-05
-7.9511116915703706e-01 2.0109410488652890e-02 1.0827655244429979e+01 2.7687567160614237e-05
-7.9511116915703706e-01 3.0164115732979335e-02 1.0827166233156595e+01 2.7712540538827421e-05
-7.9511116915703706e-01 4.0218820977305780e-02 1.0826487076407908e+01 2.7747532372803441e-05
-7.9511116915703706e-01 5.0273526221632225e-02 1.0825623058533116e+01 2.7792571353667826e-05
-7.9511116915703706e-01 6.0328231465958670e-02 1.0824580740442137e+01 2.7847693769825069e-05
-7.9511116915703706e-01 7.0382936710285046e-02 1.0823367810396309e+01 2.7912943039913788e-05
-7.9511116915703706e-01 8.0437641954611491e-02 1.0821992925357543e+01 2.7988369123116466e-05
-7.9511116915703706e-01 9.0492347198937936e-02 1.0820465551611090e+01 2.8074027795466388e-05
-7.9511116915703706e-01 1.0054705244326438e-01 1.0818795811629368e+01 2.8169979778716791e-05
-7.9511116915703706e-01 1.1060175768759083e-01 1.0816994342051180e+01 2.8276289706172983e-05
-7.9511116915703706e-01 1.2065646293191720e-01 1.0815072165584361e+01 2.8393024907779422e-05
-7.9511116915703706e-01 1.3071116817624365e-01 1.0813040577867131e+01 2.8520253994572700e-05
-7.9511116915703706e-01 1.4076587342057009e-01 1.0810911048985716e+01 2.8658045220461807e-05
-7.9511116915703706e-01 1.5082057866489645e-01 1.0808695138473668e+01 2.8806464597084608e-05
-7.9511116915703706e-01 1.6087528390922298e-01 1.0806404422160240e+01 2.8965573735214707e-05
-7.9511116915703706e-01 1.7092998915354934e-01 1.0804050429102194e+01 2.9135427383919448e-05
-7.9511116915703706e-01 1.8098469439787587e-01 1.0801644586918531e+01 2.9316070636231265e-05
-7.9511116915703706e-01 1.9103939964220223e-01 1.0799198174059464e+01 2.9507535767445566e-05
-7.9511116915703706e-01 2.0109410488652862e-01 1.0796722277803417e+01 2.9709838669339579e-05
-7.9511116915703706e-01 2.1114881013085512e-01 1.0794227757038067e+01 2.9922974840186489e-05
-7.9511116915703706e-01 2.2120351537518151e-01 1.0791725209114126e+01 3.0146914886432399e-05
-7.9511116915703706e-01 2.3125822061950801e-01 1.0789224940246816e+01 3.0381599486856680e-05
-7.9511116915703706e-01 2.4131292586383440e-01 1.0786736939079818e+01 3.0626933763456708e-05
-7.9511116915703706e-01 2.5136763110816079e-01 1.0784270853121223e+01 3.0882780994573246e-05
-7.9511116915703706e-01 2.6142233635248729e-01 1.0781835967819910e+01 3.1148955594033076e-05
-7.9511116915703706e-01 2.7147704159681368e-01 1.0779441188079460e+01 3.1425215264070287e-05
-7.9511116915703706e-01 2.8153174684114018e-01 1.0777095022015551e+01 3.1711252207968596e-05
-7.9511116915703706e-01 2.9158645208546657e-01 1.0774805566756262e+01 3.2006683258564457e-05
-7.9511116915703706e-01 3.0164115732979291e-01 1.0772580496067443e+01 3.2311038738497859e-05
-7.9511116915703706e-01 3.1169586257411946e-01 1.0770427049561908e+01 3.2623749813618966e-05
-7.9511116915703706e-01 3.2175056781844580e-01 1.0768352023222194e+01 3.2944134028302266e-05
-7.9511116915703706e-01 3.3180527306277235e-01 1.0766361760932334e+01 3.3271378615308105e-05
-7.9511116915703706e-01 3.4185997830709869e-01 1.0764462146675941e+01 3.3604521047260987e-05
-7.9511116915703706e-01 3.5191468355142524e-01 1.0762658597012692e+01 3.3942426136099899e-05
-7.9511116915703706e-01 3.6196938879575158e-01 1.0760956053395681e+01 3.4283758786383251e-05
-7.9511116915703706e-01 3.7202409404007797e-01 1.0759358973837424e+01 3.4626951269362459e-05
-7.9511116915703706e-01 3.8207879928440447e-01 1.0757871323380183e+01 3.4970163622594761e-05
-7.9511116915703706e-01 3.9213350452873086e-01 1.0756496562794720e+01 3.5311235542375556e-05
-7.9511116915703706e-01 4.0218820977305736e-01 1.0755237634958007e+01 3.5647628041289655e-05
-7.9511116915703706e-01 4.1224291501738375e-01 1.0754096948535786e+01 3.5976353454981831e-05
-7.9511116915703706e-01 4.2229762026171014e-01 1.0753076359090802e+01 3.6293893653963092e-05
-7.9511116915703706e-01 4.3235232550603664e-01 1.0752177148903494e+01 3.6596109645375048e-05
-7.9511116915703706e-01 4.4240703075036303e-01 1.0751400009200507e+01 3.6878153035032937e-05
-7.9511116915703706e-01 4.5246173599468953e-01 1.0750745022959389e+01 3.7134379390833244e-05
-7.9511116915703706e-01 4.6251644123901592e-01 1.0750210808639650e+01 3.7356217118521966e-05
-7.9511116915703706e-01 4.7257114648334225e-01 1.0749770447840689e+01 3.7473219576506959e-05
-7.9511116915703706e-01 4.8262585172766881e-01 1.0749310479008967e+01 3.7219206569894962e-05
-7.9511116915703706e-01 4.9268055697199514e-01 1.0749280998229660e+01 3.8064560418751648e-05
-7.9511116915703706e-01 5.0273526221632159e-01 1.0749419174750312e+01 3.8877433005378000e-05
-7.7704046076710442e-01 -5.0273526221632159e-01 1.0777259642233773e+01 3.7831662552295712e-05
-7.7704046076710442e-01 -4.9268055697199509e-01 1.0777136284494098e+01 3.7030193165670094e-05
-7.7704046076710442e-01 -4.8262585172766864e-01 1.0777201799481361e+01 3.6210033586848886e-05
-7.7704046076710442e-01 -4.7257114648334225e-01 1.0777707697623926e+01 3.6477516745796160e-05
-7.7704046076710442e-01 -4.6251644123901581e-01 1.0778207669485917e+01 3.6357690383465380e-05
-7.7704046076710442e-01 -4.5246173599468936e-01 1.0778817871461467e+01 3.6129448789559598e-05
-7.7704046076710442e-01 -4.4240703075036292e-01 1.0779565704457044e+01 3.5865993171959648e-05
-7.7704046076710442e-01 -4.3235232550603647e-01 1.0780452527671395e+01 3.5576220265964816e-05
-7.7704046076710442e-01 -4.2229762026171014e-01 1.0781478193377444e+01 3.5265977906317320e-05
-7.7704046076710442e-01 -4.1224291501738369e-01 1.0782641918089867e+01 3.4940280409086027e-05
-7.7704046076710442e-01 -4.0218820977305725e-01 1.0783942298478202e+01 3.4603399961592878e-05
-7.7704046076710442e-01 -3.9213350452873080e-01 1.0785377327697308e+01 3.4258959839967337e-05
-7.7704046076710442e-01 -3.8207879928440436e-01 1.0786944413978166e+01 3.3910029354842964e-05
-7.7704046076710442e-01 -3.7202409404007797e-01 1.0788640397707095e+01 3.3559209665408680e-05
-7.7704046076710442e-01 -3.6196938879575147e-01 1.0790461565685115e+01 3.3208707190112966e-05
-7.7704046076710442e-01 -3.5191468355142508e-01 1.0792403662451381e+01 3.2860394798706070e-05
-7.7704046076710442e-01 -3.4185997830709863e-01 1.0794461899064167e+01 3.2515862283481979e-05
-7.7704046076710442e-01 -3.3180527306277219e-01 1.0796630959912680e+01 3.2176457923088010e-05
-7.7704046076710442e-01 -3.2175056781844580e-01 1.0798905008163770e+01 3.1843322847077509e-05
-7.7704046076710442e-01 -3.1169586257411935e-01 1.0801277690415681e+01 3.1517419658124952e-05
-7.7704046076710442e-01 -3.0164115732979291e-01 1.0803742141078203e+01 3.1199556493503728e-05
-7.7704046076710442e-01 -2.9158645208546646e-01 1.0806290986940597e+01 3.0890407457570272e-05
-7.7704046076710442e-01 -2.8153174684114002e-01 1.0808916352332449e+01 3.0590530147922385e-05
-7.7704046076710442e-01 -2.7147704159681363e-01 1.0811609865226925e+01 3.0300380830627861e-05
-7.7704046076710442e-01 -2.6142233635248718e-01 1.0814362664581768e+01 3.0020327689704562e-05
-7.7704046076710442e-01 -2.5136763110816074e-01 1.0817165409156299e+01 2.9750662476359504e-05
-7.7704046076710442e-01 -2.4131292586383432e-01 1.0820008287982896e+01 2.9491610808459407e-05
-7.7704046076710442e-01 -2.3125822061950788e-01 1.0822881032608116e+01 2.9243341314348066e-05
-7.7704046076710442e-01 -2.2120351537518143e-01 1.0825772931152729e+01 2.9005973773670342e-05
-7.7704046076710442e-01 -2.1114881013085501e-01 1.0828672844179017e+01 2.8779586376972436e-05
-7.7704046076710442e-01 -2.0109410488652857e-01 1.0831569222303090e+01 2.8564222203354542e-05
-7.7704046076710442e-01 -1.9103939964220218e-01 1.0834450125468289e+01 2.8359894998695121e-05
-7.7704046076710442e-01 -1.8098469439787573e-01 1.0837303243823039e+01 2.8166594324730774e-05
-7.7704046076710442e-01 -1.7092998915354929e-01 1.0840115920251032e+01 2.7984290139966389e-05
-7.7704046076710442e-01 -1.6087528390922284e-01 1.0842875174823272e+01 2.7812936866421221e-05
-7.7704046076710442e-01 -1.5082057866489645e-01 1.0845567731818331e+01 2.7652476990594973e-05
-7.7704046076710442e-01 -1.4076587342057001e-01 1.0848180050531587e+01 2.7502844242652958e-05
-7.7704046076710442e-01 -1.3071116817624356e-01 1.0850698361892213e+01 2.7363966394005413e-05
-7.7704046076710442e-01 -1.2065646293191713e-01 1.0853108713924790e+01 2.7235767710186976e-05
-7.7704046076710442e-01 -1.1060175768759069e-01 1.0855397030271078e+01 2.7118171092974105e-05
-7.7704046076710442e-01 -1.0054705244326431e-01 1.0857549187181943e+01 2.7011099942874295e-05
-7.7704046076710442e-01 -9.0492347198937867e-02 1.0859551115347051e+01 2.6914479770515163e-05
-7.7704046076710442e-01 -8.0437641954611422e-02 1.0861388933275999e+01 2.6828239582962388e-05
-7.7704046076710442e-01 -7.0382936710284977e-02 1.0863049118220724e+01 2.6752313068447123e-05
-7.7704046076710442e-01 -6.0328231465958525e-02 1.0864518718365597e+01 2.6686639600659465e-05
-7.7704046076710442e-01 -5.0273526221632080e-02 1.0865785605895731e+01 2.6631165081406413e-05
-7.7704046076710442e-01 -4.0218820977305711e-02 1.0866838764618304e+01 2.6585842638003272e-05
-7.7704046076710442e-01 -3.0164115732979262e-02 1.0867668598638819e+01 2.6550633189678717e-05
-7.7704046076710442e-01 -2.0109410488652817e-02 1.0868267241394886e+01 2.6525505894790023e-05
-7.7704046076710442e-01 -1.0054705244326374e-02 1.0868628838832201e+01 2.6510438488714107e-05
-7.7704046076710442e-01 7.1065644079062674e-17 1.0868749778470141e+01 2.6505417519777193e-05
-7.7704046076710442e-01 1.0054705244326445e-02 1.0868628838832205e+01 2.6510438488713907e-05
-7.7704046076710442e-01 2.0109410488652890e-02 1.0868267241394882e+01 2.6525505894791605e-05
-7.7704046076710442e-01 3.0164115732979335e-02 1.0867668598638810e+01 2.6550633189677565e-05
-7.7704046076710442e-01 4.0218820977305780e-02 1.0866838764618313e+01 2.6585842638003756e-05
-7.7704046076710442e-01 5.0273526221632225e-02 1.0865785605895724e+01 2.6631165081405044e-05
-7.7704046076710442e-01 6.0328231465958670e-02 1.0864518718365606e+01 2.6686639600659499e-05
-7.7704046076710442e-01 7.0382936710285046e-02 1.0863049118220729e+01 2.6752313068445019e-05
-7.7704046076710442e-01 8.0437641954611491e-02 1.0861388933276004e+01 2.6828239582961984e-05
-7.7704046076710442e-01 9.0492347198937936e-02 1.0859551115347049e+01 2.6914479770514624e-05
-7.7704046076710442e-01 1.0054705244326438e-01 1.0857549187181956e+01 2.7011099942871944e-05
-7.7704046076710442e-01 1.1060175768759083e-01 1.0855397030271071e+01 2.7118171092974322e-05
-7.7704046076710442e-01 1.2065646293191720e-01 1.0853108713924792e+01 2.7235767710185224e-05
-7.7704046076710442e-01 1.3071116817624365e-01 1.0850698361892221e+01 2.7363966394005400e-05
-7.7704046076710442e-01 1.4076587342057009e-01 1.0848180050531591e+01 2.7502844242655475e-05
-7.7704046076710442e-01 1.5082057866489645e-01 1.0845567731818328e+01 2.7652476990595336e-05
-7.7704046076710442e-01 1.6087528390922298e-01 1.0842875174823266e+01 2.7812936866419452e-05
-7.7704046076710442e-01 1.7092998915354934e-01 1.0840115920251032e+01 2.7984290139965122e-05
-7.7704046076710442e-01 1.8098469439787587e-01 1.0837303243823051e+01 2.8166594324730093e-05
-7.7704046076710442e-01 1.9103939964220223e-01 1.0834450125468292e+01 2.8359894998696066e-05
-7.7704046076710442e-01 2.0109410488652862e-01 1.0831569222303083e+01 2.8564222203355169e-05
-7.7704046076710442e-01 2.1114881013085512e-01 1.0828672844179028e+01 2.8779586376972345e-05
-7.7704046076710442e-01 2.2120351537518151e-01 1.0825772931152718e+01 2.9005973773668638e-05
-7.7704046076710442e-01 2.3125822061950801e-01 1.0822881032608112e+01 2.9243341314348947e-05
-7.7704046076710442e-01 2.4131292586383440e-01 1.0820008287982912e+01 2.9491610808459255e-05
-7.7704046076710442e-01 2.5136763110816079e-01 1.0817165409156289e+01 2.9750662476359877e-05
-7.7704046076710442e-01 2.6142233635248729e-01 1.0814362664581770e+01 3.0020327689701648e-05
-7.7704046076710442e-01 2.7147704159681368e-01 1.0811609865226931e+01 3.0300380830629057e-05
-7.7704046076710442e-01 2.8153174684114018e-01 1.0808916352332453e+01 3.0590530147920718e-05
-7.7704046076710442e-01 2.9158645208546657e-01 1.0806290986940605e+01 3.0890407457569533e-05
-7.7704046076710442e-01 3.0164115732979291e-01 1.0803742141078205e+01 3.1199556493502637e-05
-7.7704046076710442e-01 3.1169586257411946e-01 1.0801277690415686e+01 3.1517419658127832e-05
-7.7704046076710442e-01 3.2175056781844580e-01 1.0798905008163768e+01 3.1843322847078627e-05
-7.7704046076710442e-01 3.3180527306277235e-01 1.0796630959912685e+01 3.2176457923088512e-05
-7.7704046076710442e-01 3.4185997830709869e-01 1.0794461899064167e+01 3.2515862283482291e-05
-7.7704046076710442e-01 3.5191468355142524e-01 1.0792403662451372e+01 3.2860394798706626e-05
-7.7704046076710442e-01 3.6196938879575158e-01 1.0790461565685096e+01 3.3208707190113345e-05
-7.7704046076710442e-01 3.7202409404007797e-01 1.0788640397707089e+01 3.3559209665407704e-05
-7.7704046076710442e-01 3.8207879928440447e-01 1.0786944413978176e+01 3.3910029354843005e-05
-7.7704046076710442e-01 3.9213350452873086e-01 1.0785377327697320e+01 3.4258959839967527e-05
-7.7704046076710442e-01 4.0218820977305736e-01 1.0783942298478205e+01 3.4603399961592194e-05
-7.7704046076710442e-01 4.1224291501738375e-01 1.0782641918089869e+01 3.4940280409085756e-05
-7.7704046076710442e-01 4.2229762026171014e-01 1.0781478193377438e+01 3.5265977906317713e-05
-7.7704046076710442e-01 4.3235232550603664e-01 1.0780452527671395e+01 3.5576220265963034e-05
-7.7704046076710442e-01 4.4240703075036303e-01 1.0779565704457038e+01 3.5865993171960576e-05
-7.7704046076710442e-01 4.5246173599468953e-01 1.0778817871461456e+01 3.6129448789559483e-05
-7.7704046076710442e-01 4.6251644123901592e-01 1.0778207669485916e+01 3.6357690383465183e-05
-7.7704046076710442e-01 4.7257114648334225e-01 1.0777707697623921e+01 3.6477516745796567e-05
-7.7704046076710442e-01 4.8262585172766881e-01 1.0777201799481363e+01 3.6210033586848438e-05
-7.7704046076710442e-01 4.9268055697199514e-01 1.0777136284494105e+01 3.7030193165668427e-05
-7.7704046076710442e-01 5.0273526221632159e-01 1.0777259642233775e+01 3.7831662552295448e-05
-7.5896975237717179e-01 -5.0273526221632159e-01 1.0809011453188029e+01 3.6695650600412676e-05
-7.5896975237717179e-01 -4.9268055697199509e-01 1.0808905678856654e+01 3.5910481706935869e-05
-7.5896975237717179e-01 -4.8262585172766864e-01 1.0809013858640990e+01 3.5124122225027582e-05
-7.5896975237717179e-01 -4.7257114648334225e-01 1.0809574090631761e+01 3.5408392962588878e-05
-7.5896975237717179e-01 -4.6251644123901581e-01 1.0810144679643830e+01 3.5285973414823619e-05
-7.5896975237717179e-01 -4.5246173599468936e-01 1.0810844926588727e+01 3.5050990897230979e-05
-7.5896975237717179e-01 -4.4240703075036292e-01 1.0811702804411388e+01 3.4779885694026021e-05
-7.5896975237717179e-01 -4.3235232550603647e-01 1.0812719662564712e+01 3.4481906170444472e-05
-7.5896975237717179e-01 -4.2229762026171014e-01 1.0813895298515124e+01 3.4163115218169896e-05
-7.5896975237717179e-01 -4.1224291501738369e-01 1.0815228846018185e+01 3.3828704913577971e-05
-7.5896975237717179e-01 -4.0218820977305725e-01 1.0816718789349888e+01 3.3483092088775520e-05
-7.5896975237717179e-01 -3.9213350452873080e-01 1.0818362977793825e+01 3.3130015736032719e-05
-7.5896975237717179e-01 -3.8207879928440436e-01 1.0820158642244392e+01 3.2772636228037563e-05
-7.5896975237717179e-01 -3.7202409404007797e-01 1.0822102410059918e+01 3.2413625041716684e-05
-7.5896975237717179e-01 -3.6196938879575147e-01 1.0824190316826474e+01 3.2055241571366552e-05
-7.5896975237717179e-01 -3.5191468355142508e-01 1.0826417814922507e+01 3.1699397216102434e-05
-7.5896975237717179e-01 -3.4185997830709863e-01 1.0828779779303837e+01 3.1347708295133350e-05
-7.5896975237717179e-01 -3.3180527306277219e-01 1.0831270511122215e+01 3.1001539673721093e-05
-7.5896975237717179e-01 -3.2175056781844580e-01 1.0833883739829453e+01 3.0662040873808040e-05
-7.5896975237717179e-01 -3.1169586257411935e-01 1.0836612624394130e+01 3.0330176181985372e-05
-7.5896975237717179e-01 -3.0164115732979291e-01 1.0839449754209458e+01 3.0006749981214295e-05
-7.5896975237717179e-01 -2.9158645208546646e-01 1.0842387150214851e+01 2.9692428273082823e-05
-7.5896975237717179e-01 -2.8153174684114002e-01 1.0845416266694730e+01 2.9387757140432231e-05
-7.5896975237717179e-01 -2.7147704159681363e-01 1.0848527994154187e+01 2.9093178726916907e-05
-7.5896975237717179e-01 -2.6142233635248718e-01 1.0851712663597432e+01 2.8809045175476988e-05
-7.5896975237717179e-01 -2.5136763110816074e-01 1.0854960052445842e+01 2.8535630864998320e-05
-7.5896975237717179e-01 -2.4131292586383432e-01 1.0858259392218997e+01 2.8273143207051545e-05
-7.5896975237717179e-01 -2.3125822061950788e-01 1.0861599377961424e+01 2.8021732207007457e-05
-7.5896975237717179e-01 -2.2120351537518143e-01 1.0864968179220178e+01 2.7781498951028186e-05
-7.5896975237717179e-01 -2.1114881013085501e-01 1.0868353452166845e+01 2.7552503148947372e-05
-7.5896975237717179e-01 -2.0109410488652857e-01 1.0871742352213014e+01 2.7334769839768467e-05
-7.5896975237717179e-01 -1.9103939964220218e-01 1.0875121546208955e+01 2.7128295349337210e-05
-7.5896975237717179e-01 -1.8098469439787573e-01 1.0878477223070114e+01 2.6933052576850759e-05
-7.5896975237717179e-01 -1.7092998915354929e-01 1.0881795101503439e+01 2.6748995677210790e-05
-7.5896975237717179e-01 -1.6087528390922284e-01 1.0885060433490457e+01 2.6576064198613789e-05
-7.5896975237717179e-01 -1.5082057866489645e-01 1.0888258002457405e+01 2.6414186728797045e-05
-7.5896975237717179e-01 -1.4076587342057001e-01 1.0891372115796614e+01 2.6263284098421318e-05
-7.5896975237717179e-01 -1.3071116817624356e-01 1.0894386592808967e+01 2.6123272185768909e-05
-7.5896975237717179e-01 -1.2065646293191713e-01 1.0897284751438654e+01 2.5994064363298954e-05
-7.5896975237717179e-01 -1.1060175768759069e-01 1.0900049400539583e+01 2.5875573623093306e-05
-7.5896975237717179e-01 -1.0054705244326431e-01 1.0902662848864168e+01 2.5767714415124121e-05
-7.5896975237717179e-01 -9.0492347198937867e-02 1.0905106947192888e+01 2.5670404229298434e-05
-7.5896975237717179e-01 -8.0437641954611422e-02 1.0907363185210963e+01 2.5583564949247549e-05
-7.5896975237717179e-01 -7.0382936710284977e-02 1.0909412868391778e+01 2.5507124003271645e-05
-7.5896975237717179e-01 -6.0328231465958525e-02 1.0911237400098535e+01 2.5441015334955324e-05
-7.5896975237717179e-01 -5.0273526221632080e-02 1.0912818687860373e+01 2.5385180213529726e-05
-7.5896975237717179e-01 -4.0218820977305711e-02 1.0914139678307896e+01 2.5339567901447408e-05
-7.5896975237717179e-01 -3.0164115732979262e-02 1.0915185002335612e+01 2.5304136194210512e-05
-7.5896975237717179e-01 -2.0109410488652817e-02 1.0915941683588914e+01 2.5278851845004062e-05
-7.5896975237717179e-01 -1.0054705244326374e-02 1.0916399835923514e+01 2.5263690884477234e-05
-7.5896975237717179e-01 7.1065644079062674e-17 1.0916553258176645e+01 2.5258638843476357e-05
-7.5896975237717179e-01 1.0054705244326445e-02 1.0916399835923505e+01 2.5263690884475520e-05
-7.5896975237717179e-01 2.0109410488652890e-02 1.0915941683588905e+01 2.5278851845007118e-05
-7.5896975237717179e-01 3.0164115732979335e-02 1.0915185002335617e+01 2.5304136194209109e-05
-7.5896975237717179e-01 4.0218820977305780e-02 1.0914139678307896e+01 2.5339567901449085e-05
-7.5896975237717179e-01 5.0273526221632225e-02 1.0912818687860367e+01 2.5385180213530363e-05
-7.5896975237717179e-01 6.0328231465958670e-02 1.0911237400098521e+01 2.5441015334956763e-05
-7.5896975237717179e-01 7.0382936710285046e-02 1.0909412868391787e+01 2.5507124003272394e-05
-7.5896975237717179e-01 8.0437641954611491e-02 1.0907363185210961e+01 2.5583564949247284e-05
-7.5896975237717179e-01 9.0492347198937936e-02 1.0905106947192882e+01 2.5670404229299390e-05
-7.5896975237717179e-01 1.0054705244326438e-01 1.0902662848864168e+01 2.5767714415126831e-05
-7.5896975237717179e-01 1.1060175768759083e-01 1.0900049400539579e+01 2.5875573623092645e-05
-7.5896975237717179e-01 1.2065646293191720e-01 1.0897284751438654e+01 2.5994064363297876e-05
-7.5896975237717179e-01 1.3071116817624365e-01 1.0894386592808972e+01 2.6123272185768584e-05
-7.5896975237717179e-01 1.4076587342057009e-01 1.0891372115796603e+01 2.6263284098421311e-05
-7.5896975237717179e-01 1.5082057866489645e-01 1.0888258002457400e+01 2.6414186728798244e-05
-7.5896975237717179e-01 1.6087528390922298e-01 1.0885060433490446e+01 2.6576064198614009e-05
-7.5896975237717179e-01 1.7092998915354934e-01 1.0881795101503439e+01 2.6748995677209537e-05
-7.5896975237717179e-01 1.8098469439787587e-01 1.0878477223070115e+01 2.6933052576852317e-05
-7.5896975237717179e-01 1.9103939964220223e-01 1.0875121546208955e+01 2.7128295349338196e-05
-7.5896975237717179e-01 2.0109410488652862e-01 1.0871742352213010e+01 2.7334769839767498e-05
-7.5896975237717179e-01 2.1114881013085512e-01 1.0868353452166831e+01 2.7552503148948303e-05
-7.5896975237717179e-01 2.2120351537518151e-01 1.0864968179220176e+01 2.7781498951026434e-05
-7.5896975237717179e-01 2.3125822061950801e-01 1.0861599377961420e+01 2.8021732207007060e-05
-7.5896975237717179e-01 2.4131292586383440e-01 1.0858259392219004e+01 2.8273143207051718e-05
-7.5896975237717179e-01 2.5136763110816079e-01 1.0854960052445843e+01 2.8535630864997032e-05
-7.5896975237717179e-01 2.6142233635248729e-01 1.0851712663597434e+01 2.8809045175479004e-05
-7.5896975237717179e-01 2.7147704159681368e-01 1.0848527994154168e+01 2.9093178726915802e-05
-7.5896975237717179e-01 2.8153174684114018e-01 1.0845416266694738e+01 2.9387757140432966e-05
-7.5896975237717179e-01 2.9158645208546657e-01 1.0842387150214849e+01 2.9692428273083528e-05
-7.5896975237717179e-01 3.0164115732979291e-01 1.0839449754209461e+01 3.0006749981212950e-05
-7.5896975237717179e-01 3.1169586257411946e-01 1.0836612624394119e+01 3.0330176181986266e-05
-7.5896975237717179e-01 3.2175056781844580e-01 1.0833883739829448e+01 3.0662040873809524e-05
-7.5896975237717179e-01 3.3180527306277235e-01 1.0831270511122208e+01 3.1001539673719975e-05
-7.5896975237717179e-01 3.4185997830709869e-01 1.0828779779303835e+01 3.1347708295133892e-05
-7.5896975237717179e-01 3.5191468355142524e-01 1.0826417814922507e+01 3.1699397216101112e-05
-7.5896975237717179e-01 3.6196938879575158e-01 1.0824190316826469e+01 3.2055241571366389e-05
-7.5896975237717179e-01 3.7202409404007797e-01 1.0822102410059923e+01 3.2413625041716155e-05
-7.5896975237717179e-01 3.8207879928440447e-01 1.0820158642244399e+01 3.2772636228036574e-05
-7.5896975237717179e-01 3.9213350452873086e-01 1.0818362977793823e+01 3.3130015736034569e-05
-7.5896975237717179e-01 4.0218820977305736e-01 1.0816718789349885e+01 3.3483092088774517e-05
-7.5896975237717179e-01 4.1224291501738375e-01 1.0815228846018183e+01 3.3828704913574806e-05
-7.5896975237717179e-01 4.2229762026171014e-01 1.0813895298515117e+01 3.4163115218168744e-05
-7.5896975237717179e-01 4.3235232550603664e-01 1.0812719662564707e+01 3.4481906170446796e-05
-7.5896975237717179e-01 4.4240703075036303e-01 1.0811702804411379e+01 3.4779885694025290e-05
-7.5896975237717179e-01 4.5246173599468953e-01 1.0810844926588727e+01 3.5050990897231657e-05
-7.5896975237717179e-01 4.6251644123901592e-01 1.0810144679643825e+01 3.5285973414824398e-05
-7.5896975237717179e-01 4.7257114648334225e-01 1.0809574090631763e+01 3.5408392962588295e-05
-7.5896975237717179e-01 4.8262585172766881e-01 1.0809013858640975e+01 3.5124122225027155e-05
-7.5896975237717179e-01 4.9268055697199514e-01 1.0808905678856656e+01 3.5910481706933788e-05
-7.5896975237717179e-01 5.0273526221632159e-01 1.0809011453188029e+01 3.6695650600412533e-05
-7.4089904398723916e-01 -5.0273526221632159e-01 1.0844503451714852e+01 3.5483248123561836e-05
-7.4089904398723916e-01 -4.9268055697199509e-01 1.0844418041512204e+01 3.4719059121334494e-05
-7.4089904398723916e-01 -4.8262585172766864e-01 1.0844575690370027e+01 3.3975002516143604e-05
-7.4089904398723916e-01 -4.7257114648334225e-01 1.0845199130863030e+01 3.4279812562215513e-05
-7.4089904398723916e-01 -4.6251644123901581e-01 1.0845852012268621e+01 3.4155323249064249e-05
-7.4089904398723916e-01 -4.5246173599468936e-01 1.0846657229343219e+01 3.3913557822683151e-05
-7.4089904398723916e-01 -4.4240703075036292e-01 1.0847643422278407e+01 3.3634702944164679e-05
-7.4089904398723916e-01 -4.3235232550603647e-01 1.0848811950482043e+01 3.3328373922082726e-05
-7.4089904398723916e-01 -4.2229762026171014e-01 1.0850162575076981e+01 3.3000850279773364e-05
-7.4089904398723916e-01 -4.1224291501738369e-01 1.0851694366534874e+01 3.2657505904456764e-05
-7.4089904398723916e-01 -4.0218820977305725e-01 1.0853405716848703e+01 3.2302908024794606e-05
-7.4089904398723916e-01 -3.9213350452873080e-01 1.0855294351755088e+01 3.1940918016474086e-05
-7.4089904398723916e-01 -3.8207879928440436e-01 1.0857357344884027e+01 3.1574794303072202e-05
-7.4089904398723916e-01 -3.7202409404007797e-01 1.0859591129861013e+01 3.1207285556193432e-05
-7.4089904398723916e-01 -3.6196938879575147e-01 1.0861991508992595e+01 3.0840710604835096e-05
-7.4089904398723916e-01 -3.5191468355142508e-01 1.0864553658441114e+01 3.0477025212922187e-05
-7.4089904398723916e-01 -3.4185997830709863e-01 1.0867272130353845e+01 3.0117877313569204e-05
-7.4089904398723916e-01 -3.3180527306277219e-01 1.0870140852624305e+01 2.9764652635839158e-05
-7.4089904398723916e-01 -3.2175056781844580e-01 1.0873153127020831e+01 2.9418512549667529e-05
-7.4089904398723916e-01 -3.1169586257411935e-01 1.0876301626410212e+01 2.9080425685010407e-05
-7.4089904398723916e-01 -3.0164115732979291e-01 1.0879578391773888e+01 2.8751194585843410e-05
-7.4089904398723916e-01 -2.9158645208546646e-01 1.0882974829678634e+01 2.8431478391702591e-05
-7.4089904398723916e-01 -2.8153174684114002e-01 1.0886481710822562e+01 2.8121812316407296e-05
-7.4089904398723916e-01 -2.7147704159681363e-01 1.0890089170228626e+01 2.7822624515762013e-05
-7.4089904398723916e-01 -2.6142233635248718e-01 1.0893786709589719e+01 2.7534250798562393e-05
-7.4089904398723916e-01 -2.5136763110816074e-01 1.0897563202169298e+01 2.7256947530599522e-05
-7.4089904398723916e-01 -2.4131292586383432e-01 1.0901406900511782e+01 2.6990903002945731e-05
-7.4089904398723916e-01 -2.3125822061950788e-01 1.0905305446995042e+01 2.6736247477428744e-05
-7.4089904398723916e-01 -2.2120351537518143e-01 1.0909245886938596e+01 2.6493062079104158e-05
-7.4089904398723916e-01 -2.1114881013085501e-01 1.0913214683536504e+01 2.6261386673715906e-05
-7.4089904398723916e-01 -2.0109410488652857e-01 1.0917197733284601e+01 2.6041226844560368e-05
-7.4089904398723916e-01 -1.9103939964220218e-01 1.0921180379794116e+01 2.5832560065739428e-05
-7.4089904398723916e-01 -1.8098469439787573e-01 1.0925147422918373e+01 2.5635341155496388e-05
-7.4089904398723916e-01 -1.7092998915354929e-01 1.0929083118992418e+01 2.5449507083312206e-05
-7.4089904398723916e-01 -1.6087528390922284e-01 1.0932971166780906e+01 2.5274981196341003e-05
-7.4089904398723916e-01 -1.5082057866489645e-01 1.0936794672638987e+01 2.5111676924283548e-05
-7.4089904398723916e-01 -1.4076587342057001e-01 1.0940536087763624e+01 2.4959501016427303e-05
-7.4089904398723916e-01 -1.3071116817624356e-01 1.0944177110832769e+01 2.4818356359672828e-05
-7.4089904398723916e-01 -1.2065646293191713e-01 1.0947698551673360e+01 2.4688144422294238e-05
-7.4089904398723916e-01 -1.1060175768759069e-01 1.0951080157054790e+01 2.4568767364121992e-05
-7.4089904398723916e-01 -1.0054705244326431e-01 1.0954300409654024e+01 2.4460129850382091e-05
-7.4089904398723916e-01 -9.0492347198937867e-02 1.0957336326885782e+01 2.4362140602864639e-05
-7.4089904398723916e-01 -8.0437641954611422e-02 1.0960163307866297e+01 2.4274713718937431e-05
-7.4089904398723916e-01 -7.0382936710284977e-02 1.0962755102245668e+01 2.4197769785744637e-05
-7.4089904398723916e-01 -6.0328231465958525e-02 1.0965083998093744e+01 2.4131236813952610e-05
-7.4089904398723916e-01 -5.0273526221632080e-02 1.0967121336547757e+01 2.4075051012559285e-05
-7.4089904398723916e-01 -4.0218820977305711e-02 1.0968838443555951e+01 2.4029157423463832e-05
-7.4089904398723916e-01 -3.0164115732979262e-02 1.0970208009723608e+01 2.3993510431790746e-05
-7.4089904398723916e-01 -2.0109410488652817e-02 1.0971205844536968e+01 2.3968074165427778e-05
-7.4089904398723916e-01 -1.0054705244326374e-02 1.0971812799396236e+01 2.3952822794584863e-05
-7.4089904398723916e-01 7.1065644079062674e-17 1.0972016538971424e+01 2.3947740739841755e-05
-7.4089904398723916e-01 1.0054705244326445e-02 1.0971812799396222e+01 2.3952822794584236e-05
-7.4089904398723916e-01 2.0109410488652890e-02 1.0971205844536968e+01 2.3968074165426931e-05
-7.4089904398723916e-01 3.0164115732979335e-02 1.0970208009723615e+01 2.3993510431791929e-05
-7.4089904398723916e-01 4.0218820977305780e-02 1.0968838443555951e+01 2.4029157423463774e-05
-7.4089904398723916e-01 5.0273526221632225e-02 1.0967121336547756e+01 2.4075051012560362e-05
-7.4089904398723916e-01 6.0328231465958670e-02 1.0965083998093748e+01 2.4131236813953074e-05
-7.4089904398723916e-01 7.0382936710285046e-02 1.0962755102245655e+01 2.4197769785745312e-05
-7.4089904398723916e-01 8.0437641954611491e-02 1.0960163307866294e+01 2.4274713718938132e-05
-7.4089904398723916e-01 9.0492347198937936e-02 1.0957336326885786e+01 2.4362140602863423e-05
-7.4089904398723916e-01 1.0054705244326438e-01 1.0954300409654032e+01 2.4460129850380834e-05
-7.4089904398723916e-01 1.1060175768759083e-01 1.0951080157054793e+01 2.4568767364123815e-05
-7.4089904398723916e-01 1.2065646293191720e-01 1.0947698551673357e+01 2.4688144422293743e-05
-7.4089904398723916e-01 1.3071116817624365e-01 1.0944177110832776e+01 2.4818356359674319e-05
-7.4089904398723916e-01 1.4076587342057009e-01 1.0940536087763638e+01 2.4959501016425842e-05
-7.4089904398723916e-01 1.5082057866489645e-01 1.0936794672638994e+01 2.5111676924284087e-05
-7.4089904398723916e-01 1.6087528390922298e-01 1.0932971166780911e+01 2.5274981196340861e-05
-7.4089904398723916e-01 1.7092998915354934e-01 1.0929083118992423e+01 2.5449507083312897e-05
-7.4089904398723916e-01 1.8098469439787587e-01 1.0925147422918387e+01 2.5635341155497631e-05
-7.4089904398723916e-01 1.9103939964220223e-01 1.0921180379794114e+01 2.5832560065741386e-05
-7.4089904398723916e-01 2.0109410488652862e-01 1.0917197733284601e+01 2.6041226844563042e-05
-7.4089904398723916e-01 2.1114881013085512e-01 1.0913214683536493e+01 2.6261386673715980e-05
-7.4089904398723916e-01 2.2120351537518151e-01 1.0909245886938605e+01 2.6493062079103958e-05
-7.4089904398723916e-01 2.3125822061950801e-01 1.0905305446995035e+01 2.6736247477428886e-05
-7.4089904398723916e-01 2.4131292586383440e-01 1.0901406900511777e+01 2.6990903002946466e-05
-7.4089904398723916e-01 2.5136763110816079e-01 1.0897563202169300e+01 2.7256947530599902e-05
-7.4089904398723916e-01 2.6142233635248729e-01 1.0893786709589721e+01 2.7534250798561329e-05
-7.4089904398723916e-01 2.7147704159681368e-01 1.0890089170228618e+01 2.7822624515763480e-05
-7.4089904398723916e-01 2.8153174684114018e-01 1.0886481710822554e+01 2.8121812316409647e-05
-7.4089904398723916e-01 2.9158645208546657e-01 1.0882974829678627e+01 2.8431478391704329e-05
-7.4089904398723916e-01 3.0164115732979291e-01 1.0879578391773899e+01 2.8751194585843654e-05
-7.4089904398723916e-01 3.1169586257411946e-01 1.0876301626410211e+01 2.9080425685010705e-05
-7.4089904398723916e-01 3.2175056781844580e-01 1.0873153127020821e+01 2.9418512549666865e-05
-7.4089904398723916e-01 3.3180527306277235e-01 1.0870140852624305e+01 2.9764652635839036e-05
-7.4089904398723916e-01 3.4185997830709869e-01 1.0867272130353847e+01 3.0117877313569038e-05
-7.4089904398723916e-01 3.5191468355142524e-01 1.0864553658441107e+01 3.0477025212923715e-05
-7.4089904398723916e-01 3.6196938879575158e-01 1.0861991508992579e+01 3.0840710604836627e-05
-7.4089904398723916e-01 3.7202409404007797e-01 1.0859591129861016e+01 3.1207285556193757e-05
-7.4089904398723916e-01 3.8207879928440447e-01 1.0857357344884029e+01 3.1574794303071633e-05
-7.4089904398723916e-01 3.9213350452873086e-01 1.0855294351755099e+01 3.1940918016472521e-05
-7.4089904398723916e-01 4.0218820977305736e-01 1.0853405716848712e+01 3.2302908024797026e-05
-7.4089904398723916e-01 4.1224291501738375e-01 1.0851694366534886e+01 3.2657505904454921e-05
-7.4089904398723916e-01 4.2229762026171014e-01 1.0850162575076983e+01 3.3000850279773472e-05
-7.4089904398723916e-01 4.3235232550603664e-01 1.0848811950482043e+01 3.3328373922082659e-05
-7.4089904398723916e-01 4.4240703075036303e-01 1.0847643422278409e+01 3.3634702944163520e-05
-7.4089904398723916e-01 4.5246173599468953e-01 1.0846657229343208e+01 3.3913557822683416e-05
-7.4089904398723916e-01 4.6251644123901592e-01 1.0845852012268628e+01 3.4155323249064689e-05
-7.4089904398723916e-01 4.7257114648334225e-01 1.0845199130863030e+01 3.4279812562216278e-05
-7.4089904398723916e-01 4.8262585172766881e-01 1.0844575690370020e+01 3.3975002516141517e-05
-7.4089904398723916e-01 4.9268055697199514e-01 1.0844418041512212e+01 3.4719059121334311e-05
-7.4089904398723916e-01 5.0273526221632159e-01 1.0844503451714852e+01 3.5483248123562270e-05
-7.2282833559730642e-01 -5.0273526221632159e-01 1.0883535518618176e+01 3.4204097009036742e-05
-7.2282833559730642e-01 -4.9268055697199509e-01 1.0883473209740332e+01 3.3464857719720386e-05
-7.2282833559730642e-01 -4.8262585172766864e-01 1.0883687224785076e+01 3.2770861698041351e-05
-7.2282833559730642e-01 -4.7257114648334225e-01 1.0884383218787654e+01 3.3100406124578301e-05
-7.2282833559730642e-01 -4.6251644123901581e-01 1.0885130753883754e+01 3.2974702365816738e-05
-7.2282833559730642e-01 -4.5246173599468936e-01 1.0886056759425339e+01 3.2726453888611942e-05
-7.2282833559730642e-01 -4.4240703075036292e-01 1.0887190643276037e+01 3.2440122119795654e-05
-7.2282833559730642e-01 -4.3235232550603647e-01 1.0888533802529793e+01 3.2125690494325266e-05
-7.2282833559730642e-01 -4.2229762026171014e-01 1.0890085990333256e+01 3.1789644039612050e-05
-7.2282833559730642e-01 -4.1224291501738369e-01 1.0891846245277462e+01 3.1437532809699922e-05
-7.2282833559730642e-01 -4.0218820977305725e-01 1.0893812901191955e+01 3.1074073351316870e-05
-7.2282833559730642e-01 -3.9213350452873080e-01 1.0895983596612547e+01 3.0703251702595683e-05
-7.2282833559730642e-01 -3.8207879928440436e-01 1.0898355285849602e+01 3.0328428859873674e-05
-7.2282833559730642e-01 -3.7202409404007797e-01 1.0900924247591282e+01 2.9952436512914486e-05
-7.2282833559730642e-01 -3.6196938879575147e-01 1.0903686089661964e+01 2.9577659308095760e-05
-7.2282833559730642e-01 -3.5191468355142508e-01 1.0906635749876052e+01 2.9206103765644790e-05
-7.2282833559730642e-01 -3.4185997830709863e-01 1.0909767493514630e+01 2.8839455451239636e-05
-7.2282833559730642e-01 -3.3180527306277219e-01 1.0913074908191000e+01 2.8479126360924843e-05
-7.2282833559730642e-01 -3.2175056781844580e-01 1.0916550896955759e+01 2.8126294366341783e-05
-7.2282833559730642e-01 -3.1169586257411935e-01 1.0920187670519374e+01 2.7781936292315442e-05
-7.2282833559730642e-01 -3.0164115732979291e-01 1.0923976739484180e+01 2.7446855898273131e-05
-7.2282833559730642e-01 -2.9158645208546646e-01 1.0927908907494524e+01 2.7121707763311107e-05
-7.2282833559730642e-01 -2.8153174684114002e-01 1.0931974266237550e+01 2.6807017849502461e-05
-7.2282833559730642e-01 -2.7147704159681363e-01 1.0936162193250007e+01 2.6503201339480522e-05
-7.2282833559730642e-01 -2.6142233635248718e-01 1.0940461353498662e+01 2.6210578206745390e-05
-7.2282833559730642e-01 -2.5136763110816074e-01 1.0944859705681271e+01 2.5929386873225348e-05
-7.2282833559730642e-01 -2.4131292586383432e-01 1.0949344514115158e+01 2.5659796230798111e-05
-7.2282833559730642e-01 -2.3125822061950788e-01 1.0953902366899865e+01 2.5401916246085733e-05
-7.2282833559730642e-01 -2.2120351537518143e-01 1.0958519200703670e+01 2.5155807325257999e-05
-7.2282833559730642e-01 -2.1114881013085501e-01 1.0963180331954785e+01 2.4921488584286897e-05
-7.2282833559730642e-01 -2.0109410488652857e-01 1.0967870493314164e+01 2.4698945146893258e-05
-7.2282833559730642e-01 -1.9103939964220218e-01 1.0972573872935488e+01 2.4488134574871764e-05
-7.2282833559730642e-01 -1.8098469439787573e-01 1.0977274152016651e+01 2.4288992522300768e-05
-7.2282833559730642e-01 -1.7092998915354929e-01 1.0981954533327860e+01 2.4101437694593285e-05
-7.2282833559730642e-01 -1.6087528390922284e-01 1.0986597749581998e+01 2.3925376185082653e-05
-7.2282833559730642e-01 -1.5082057866489645e-01 1.0991186035580354e+01 2.3760705254723890e-05
-7.2282833559730642e-01 -1.4076587342057001e-01 1.0995701042103670e+01 2.3607316614568340e-05
-7.2282833559730642e-01 -1.3071116817624356e-01 1.1000123663052793e+01 2.3465099265336087e-05
-7.2282833559730642e-01 -1.2065646293191713e-01 1.1004433741742485e+01 2.3333941943591951e-05
-7.2282833559730642e-01 -1.1060175768759069e-01 1.1008609620330507e+01 2.3213735219555378e-05
-7.2282833559730642e-01 -1.0054705244326431e-01 1.1012627503132205e+01 2.3104373287485088e-05
-7.2282833559730642e-01 -9.0492347198937867e-02 1.1016460627849291e+01 2.3005755485647105e-05
-7.2282833559730642e-01 -8.0437641954611422e-02 1.1020078288848588e+01 2.2917787579067143e-05
-7.2282833559730642e-01 -7.0382936710284977e-02 1.1023444843569312e+01 2.2840382834932404e-05
-7.2282833559730642e-01 -6.0328231465958525e-02 1.1026518959022054e+01 2.2773462916976741e-05
-7.2282833559730642e-01 -5.0273526221632080e-02 1.1029253500450386e+01 2.2716958622079473e-05
-7.2282833559730642e-01 -4.0218820977305711e-02 1.1031596569953074e+01 2.2670810479112583e-05
-7.2282833559730642e-01 -3.0164115732979262e-02 1.1033494165804763e+01 2.2634969227369343e-05
-7.2282833559730642e-01 -2.0109410488652817e-02 1.1034894637315412e+01 2.2609396188704836e-05
-7.2282833559730642e-01 -1.0054705244326374e-02 1.1035754517636709e+01 2.2594063545173993e-05
-7.2282833559730642e-01 7.1065644079062674e-17 1.1036044585815311e+01 2.2588954530987388e-05
-7.2282833559730642e-01 1.0054705244326445e-02 1.1035754517636706e+01 2.2594063545169090e-05
-7.2282833559730642e-01 2.0109410488652890e-02 1.1034894637315407e+01 2.2609396188705117e-05
-7.2282833559730642e-01 3.0164115732979335e-02 1.1033494165804758e+01 2.2634969227371037e-05
-7.2282833559730642e-01 4.0218820977305780e-02 1.1031596569953081e+01 2.2670810479116327e-05
-7.2282833559730642e-01 5.0273526221632225e-02 1.1029253500450395e+01 2.2716958622077454e-05
-7.2282833559730642e-01 6.0328231465958670e-02 1.1026518959022054e+01 2.2773462916978472e-05
-7.2282833559730642e-01 7.0382936710285046e-02 1.1023444843569306e+01 2.2840382834929609e-05
-7.2282833559730642e-01 8.0437641954611491e-02 1.1020078288848589e+01 2.2917787579064334e-05
-7.2282833559730642e-01 9.0492347198937936e-02 1.1016460627849293e+01 2.3005755485648295e-05
-7.2282833559730642e-01 1.0054705244326438e-01 1.1012627503132206e+01 2.3104373287488073e-05
-7.2282833559730642e-01 1.1060175768759083e-01 1.1008609620330496e+01 2.3213735219554220e-05
-7.2282833559730642e-01 1.2065646293191720e-01 1.1004433741742487e+01 2.3333941943591040e-05
-7.2282833559730642e-01 1.3071116817624365e-01 1.1000123663052808e+01 2.3465099265337337e-05
-7.2282833559730642e-01 1.4076587342057009e-01 1.0995701042103674e+01 2.3607316614569140e-05
-7.2282833559730642e-01 1.5082057866489645e-01 1.0991186035580347e+01 2.3760705254724008e-05
-7.2282833559730642e-01 1.6087528390922298e-01 1.0986597749581994e+01 2.3925376185082510e-05
-7.2282833559730642e-01 1.7092998915354934e-01 1.0981954533327857e+01 2.4101437694591469e-05
-7.2282833559730642e-01 1.8098469439787587e-01 1.0977274152016649e+01 2.4288992522299755e-05
-7.2282833559730642e-01 1.9103939964220223e-01 1.0972573872935472e+01 2.4488134574873197e-05
-7.2282833559730642e-01 2.0109410488652862e-01 1.0967870493314161e+01 2.4698945146891754e-05
-7.2282833559730642e-01 2.1114881013085512e-01 1.0963180331954788e+01 2.4921488584288510e-05
-7.2282833559730642e-01 2.2120351537518151e-01 1.0958519200703664e+01 2.5155807325257955e-05
-7.2282833559730642e-01 2.3125822061950801e-01 1.0953902366899865e+01 2.5401916246087580e-05
-7.2282833559730642e-01 2.4131292586383440e-01 1.0949344514115158e+01 2.5659796230798098e-05
-7.2282833559730642e-01 2.5136763110816079e-01 1.0944859705681266e+01 2.5929386873225680e-05
-7.2282833559730642e-01 2.6142233635248729e-01 1.0940461353498655e+01 2.6210578206745654e-05
-7.2282833559730642e-01 2.7147704159681368e-01 1.0936162193250016e+01 2.6503201339478913e-05
-7.2282833559730642e-01 2.8153174684114018e-01 1.0931974266237544e+01 2.6807017849503105e-05
-7.2282833559730642e-01 2.9158645208546657e-01 1.0927908907494519e+01 2.7121707763310568e-05
-7.2282833559730642e-01 3.0164115732979291e-01 1.0923976739484182e+01 2.7446855898272969e-05
-7.2282833559730642e-01 3.1169586257411946e-01 1.0920187670519383e+01 2.7781936292315577e-05
-7.2282833559730642e-01 3.2175056781844580e-01 1.0916550896955762e+01 2.8126294366341867e-05
-7.2282833559730642e-01 3.3180527306277235e-01 1.0913074908190996e+01 2.8479126360927411e-05
-7.2282833559730642e-01 3.4185997830709869e-01 1.0909767493514643e+01 2.8839455451238863e-05
-7.2282833559730642e-01 3.5191468355142524e-01 1.0906635749876061e+01 2.9206103765646532e-05
-7.2282833559730642e-01 3.6196938879575158e-01 1.0903686089661958e+01 2.9577659308096933e-05
-7.2282833559730642e-01 3.7202409404007797e-01 1.0900924247591281e+01 2.9952436512915034e-05
-7.2282833559730642e-01 3.8207879928440447e-01 1.0898355285849611e+01 3.0328428859874735e-05
-7.2282833559730642e-01 3.9213350452873086e-01 1.0895983596612542e+01 3.0703251702596090e-05
-7.2282833559730642e-01 4.0218820977305736e-01 1.0893812901191957e+01 3.1074073351317405e-05
-7.2282833559730642e-01 4.1224291501738375e-01 1.0891846245277465e+01 3.1437532809702511e-05
-7.2282833559730642e-01 4.2229762026171014e-01 1.0890085990333274e+01 3.1789644039611765e-05
-7.2282833559730642e-01 4.3235232550603664e-01 1.0888533802529796e+01 3.2125690494327075e-05
-7.2282833559730642e-01 4.4240703075036303e-01 1.0887190643276032e+01 3.2440122119795499e-05
-7.2282833559730642e-01 4.5246173599468953e-01 1.0886056759425331e+01 3.2726453888612491e-05
-7.2282833559730642e-01 4.6251644123901592e-01 1.0885130753883743e+01 3.2974702365816481e-05
-7.2282833559730642e-01 4.7257114648334225e-01 1.0884383218787651e+01 3.3100406124580565e-05
-7.2282833559730642e-01 4.8262585172766881e-01 1.0883687224785069e+01 3.2770861698041812e-05
-7.2282833559730642e-01 4.9268055697199514e-01 1.0883473209740329e+01 3.3464857719721037e-05
-7.2282833559730642e-01 5.0273526221632159e-01 1.0883535518618178e+01 3.4204097009036742e-05
-7.0475762720737378e-01 -5.0273526221632159e-01 1.0925877554126558e+01 3.2864236866109594e-05
-7.0475762720737378e-01 -4.9268055697199509e-01 1.0925840993826682e+01 3.2152861368737466e-05
-7.0475762720737378e-01 -4.8262585172766864e-01 1.0926118294464835e+01 3.1515488657719078e-05
-7.0475762720737378e-01 -4.7257114648334225e-01 1.0926896637059604e+01 3.1874405308819689e-05
-7.0475762720737378e-01 -4.6251644123901581e-01 1.0927751863231208e+01 3.1748712400134498e-05
-7.0475762720737378e-01 -4.5246173599468936e-01 1.0928815357233614e+01 3.1494667129952864e-05
-7.0475762720737378e-01 -4.4240703075036292e-01 1.0930117398374289e+01 3.1201549360614882e-05
-7.0475762720737378e-01 -4.3235232550603647e-01 1.0931659458195485e+01 3.0879695285490667e-05
-7.0475762720737378e-01 -4.2229762026171014e-01 1.0933441322332788e+01 3.0535770638561711e-05
-7.0475762720737378e-01 -4.1224291501738369e-01 1.0935462044026064e+01 3.0175486364542273e-05
-7.0475762720737378e-01 -4.0218820977305725e-01 1.0937719951071346e+01 2.9803701021971980e-05
-7.0475762720737378e-01 -3.9213350452873080e-01 1.0940212651797662e+01 2.9424523942002077e-05
-7.0475762720737378e-01 -3.8207879928440436e-01 1.0942937042147690e+01 2.9041421383454933e-05
-7.0475762720737378e-01 -3.7202409404007797e-01 1.0945889309747120e+01 2.8657313253658764e-05
-7.0475762720737378e-01 -3.6196938879575147e-01 1.0949064933584966e+01 2.8274656538010458e-05
-7.0475762720737378e-01 -3.5191468355142508e-01 1.0952458679274631e+01 2.7895515498724511e-05
-7.0475762720737378e-01 -3.4185997830709863e-01 1.0956064590476954e+01 2.7521620197742155e-05
-7.0475762720737378e-01 -3.3180527306277219e-01 1.0959875977331953e+01 2.7154415265724318e-05
-7.0475762720737378e-01 -3.2175056781844580e-01 1.0963885402870101e+01 2.6795100731803809e-05
-7.0475762720737378e-01 -3.1169586257411935e-01 1.0968084668455544e+01 2.6444666457951065e-05
-7.0475762720737378e-01 -3.0164115732979291e-01 1.0972464799400019e+01 2.6103921425261544e-05
-7.0475762720737378e-01 -2.9158645208546646e-01 1.0977016032000043e+01 2.5773518852484027e-05
-7.0475762720737378e-01 -2.8153174684114002e-01 1.0981727803398115e+01 2.5453977906541041e-05
-7.0475762720737378e-01 -2.7147704159681363e-01 1.0986588745852139e+01 2.5145702590686623e-05
-7.0475762720737378e-01 -2.6142233635248718e-01 1.0991586687210429e+01 2.4848998262796753e-05
-7.0475762720737378e-01 -2.5136763110816074e-01 1.0996708659617132e+01 2.4564086135834506e-05
-7.0475762720737378e-01 -2.4131292586383432e-01 1.1001940918694665e+01 2.4291116038228104e-05
-7.0475762720737378e-01 -2.3125822061950788e-01 1.1007268975619821e+01 2.4030177656775774e-05
-7.0475762720737378e-01 -2.2120351537518143e-01 1.1012677644568271e+01 2.3781310444313473e-05
-7.0475762720737378e-01 -2.1114881013085501e-01 1.1018151107837893e+01 2.3544512344398613e-05
-7.0475762720737378e-01 -2.0109410488652857e-01 1.1023673000411899e+01 2.3319747462959242e-05
-7.0475762720737378e-01 -1.9103939964220218e-01 1.1029226514529762e+01 2.3106952799878253e-05
-7.0475762720737378e-01 -1.8098469439787573e-01 1.1034794522606868e+01 2.2906044140332828e-05
-7.0475762720737378e-01 -1.7092998915354929e-01 1.1040359712997791e+01 2.2716921195080609e-05
-7.0475762720737378e-01 -1.6087528390922284e-01 1.1045904726782457e+01 2.2539472070263070e-05
-7.0475762720737378e-01 -1.5082057866489645e-01 1.1051412273773121e+01 2.2373577139683664e-05
-7.0475762720737378e-01 -1.4076587342057001e-01 1.1056865190717401e+01 2.2219112386026929e-05
-7.0475762720737378e-01 -1.3071116817624356e-01 1.1062246382349571e+01 2.2075952271509637e-05
-7.0475762720737378e-01 -1.2065646293191713e-01 1.1067538554840185e+01 2.1943972192979003e-05
-7.0475762720737378e-01 -1.1060175768759069e-01 1.1072723611099249e+01 2.1823050571404301e-05
-7.0475762720737378e-01 -1.0054705244326431e-01 1.1077781532438204e+01 2.1713070621007249e-05
-7.0475762720737378e-01 -9.0492347198937867e-02 1.1082688535449140e+01 2.1613921838647159e-05
-7.0475762720737378e-01 -8.0437641954611422e-02 1.1087414300173474e+01 2.1525501250024101e-05
-7.0475762720737378e-01 -7.0382936710284977e-02 1.1091918180436616e+01 2.1447714445153537e-05
-7.0475762720737378e-01 -6.0328231465958525e-02 1.1096144630481035e+01 2.1380476431776719e-05
-7.0475762720737378e-01 -5.0273526221632080e-02 1.1100018722791880e+01 2.1323712331890626e-05
-7.0475762720737378e-01 -4.0218820977305711e-02 1.1103443599365168e+01 2.1277357943046808e-05
-7.0475762720737378e-01 -3.0164115732979262e-02 1.1106302679848131e+01 2.1241360182914207e-05
-7.0475762720737378e-01 -2.0109410488652817e-02 1.1108469582416527e+01 2.1215677432507130e-05
-7.0475762720737378e-01 -1.0054705244326374e-02 1.1109826773358623e+01 2.1200279790440132e-05
-7.0475762720737378e-01 7.1065644079062674e-17 1.1110289516456021e+01 2.1195149247813760e-05
-7.0475762720737378e-01 1.0054705244326445e-02 1.1109826773358634e+01 2.1200279790437987e-05
-7.0475762720737378e-01 2.0109410488652890e-02 1.1108469582416530e+01 2.1215677432506557e-05
-7.0475762720737378e-01 3.0164115732979335e-02 1.1106302679848133e+01 2.1241360182917788e-05
-7.0475762720737378e-01 4.0218820977305780e-02 1.1103443599365171e+01 2.1277357943051043e-05
-7.0475762720737378e-01 5.0273526221632225e-02 1.1100018722791862e+01 2.1323712331895773e-05
-7.0475762720737378e-01 6.0328231465958670e-02 1.1096144630481033e+01 2.1380476431776777e-05
-7.0475762720737378e-01 7.0382936710285046e-02 1.1091918180436624e+01 2.1447714445151626e-05
-7.0475762720737378e-01 8.0437641954611491e-02 1.1087414300173469e+01 2.1525501250028539e-05
-7.0475762720737378e-01 9.0492347198937936e-02 1.1082688535449144e+01 2.1613921838648714e-05
-7.0475762720737378e-01 1.0054705244326438e-01 1.1077781532438216e+01 2.1713070621008106e-05
-7.0475762720737378e-01 1.1060175768759083e-01 1.1072723611099239e+01 2.1823050571406960e-05
-7.0475762720737378e-01 1.2065646293191720e-01 1.1067538554840187e+01 2.1943972192977184e-05
-7.0475762720737378e-01 1.3071116817624365e-01 1.1062246382349574e+01 2.2075952271509065e-05
-7.0475762720737378e-01 1.4076587342057009e-01 1.1056865190717417e+01 2.2219112386024934e-05
-7.0475762720737378e-01 1.5082057866489645e-01 1.1051412273773119e+01 2.2373577139682471e-05
-7.0475762720737378e-01 1.6087528390922298e-01 1.1045904726782451e+01 2.2539472070264666e-05
-7.0475762720737378e-01 1.7092998915354934e-01 1.1040359712997796e+01 2.2716921195080558e-05
-7.0475762720737378e-01 1.8098469439787587e-01 1.1034794522606861e+01 2.2906044140333665e-05
-7.0475762720737378e-01 1.9103939964220223e-01 1.1029226514529762e+01 2.3106952799883000e-05
-7.0475762720737378e-01 2.0109410488652862e-01 1.1023673000411900e+01 2.3319747462958683e-05
-7.0475762720737378e-01 2.1114881013085512e-01 1.1018151107837896e+01 2.3544512344397756e-05
-7.0475762720737378e-01 2.2120351537518151e-01 1.1012677644568267e+01 2.3781310444312115e-05
-7.0475762720737378e-01 2.3125822061950801e-01 1.1007268975619823e+01 2.4030177656775411e-05
-7.0475762720737378e-01 2.4131292586383440e-01 1.1001940918694661e+01 2.4291116038227168e-05
-7.0475762720737378e-01 2.5136763110816079e-01 1.0996708659617132e+01 2.4564086135835969e-05
-7.0475762720737378e-01 2.6142233635248729e-01 1.0991586687210425e+01 2.4848998262795309e-05
-7.0475762720737378e-01 2.7147704159681368e-01 1.0986588745852142e+01 2.5145702590687253e-05
-7.0475762720737378e-01 2.8153174684114018e-01 1.0981727803398101e+01 2.5453977906540970e-05
-7.0475762720737378e-01 2.9158645208546657e-01 1.0977016032000050e+01 2.5773518852485572e-05
-7.0475762720737378e-01 3.0164115732979291e-01 1.0972464799400024e+01 2.6103921425259844e-05
-7.0475762720737378e-01 3.1169586257411946e-01 1.0968084668455548e+01 2.6444666457951600e-05
-7.0475762720737378e-01 3.2175056781844580e-01 1.0963885402870106e+01 2.6795100731800851e-05
-7.0475762720737378e-01 3.3180527306277235e-01 1.0959875977331949e+01 2.7154415265723665e-05
-7.0475762720737378e-01 3.4185997830709869e-01 1.0956064590476954e+01 2.7521620197741677e-05
-7.0475762720737378e-01 3.5191468355142524e-01 1.0952458679274617e+01 2.7895515498724023e-05
-7.0475762720737378e-01 3.6196938879575158e-01 1.0949064933584969e+01 2.8274656538012392e-05
-7.0475762720737378e-01 3.7202409404007797e-01 1.0945889309747132e+01 2.8657313253660770e-05
-7.0475762720737378e-01 3.8207879928440447e-01 1.0942937042147690e+01 2.9041421383453672e-05
-7.0475762720737378e-01 3.9213350452873086e-01 1.0940212651797669e+01 2.9424523942000332e-05
-7.0475762720737378e-01 4.0218820977305736e-01 1.0937719951071356e+01 2.9803701021974491e-05
-7.0475762720737378e-01 4.1224291501738375e-01 1.0935462044026064e+01 3.0175486364541477e-05
-7.0475762720737378e-01 4.2229762026171014e-01 1.0933441322332794e+01 3.0535770638560654e-05
-7.0475762720737378e-01 4.3235232550603664e-01 1.0931659458195492e+01 3.0879695285490661e-05
-7.0475762720737378e-01 4.4240703075036303e-01 1.0930117398374282e+01 3.1201549360614171e-05
-7.0475762720737378e-01 4.5246173599468953e-01 1.0928815357233622e+01 3.1494667129952742e-05
-7.0475762720737378e-01 4.6251644123901592e-01 1.0927751863231203e+01 3.1748712400133962e-05
-7.0475762720737378e-01 4.7257114648334225e-01 1.0926896637059606e+01 3.1874405308818192e-05
-7.0475762720737378e-01 4.8262585172766881e-01 1.0926118294464830e+01 3.1515488657721586e-05
-7.0475762720737378e-01 4.9268055697199514e-01 1.0925840993826679e+01 3.2152861368734748e-05
-7.0475762720737378e-01 5.0273526221632159e-01 1.0925877554126558e+01 3.2864236866109899e-05
-6.8668691881744104e-01 -5.0273526221632159e-01 1.0971269969847134e+01 3.1469562703839511e-05
-6.8668691881744104e-01 -4.9268055697199509e-01 1.0971261685936279e+01 3.0787737493899746e-05
-6.8668691881744104e-01 -4.8262585172766864e-01 1.0971609155143817e+01 3.0212120910370713e-05
-6.8668691881744104e-01 -4.7257114648334225e-01 1.0972480041895627e+01 3.0605455776786689e-05
-6.8668691881744104e-01 -4.6251644123901581e-01 1.0973456622490904e+01 3.0481381467907340e-05
-6.8668691881744104e-01 -4.5246173599468936e-01 1.0974675120315011e+01 3.0222626231099298e-05
-6.8668691881744104e-01 -4.4240703075036292e-01 1.0976166791229048e+01 2.9923840163667192e-05
-6.8668691881744104e-01 -4.3235232550603647e-01 1.0977933229575831e+01 2.9595682293349694e-05
-6.8668691881744104e-01 -4.2229762026171014e-01 1.0979974309943884e+01 2.9244963564677185e-05
-6.8668691881744104e-01 -4.1224291501738369e-01 1.0982289166484145e+01 2.8877533480551955e-05
-6.8668691881744104e-01 -4.0218820977305725e-01 1.0984876196136204e+01 2.8498380763471202e-05
-6.8668691881744104e-01 -3.9213350452873080e-01 1.0987733060083727e+01 2.8111733785030865e-05
-6.8668691881744104e-01 -3.8207879928440436e-01 1.0990856685745658e+01 2.7721164958904210e-05
-6.8668691881744104e-01 -3.7202409404007797e-01 1.0994243265125670e+01 2.7329686534776459e-05
-6.8668691881744104e-01 -3.6196938879575147e-01 1.0997888248102941e+01 2.6939833779233028e-05
-6.8668691881744104e-01 -3.5191468355142508e-01 1.1001786330611447e+01 2.6553735452266996e-05
-6.8668691881744104e-01 -3.4185997830709863e-01 1.1005931438286659e+01 2.6173172998388325e-05
-6.8668691881744104e-01 -3.3180527306277219e-01 1.1010316706455260e+01 2.5799630257778711e-05
-6.8668691881744104e-01 -3.2175056781844580e-01 1.1014934457512737e+01 2.5434335415389217e-05
-6.8668691881744104e-01 -3.1169586257411935e-01 1.1019776176880095e+01 2.5078296653096537e-05
-6.8668691881744104e-01 -3.0164115732979291e-01 1.1024832488910370e+01 2.4732332689646512e-05
-6.8668691881744104e-01 -2.9158645208546646e-01 1.1030093134357802e+01 2.4397099140358439e-05
-6.8668691881744104e-01 -2.8153174684114002e-01 1.1035546951347872e+01 2.4073111419926574e-05
-6.8668691881744104e-01 -2.7147704159681363e-01 1.1041181862213127e+01 2.3760764748257470e-05
-6.8668691881744104e-01 -2.6142233635248718e-01 1.1046984869101584e+01 2.3460351694457888e-05
-6.8668691881744104e-01 -2.5136763110816074e-01 1.1052942061939040e+01 2.3172077601186512e-05
-6.8668691881744104e-01 -2.4131292586383432e-01 1.1059038643145682e+01 2.2896074162651669e-05
-6.8668691881744104e-01 -2.3125822061950788e-01 1.1065258974479532e+01 2.2632411379146710e-05
-6.8668691881744104e-01 -2.2120351537518143e-01 1.1071586652498475e+01 2.2381108073984059e-05
-6.8668691881744104e-01 -2.1114881013085501e-01 1.1078004620364819e+01 2.2142141130916513e-05
-6.8668691881744104e-01 -2.0109410488652857e-01 1.1084495324974748e+01 2.1915453589714403e-05
-6.8668691881744104e-01 -1.9103939964220218e-01 1.1091040929492664e+01 2.1700961721312544e-05
-6.8668691881744104e-01 -1.8098469439787573e-01 1.1097623591940129e+01 2.1498561191280766e-05
-6.8668691881744104e-01 -1.7092998915354929e-01 1.1104225819838714e+01 2.1308132409843120e-05
-6.8668691881744104e-01 -1.6087528390922284e-01 1.1110830907771389e+01 2.1129545157568912e-05
-6.8668691881744104e-01 -1.5082057866489645e-01 1.1117423456838434e+01 2.0962662567992262e-05
-6.8668691881744104e-01 -1.4076587342057001e-01 1.1123989958355589e+01 2.0807344541140219e-05
-6.8668691881744104e-01 -1.3071116817624356e-01 1.1130519391913465e+01 2.0663450655337895e-05
-6.8668691881744104e-01 -1.2065646293191713e-01 1.1137003728661647e+01 2.0530842638533675e-05
-6.8668691881744104e-01 -1.1060175768759069e-01 1.1143438126277049e+01 2.0409386454471997e-05
-6.8668691881744104e-01 -1.0054705244326431e-01 1.1149820426291127e+01 2.0298954053739437e-05
-6.8668691881744104e-01 -9.0492347198937867e-02 1.1156149286055470e+01 2.0199424834514614e-05
-6.8668691881744104e-01 -8.0437641954611422e-02 1.1162419878851278e+01 2.0110686852964304e-05
-6.8668691881744104e-01 -7.0382936710284977e-02 1.1168615630618918e+01 2.0032637818916813e-05
-6.8668691881744104e-01 -6.0328231465958525e-02 1.1174694198647785e+01 1.9965185907899504e-05
-6.8668691881744104e-01 -5.0273526221632080e-02 1.1180566580373384e+01 1.9908250416874858e-05
-6.8668691881744104e-01 -4.0218820977305711e-02 1.1186071346696590e+01 1.9861762287059818e-05
-6.8668691881744104e-01 -3.0164115732979262e-02 1.1190953289267872e+01 1.9825664513817518e-05
-6.8668691881744104e-01 -2.0109410488652817e-02 1.1194866511390044e+01 1.9799912459965236e-05
-6.8668691881744104e-01 -1.0054705244326374e-02 1.1197427096393945e+01 1.9784474086043124e-05
-6.8668691881744104e-01 7.1065644079062674e-17 1.1198321431894611e+01 1.9779330107477948e-05
-6.8668691881744104e-01 1.0054705244326445e-02 1.1197427096393943e+01 1.9784474086050943e-05
-6.8668691881744104e-01 2.0109410488652890e-02 1.1194866511390044e+01 1.9799912459977531e-05
-6.8668691881744104e-01 3.0164115732979335e-02 1.1190953289267867e+01 1.9825664513806798e-05
-6.8668691881744104e-01 4.0218820977305780e-02 1.1186071346696600e+01 1.9861762287055569e-05
-6.8668691881744104e-01 5.0273526221632225e-02 1.1180566580373384e+01 1.9908250416870115e-05
-6.8668691881744104e-01 6.0328231465958670e-02 1.1174694198647783e+01 1.9965185907904342e-05
-6.8668691881744104e-01 7.0382936710285046e-02 1.1168615630618909e+01 2.0032637818916241e-05
-6.8668691881744104e-01 8.0437641954611491e-02 1.1162419878851273e+01 2.0110686852962099e-05
-6.8668691881744104e-01 9.0492347198937936e-02 1.1156149286055470e+01 2.0199424834511209e-05
-6.8668691881744104e-01 1.0054705244326438e-01 1.1149820426291132e+01 2.0298954053742073e-05
-6.8668691881744104e-01 1.1060175768759083e-01 1.1143438126277047e+01 2.0409386454470686e-05
-6.8668691881744104e-01 1.2065646293191720e-01 1.1137003728661652e+01 2.0530842638531689e-05
-6.8668691881744104e-01 1.3071116817624365e-01 1.1130519391913476e+01 2.0663450655337099e-05
-6.8668691881744104e-01 1.4076587342057009e-01 1.1123989958355578e+01 2.0807344541138217e-05
-6.8668691881744104e-01 1.5082057866489645e-01 1.1117423456838443e+01 2.0962662567992709e-05
-6.8668691881744104e-01 1.6087528390922298e-01 1.1110830907771387e+01 2.1129545157567584e-05
-6.8668691881744104e-01 1.7092998915354934e-01 1.1104225819838714e+01 2.1308132409843645e-05
-6.8668691881744104e-01 1.8098469439787587e-01 1.1097623591940128e+01 2.1498561191280247e-05
-6.8668691881744104e-01 1.9103939964220223e-01 1.1091040929492667e+01 2.1700961721310819e-05
-6.8668691881744104e-01 2.0109410488652862e-01 1.1084495324974750e+01 2.1915453589713369e-05
-6.8668691881744104e-01 2.1114881013085512e-01 1.1078004620364819e+01 2.2142141130917448e-05
-6.8668691881744104e-01 2.2120351537518151e-01 1.1071586652498478e+01 2.2381108073984076e-05
-6.8668691881744104e-01 2.3125822061950801e-01 1.1065258974479530e+01 2.2632411379147475e-05
-6.8668691881744104e-01 2.4131292586383440e-01 1.1059038643145684e+01 2.2896074162649690e-05
-6.8668691881744104e-01 2.5136763110816079e-01 1.1052942061939033e+01 2.3172077601188649e-05
-6.8668691881744104e-01 2.6142233635248729e-01 1.1046984869101591e+01 2.3460351694456695e-05
-6.8668691881744104e-01 2.7147704159681368e-01 1.1041181862213126e+01 2.3760764748255241e-05
-6.8668691881744104e-01 2.8153174684114018e-01 1.1035546951347875e+01 2.4073111419928020e-05
-6.8668691881744104e-01 2.9158645208546657e-01 1.1030093134357791e+01 2.4397099140357687e-05
-6.8668691881744104e-01 3.0164115732979291e-01 1.1024832488910363e+01 2.4732332689647745e-05
-6.8668691881744104e-01 3.1169586257411946e-01 1.1019776176880093e+01 2.5078296653094209e-05
-6.8668691881744104e-01 3.2175056781844580e-01 1.1014934457512743e+01 2.5434335415389417e-05
-6.8668691881744104e-01 3.3180527306277235e-01 1.1010316706455264e+01 2.5799630257777620e-05
-6.8668691881744104e-01 3.4185997830709869e-01 1.1005931438286655e+01 2.6173172998387973e-05
-6.8668691881744104e-01 3.5191468355142524e-01 1.1001786330611459e+01 2.6553735452266471e-05
-6.8668691881744104e-01 3.6196938879575158e-01 1.0997888248102941e+01 2.6939833779232177e-05
-6.8668691881744104e-01 3.7202409404007797e-01 1.0994243265125665e+01 2.7329686534776774e-05
-6.8668691881744104e-01 3.8207879928440447e-01 1.0990856685745658e+01 2.7721164958906013e-05
-6.8668691881744104e-01 3.9213350452873086e-01 1.0987733060083729e+01 2.8111733785030102e-05
-6.8668691881744104e-01 4.0218820977305736e-01 1.0984876196136200e+01 2.8498380763474157e-05
-6.8668691881744104e-01 4.1224291501738375e-01 1.0982289166484151e+01 2.8877533480553276e-05
-6.8668691881744104e-01 4.2229762026171014e-01 1.0979974309943879e+01 2.9244963564677043e-05
-6.8668691881744104e-01 4.3235232550603664e-01 1.0977933229575818e+01 2.9595682293349932e-05
-6.8668691881744104e-01 4.4240703075036303e-01 1.0976166791229049e+01 2.9923840163667198e-05
-6.8668691881744104e-01 4.5246173599468953e-01 1.0974675120315013e+01 3.0222626231097265e-05
-6.8668691881744104e-01 4.6251644123901592e-01 1.0973456622490898e+01 3.0481381467908058e-05
-6.8668691881744104e-01 4.7257114648334225e-01 1.0972480041895624e+01 3.0605455776787828e-05
-6.8668691881744104e-01 4.8262585172766881e-01 1.0971609155143829e+01 3.0212120910371516e-05
-6.8668691881744104e-01 4.9268055697199514e-01 1.0971261685936280e+01 3.0787737493898912e-05
-6.8668691881744104e-01 5.0273526221632159e-01 1.0971269969847134e+01 3.1469562703840032e-05
-6.6861621042750852e-01 -5.0273526221632159e-01 1.1019426206330124e+01 3.0032099460854256e-05
-6.6861621042750852e-01 -4.9268055697199509e-01 1.1019448586234956e+01 2.9380247431972392e-05
-6.6861621042750852e-01 -4.8262585172766864e-01 1.1019873000505427e+01 2.8869982872621427e-05
-6.6861621042750852e-01 -4.7257114648334225e-01 1.1020846918194302e+01 2.9303049354486661e-05
-6.6861621042750852e-01 -4.6251644123901581e-01 1.1021959020743209e+01 2.9182511273252873e-05
-6.6861621042750852e-01 -4.5246173599468936e-01 1.1023350703349671e+01 2.8920469911173715e-05
-6.6861621042750852e-01 -4.4240703075036292e-01 1.1025054304808970e+01 2.8617499475959755e-05
-6.6861621042750852e-01 -4.3235232550603647e-01 1.1027071606182560e+01 2.8284542949747644e-05
-6.6861621042750852e-01 -4.2229762026171014e-01 1.1029402647512050e+01 2.7928513773823938e-05
-6.6861621042750852e-01 -4.1224291501738369e-01 1.1032046733789072e+01 2.7555371765917075e-05
-6.6861621042750852e-01 -4.0218820977305725e-01 1.1035002433370463e+01 2.7170218918038481e-05
-6.6861621042750852e-01 -3.9213350452873080e-01 1.1038267573884754e+01 2.6777394045301510e-05
-6.6861621042750852e-01 -3.8207879928440436e-01 1.1041839238127512e+01 2.6380572921093865e-05
-6.6861621042750852e-01 -3.7202409404007797e-01 1.1045713755619282e+01 2.5982861211188141e-05
-6.6861621042750852e-01 -3.6196938879575147e-01 1.1049886688278281e+01 2.5586875960234298e-05
-6.6861621042750852e-01 -3.5191468355142508e-01 1.1054352810041090e+01 2.5194815294643757e-05
-6.6861621042750852e-01 -3.4185997830709863e-01 1.1059106080914633e+01 2.4808517538665607e-05
-6.6861621042750852e-01 -3.3180527306277219e-01 1.1064139616264208e+01 2.4429511359853210e-05
-6.6861621042750852e-01 -3.2175056781844580e-01 1.1069445652349055e+01 2.4059058506203840e-05
-6.6861621042750852e-01 -3.1169586257411935e-01 1.1075015509320613e+01 2.3698190474728569e-05
-6.6861621042750852e-01 -3.0164115732979291e-01 1.1080839553163349e+01 2.3347740197315945e-05
-6.6861621042750852e-01 -2.9158645208546646e-01 1.1086907158427547e+01 2.3008369599362719e-05
-6.6861621042750852e-01 -2.8153174684114002e-01 1.1093206674116837e+01 2.2680593697026680e-05
-6.6861621042750852e-01 -2.7147704159681363e-01 1.1099725395790767e+01 2.2364801751089809e-05
-6.6861621042750852e-01 -2.6142233635248718e-01 1.1106449547879592e+01 2.2061275883741329e-05
-6.6861621042750852e-01 -2.5136763110816074e-01 1.1113364281448304e+01 2.1770207481969109e-05
-6.6861621042750852e-01 -2.4131292586383432e-01 1.1120453694281501e+01 2.1491711650786438e-05
-6.6861621042750852e-01 -2.3125822061950788e-01 1.1127700882303280e+01 2.1225839935524843e-05
-6.6861621042750852e-01 -2.2120351537518143e-01 1.1135088034152835e+01 2.0972591500123484e-05
-6.6861621042750852e-01 -2.1114881013085501e-01 1.1142596584404856e+01 2.0731922924243128e-05
-6.6861621042750852e-01 -2.0109410488652857e-01 1.1150207445714630e+01 2.0503756763809851e-05
-6.6861621042750852e-01 -1.9103939964220218e-01 1.1157901346404341e+01 2.0287989004865817e-05
-6.6861621042750852e-01 -1.8098469439787573e-01 1.1165659308079569e+01 2.0084495528711989e-05
-6.6861621042750852e-01 -1.7092998915354929e-01 1.1173463308176110e+01 1.9893137695986199e-05
-6.6861621042750852e-01 -1.6087528390922284e-01 1.1181297185183274e+01 1.9713767148030392e-05
-6.6861621042750852e-01 -1.5082057866489645e-01 1.1189147859481640e+01 1.9546229915649279e-05
-6.6861621042750852e-01 -1.4076587342057001e-01 1.1197006958737516e+01 1.9390369917377826e-05
-6.6861621042750852e-01 -1.3071116817624356e-01 1.1204872948703313e+01 1.9246031922091494e-05
-6.6861621042750852e-01 -1.2065646293191713e-01 1.1212753865239540e+01 1.9113064043879349e-05
-6.6861621042750852e-01 -1.1060175768759069e-01 1.1220670690624639e+01 1.8991319830388619e-05
-6.6861621042750852e-01 -1.0054705244326431e-01 1.1228661246688029e+01 1.8880659999856866e-05
-6.6861621042750852e-01 -9.0492347198937867e-02 1.1236784036066648e+01 1.8780953876085303e-05
-6.6861621042750852e-01 -8.0437641954611422e-02 1.1245120433443532e+01 1.8692080565063433e-05
-6.6861621042750852e-01 -7.0382936710284977e-02 1.1253771403528610e+01 1.8613929912224175e-05
-6.6861621042750852e-01 -6.0328231465958525e-02 1.1262840523098671e+01 1.8546403273954041e-05
-6.6861621042750852e-01 -5.0273526221632080e-02 1.1272387591414320e+01 1.8489414133132818e-05
-6.6861621042750852e-01 -4.0218820977305711e-02 1.1282328161139093e+01 1.8442888583742266e-05
-6.6861621042750852e-01 -3.0164115732979262e-02 1.1292256378319809e+01 1.8406765706330511e-05
-6.6861621042750852e-01 -2.0109410488652817e-02 1.1301224471303879e+01 1.8380997851294771e-05
-6.6861621042750852e-01 -1.0054705244326374e-02 1.1307690144015782e+01 1.8365550845256827e-05
-6.6861621042750852e-01 7.1065644079062674e-17 1.1310050073715518e+01 1.8360404130317126e-05
-6.6861621042750852e-01 1.0054705244326445e-02 1.1307690144015782e+01 1.8365550845138337e-05
-6.6861621042750852e-01 2.0109410488652890e-02 1.1301224471303877e+01 1.8380997851276414e-05
-6.6861621042750852e-01 3.0164115732979335e-02 1.1292256378319806e+01 1.8406765706321953e-05
-6.6861621042750852e-01 4.0218820977305780e-02 1.1282328161139096e+01 1.8442888583771245e-05
-6.6861621042750852e-01 5.0273526221632225e-02 1.1272387591414311e+01 1.8489414133121722e-05
-6.6861621042750852e-01 6.0328231465958670e-02 1.1262840523098680e+01 1.8546403273942521e-05
-6.6861621042750852e-01 7.0382936710285046e-02 1.1253771403528594e+01 1.8613929912210693e-05
-6.6861621042750852e-01 8.0437641954611491e-02 1.1245120433443539e+01 1.8692080565063847e-05
-6.6861621042750852e-01 9.0492347198937936e-02 1.1236784036066643e+01 1.8780953876085097e-05
-6.6861621042750852e-01 1.0054705244326438e-01 1.1228661246688025e+01 1.8880659999864537e-05
-6.6861621042750852e-01 1.1060175768759083e-01 1.1220670690624633e+01 1.8991319830388117e-05
-6.6861621042750852e-01 1.2065646293191720e-01 1.1212753865239545e+01 1.9113064043875138e-05
-6.6861621042750852e-01 1.3071116817624365e-01 1.1204872948703311e+01 1.9246031922090776e-05
-6.6861621042750852e-01 1.4076587342057009e-01 1.1197006958737527e+01 1.9390369917376437e-05
-6.6861621042750852e-01 1.5082057866489645e-01 1.1189147859481647e+01 1.9546229915649428e-05
-6.6861621042750852e-01 1.6087528390922298e-01 1.1181297185183277e+01 1.9713767148031991e-05
-6.6861621042750852e-01 1.7092998915354934e-01 1.1173463308176107e+01 1.9893137695985393e-05
-6.6861621042750852e-01 1.8098469439787587e-01 1.1165659308079569e+01 2.0084495528712823e-05
-6.6861621042750852e-01 1.9103939964220223e-01 1.1157901346404339e+01 2.0287989004863686e-05
-6.6861621042750852e-01 2.0109410488652862e-01 1.1150207445714628e+01 2.0503756763808323e-05
-6.6861621042750852e-01 2.1114881013085512e-01 1.1142596584404867e+01 2.0731922924245907e-05
-6.6861621042750852e-01 2.2120351537518151e-01 1.1135088034152835e+01 2.0972591500123738e-05
-6.6861621042750852e-01 2.3125822061950801e-01 1.1127700882303266e+01 2.1225839935525209e-05
-6.6861621042750852e-01 2.4131292586383440e-01 1.1120453694281501e+01 2.1491711650786086e-05
-6.6861621042750852e-01 2.5136763110816079e-01 1.1113364281448295e+01 2.1770207481968584e-05
-6.6861621042750852e-01 2.6142233635248729e-01 1.1106449547879576e+01 2.2061275883743369e-05
-6.6861621042750852e-01 2.7147704159681368e-01 1.1099725395790774e+01 2.2364801751088576e-05
-6.6861621042750852e-01 2.8153174684114018e-01 1.1093206674116843e+01 2.2680593697027605e-05
-6.6861621042750852e-01 2.9158645208546657e-01 1.1086907158427552e+01 2.3008369599363678e-05
-6.6861621042750852e-01 3.0164115732979291e-01 1.1080839553163344e+01 2.3347740197318293e-05
-6.6861621042750852e-01 3.1169586257411946e-01 1.1075015509320609e+01 2.3698190474729579e-05
-6.6861621042750852e-01 3.2175056781844580e-01 1.1069445652349057e+01 2.4059058506204074e-05
-6.6861621042750852e-01 3.3180527306277235e-01 1.1064139616264205e+01 2.4429511359851760e-05
-6.6861621042750852e-01 3.4185997830709869e-01 1.1059106080914637e+01 2.4808517538663892e-05
-6.6861621042750852e-01 3.5191468355142524e-01 1.1054352810041088e+01 2.5194815294644509e-05
-6.6861621042750852e-01 3.6196938879575158e-01 1.1049886688278272e+01 2.5586875960233750e-05
-6.6861621042750852e-01 3.7202409404007797e-01 1.1045713755619280e+01 2.5982861211188754e-05
-6.6861621042750852e-01 3.8207879928440447e-01 1.1041839238127514e+01 2.6380572921094343e-05
-6.6861621042750852e-01 3.9213350452873086e-01 1.1038267573884752e+01 2.6777394045301628e-05
-6.6861621042750852e-01 4.0218820977305736e-01 1.1035002433370474e+01 2.7170218918039633e-05
-6.6861621042750852e-01 4.1224291501738375e-01 1.1032046733789073e+01 2.7555371765919152e-05
-6.6861621042750852e-01 4.2229762026171014e-01 1.1029402647512052e+01 2.7928513773822075e-05
-6.6861621042750852e-01 4.3235232550603664e-01 1.1027071606182552e+01 2.8284542949748440e-05
-6.6861621042750852e-01 4.4240703075036303e-01 1.1025054304808965e+01 2.8617499475961581e-05
-6.6861621042750852e-01 4.5246173599468953e-01 1.1023350703349674e+01 2.8920469911174406e-05
-6.6861621042750852e-01 4.6251644123901592e-01 1.1021959020743212e+01 2.9182511273251640e-05
-6.6861621042750852e-01 4.7257114648334225e-01 1.1020846918194305e+01 2.9303049354487315e-05
-6.6861621042750852e-01 4.8262585172766881e-01 1.1019873000505422e+01 2.8869982872621278e-05
-6.6861621042750852e-01 4.9268055697199514e-01 1.1019448586234953e+01 2.9380247431970387e-05
-6.6861621042750852e-01 5.0273526221632159e-01 1.1019426206330124e+01 3.0032099460854269e-05
-6.5054550203757577e-01 -5.0273526221632159e-01 1.1070034109987153e+01 2.8571917933348857e-05
-6.5054550203757577e-01 -4.9268055697199509e-01 1.1070089378138130e+01 2.7949234229137943e-05
-6.5054550203757577e-01 -4.8262585172766864e-01 1.1070597305858923e+01 2.7506298111948092e-05
-6.5054550203757577e-01 -4.7257114648334225e-01 1.1071684849512479e+01 2.7984406056511225e-05
-6.5054550203757577e-01 -4.6251644123901581e-01 1.1072946944847457e+01 2.7869479995205163e-05
-6.5054550203757577e-01 -4.5246173599468936e-01 1.1074530424880566e+01 2.7605793386742155e-05
-6.5054550203757577e-01 -4.4240703075036292e-01 1.1076468818679253e+01 2.7300387399678224e-05
-6.5054550203757577e-01 -4.3235232550603647e-01 1.1078764175929782e+01 2.6964443960574143e-05
-6.5054550203757577e-01 -4.2229762026171014e-01 1.1081416800310778e+01 2.6604928804710421e-05
-6.5054550203757577e-01 -4.1224291501738369e-01 1.1084426282781918e+01 2.6227875686315396e-05
-6.5054550203757577e-01 -4.0218820977305725e-01 1.1087791494438234e+01 2.5838474942963778e-05
-6.5054550203757577e-01 -3.9213350452873080e-01 1.1091510576187563e+01 2.5441159801357537e-05
-6.5054550203757577e-01 -3.8207879928440436e-01 1.1095580927889003e+01 2.5039700026495062e-05
-6.5054550203757577e-01 -3.7202409404007797e-01 1.1099999192385027e+01 2.4637290171590821e-05
-6.5054550203757577e-01 -3.6196938879575147e-01 1.1104761232650773e+01 2.4236627929759465e-05
-6.5054550203757577e-01 -3.5191468355142508e-01 1.1109862101672835e+01 2.3839981955812110e-05
-6.5054550203757577e-01 -3.4185997830709863e-01 1.1115296005326863e+01 2.3449250075535389e-05
-6.5054550203757577e-01 -3.3180527306277219e-01 1.1121056258850375e+01 2.3066009255618471e-05
-6.5054550203757577e-01 -3.2175056781844580e-01 1.1127135237725675e+01 2.2691558693513379e-05
-6.5054550203757577e-01 -3.1169586257411935e-01 1.1133524324015697e+01 2.2326957201889423e-05
-6.5054550203757577e-01 -3.0164115732979291e-01 1.1140213849506178e+01 2.1973055841906343e-05
-6.5054550203757577e-01 -2.9158645208546646e-01 1.1147193037457697e+01 2.1630526557741496e-05
-6.5054550203757577e-01 -2.8153174684114002e-01 1.1154449945417293e+01 2.1299887399749275e-05
-6.5054550203757577e-01 -2.7147704159681363e-01 1.1161971412451560e+01 2.0981524795997004e-05
-6.5054550203757577e-01 -2.6142233635248718e-01 1.1169743015432429e+01 2.0675713237125188e-05
-6.5054550203757577e-01 -2.5136763110816074e-01 1.1177749040763267e+01 2.0382632670442215e-05
-6.5054550203757577e-01 -2.4131292586383432e-01 1.1185972480354442e+01 2.0102383849603055e-05
-6.5054550203757577e-01 -2.3125822061950788e-01 1.1194395064003103e+01 1.9835001850606005e-05
-6.5054550203757577e-01 -2.2120351537518143e-01 1.1202997344975465e+01 1.9580467938910333e-05
-6.5054550203757577e-01 -2.1114881013085501e-01 1.1211758862080218e+01 1.9338719953086477e-05
-6.5054550203757577e-01 -2.0109410488652857e-01 1.1220658410680180e+01 1.9109661355245589e-05
-6.5054550203757577e-01 -1.9103939964220218e-01 1.1229674468165879e+01 1.8893169085973945e-05
-6.5054550203757577e-01 -1.8098469439787573e-01 1.1238785838336323e+01 1.8689100350691688e-05
-6.5054550203757577e-01 -1.7092998915354929e-01 1.1247972606928936e+01 1.8497298454524410e-05
-6.5054550203757577e-01 -1.6087528390922284e-01 1.1257217542036992e+01 1.8317597793475539e-05
-6.5054550203757577e-01 -1.5082057866489645e-01 1.1266508136130080e+01 1.8149828101068270e-05
-6.5054550203757577e-01 -1.4076587342057001e-01 1.1275839583506327e+01 1.7993818041059214e-05
-6.5054550203757577e-01 -1.3071116817624356e-01 1.1285219138877450e+01 1.7849398228827343e-05
-6.5054550203757577e-01 -1.2065646293191713e-01 1.1294672542731114e+01 1.7716403756287919e-05
-6.5054550203757577e-01 -1.1060175768759069e-01 1.1304253579332089e+01 1.7594676287778153e-05
-6.5054550203757577e-01 -1.0054705244326431e-01 1.1314058429276997e+01 1.7484065787382433e-05
-6.5054550203757577e-01 -9.0492347198937867e-02 1.1324247377001267e+01 1.7384431931713667e-05
-6.5054550203757577e-01 -8.0437641954611422e-02 1.1335077647123173e+01 1.7295645255786698e-05
-6.5054550203757577e-01 -7.0382936710284977e-02 1.1346952266664555e+01 1.7217588074226666e-05
-6.5054550203757577e-01 -6.0328231465958525e-02 1.1360488791689090e+01 1.7150155214372537e-05
-6.5054550203757577e-01 -5.0273526221632080e-02 1.1376598698747094e+01 1.7093254593245754e-05
-6.5054550203757577e-01 -4.0218820977305711e-02 1.1396484943884404e+01 1.7046807665448111e-05
-6.5054550203757577e-01 -3.0164115732979262e-02 1.1421013399568825e+01 1.7010749765158062e-05
-6.5054550203757577e-01 -2.0109410488652817e-02 1.1448307075535343e+01 1.6985030360345285e-05
-6.5054550203757577e-01 -1.0054705244326374e-02 1.1469750983947245e+01 1.6969613236234460e-05
-6.5054550203757577e-01 7.1065644079062674e-17 1.1475045986957948e+01 1.6964476619598164e-05
-6.5054550203757577e-01 1.0054705244326445e-02 1.1469750983947229e+01 1.6969613237207260e-05
-6.5054550203757577e-01 2.0109410488652890e-02 1.1448307075535340e+01 1.6985030360756001e-05
-6.5054550203757577e-01 3.0164115732979335e-02 1.1421013399568837e+01 1.7010749764990451e-05
-6.5054550203757577e-01 4.0218820977305780e-02 1.1396484943884404e+01 1.7046807665388046e-05
-6.5054550203757577e-01 5.0273526221632225e-02 1.1376598698747099e+01 1.7093254593220079e-05
-6.5054550203757577e-01 6.0328231465958670e-02 1.1360488791689093e+01 1.7150155214387519e-05
-6.5054550203757577e-01 7.0382936710285046e-02 1.1346952266664561e+01 1.7217588074224491e-05
-6.5054550203757577e-01 8.0437641954611491e-02 1.1335077647123173e+01 1.7295645255785987e-05
-6.5054550203757577e-01 9.0492347198937936e-02 1.1324247377001253e+01 1.7384431931708152e-05
-6.5054550203757577e-01 1.0054705244326438e-01 1.1314058429277004e+01 1.7484065787379976e-05
-6.5054550203757577e-01 1.1060175768759083e-01 1.1304253579332078e+01 1.7594676287773430e-05
-6.5054550203757577e-01 1.2065646293191720e-01 1.1294672542731112e+01 1.7716403756287062e-05
-6.5054550203757577e-01 1.3071116817624365e-01 1.1285219138877451e+01 1.7849398228826266e-05
-6.5054550203757577e-01 1.4076587342057009e-01 1.1275839583506334e+01 1.7993818041058458e-05
-6.5054550203757577e-01 1.5082057866489645e-01 1.1266508136130074e+01 1.8149828101068666e-05
-6.5054550203757577e-01 1.6087528390922298e-01 1.1257217542036999e+01 1.8317597793474441e-05
-6.5054550203757577e-01 1.7092998915354934e-01 1.1247972606928929e+01 1.8497298454520483e-05
-6.5054550203757577e-01 1.8098469439787587e-01 1.1238785838336334e+01 1.8689100350692240e-05
-6.5054550203757577e-01 1.9103939964220223e-01 1.1229674468165886e+01 1.8893169085972024e-05
-6.5054550203757577e-01 2.0109410488652862e-01 1.1220658410680182e+01 1.9109661355247201e-05
-6.5054550203757577e-01 2.1114881013085512e-01 1.1211758862080220e+01 1.9338719953087209e-05
-6.5054550203757577e-01 2.2120351537518151e-01 1.1202997344975465e+01 1.9580467938909337e-05
-6.5054550203757577e-01 2.3125822061950801e-01 1.1194395064003100e+01 1.9835001850605775e-05
-6.5054550203757577e-01 2.4131292586383440e-01 1.1185972480354449e+01 2.0102383849604027e-05
-6.5054550203757577e-01 2.5136763110816079e-01 1.1177749040763270e+01 2.0382632670443869e-05
-6.5054550203757577e-01 2.6142233635248729e-01 1.1169743015432424e+01 2.0675713237126164e-05
-6.5054550203757577e-01 2.7147704159681368e-01 1.1161971412451560e+01 2.0981524795997130e-05
-6.5054550203757577e-01 2.8153174684114018e-01 1.1154449945417305e+01 2.1299887399748645e-05
-6.5054550203757577e-01 2.9158645208546657e-01 1.1147193037457692e+01 2.1630526557740815e-05
-6.5054550203757577e-01 3.0164115732979291e-01 1.1140213849506180e+01 2.1973055841906008e-05
-6.5054550203757577e-01 3.1169586257411946e-01 1.1133524324015704e+01 2.2326957201890378e-05
-6.5054550203757577e-01 3.2175056781844580e-01 1.1127135237725680e+01 2.2691558693512705e-05
-6.5054550203757577e-01 3.3180527306277235e-01 1.1121056258850381e+01 2.3066009255619338e-05
-6.5054550203757577e-01 3.4185997830709869e-01 1.1115296005326865e+01 2.3449250075533092e-05
-6.5054550203757577e-01 3.5191468355142524e-01 1.1109862101672839e+01 2.3839981955811114e-05
-6.5054550203757577e-01 3.6196938879575158e-01 1.1104761232650775e+01 2.4236627929758459e-05
-6.5054550203757577e-01 3.7202409404007797e-01 1.1099999192385019e+01 2.4637290171591136e-05
-6.5054550203757577e-01 3.8207879928440447e-01 1.1095580927888996e+01 2.5039700026494384e-05
-6.5054550203757577e-01 3.9213350452873086e-01 1.1091510576187572e+01 2.5441159801360227e-05
-6.5054550203757577e-01 4.0218820977305736e-01 1.1087791494438235e+01 2.5838474942963754e-05
-6.5054550203757577e-01 4.1224291501738375e-01 1.1084426282781928e+01 2.6227875686315837e-05
-6.5054550203757577e-01 4.2229762026171014e-01 1.1081416800310787e+01 2.6604928804710041e-05
-6.5054550203757577e-01 4.3235232550603664e-01 1.1078764175929775e+01 2.6964443960575149e-05
-6.5054550203757577e-01 4.4240703075036303e-01 1.1076468818679249e+01 2.7300387399679240e-05
-6.5054550203757577e-01 4.5246173599468953e-01 1.1074530424880550e+01 2.7605793386741407e-05
-6.5054550203757577e-01 4.6251644123901592e-01 1.1072946944847448e+01 2.7869479995204926e-05
-6.5054550203757577e-01 4.7257114648334225e-01 1.1071684849512486e+01 2.7984406056509534e-05
-6.5054550203757577e-01 4.8262585172766881e-01 1.1070597305858929e+01 2.7506298111948258e-05
-6.5054550203757577e-01 4.9268055697199514e-01 1.1070089378138137e+01 2.7949234229138306e-05
-6.5054550203757577e-01 5.0273526221632159e-01 1.1070034109987153e+01 2.8571917933348064e-05
-6.3247479364764314e-01 -5.0273526221632159e-01 1.1122752383073363e+01 2.7109258018397376e-05
-6.3247479364764314e-01 -4.9268055697199509e-01 1.1122842582283758e+01 2.6513778523332435e-05
-6.3247479364764314e-01 -4.8262585172766864e-01 1.1123440278901642e+01 2.6138456130524593e-05
-6.3247479364764314e-01 -4.7257114648334225e-01 1.1124651944152099e+01 2.6666609411258536e-05
-6.3247479364764314e-01 -4.6251644123901581e-01 1.1126078576181484e+01 2.6559412417421460e-05
-6.3247479364764314e-01 -4.5246173599468936e-01 1.1127872622521224e+01 2.6295861008946836e-05
-6.3247479364764314e-01 -4.4240703075036292e-01 1.1130068907549282e+01 2.5989967285849503e-05
-6.3247479364764314e-01 -4.3235232550603647e-01 1.1132669850644806e+01 2.5653102402248556e-05
-6.3247479364764314e-01 -4.2229762026171014e-01 1.1135676139751203e+01 2.5292226964893668e-05
-6.3247479364764314e-01 -4.1224291501738369e-01 1.1139087792848958e+01 2.4913403165135835e-05
-6.3247479364764314e-01 -4.0218820977305725e-01 1.1142904145209712e+01 2.4521875137694294e-05
-6.3247479364764314e-01 -3.9213350452873080e-01 1.1147123832767564e+01 2.4122145232167781e-05
-6.3247479364764314e-01 -3.8207879928440436e-01 1.1151744774397001e+01 2.3718059429649745e-05
-6.3247479364764314e-01 -3.7202409404007797e-01 1.1156764148246548e+01 2.3312889311342560e-05
-6.3247479364764314e-01 -3.6196938879575147e-01 1.1162178360047188e+01 2.2909405903839925e-05
-6.3247479364764314e-01 -3.5191468355142508e-01 1.1167983002690050e+01 2.2509944486743038e-05
-6.3247479364764314e-01 -3.4185997830709863e-01 1.1174172807003513e+01 2.2116460984508890e-05
-6.3247479364764314e-01 -3.3180527306277219e-01 1.1180741583962606e+01 2.1730581044880518e-05
-6.3247479364764314e-01 -3.2175056781844580e-01 1.1187682158752803e+01 2.1353642929643688e-05
-6.3247479364764314e-01 -3.1169586257411935e-01 1.1194986297309963e+01 2.0986735197621656e-05
-6.3247479364764314e-01 -3.0164115732979291e-01 1.1202644626246814e+01 2.0630729975643657e-05
-6.3247479364764314e-01 -2.9158645208546646e-01 1.1210646547518902e+01 2.0286312443908032e-05
-6.3247479364764314e-01 -2.8153174684114002e-01 1.1218980149849695e+01 1.9954007025043185e-05
-6.3247479364764314e-01 -2.7147704159681363e-01 1.1227632119913421e+01 1.9634200662573416e-05
-6.3247479364764314e-01 -2.6142233635248718e-01 1.1236587657689746e+01 1.9327163499600455e-05
-6.3247479364764314e-01 -2.5136763110816074e-01 1.1245830402430970e+01 1.9033067215830763e-05
-6.3247479364764314e-01 -2.4131292586383432e-01 1.1255342378574449e+01 1.8752001244786181e-05
-6.3247479364764314e-01 -2.3125822061950788e-01 1.1265103975068053e+01 1.8483987067627723e-05
-6.3247479364764314e-01 -2.2120351537518143e-01 1.1275093977517560e+01 1.8228990762053317e-05
-6.3247479364764314e-01 -2.1114881013085501e-01 1.1285289681176321e+01 1.7986933971149846e-05
-6.3247479364764314e-01 -2.0109410488652857e-01 1.1295667125426650e+01 1.7757703445990862e-05
-6.3247479364764314e-01 -1.9103939964220218e-01 1.1306201509205593e+01 1.7541159306005667e-05
-6.3247479364764314e-01 -1.8098469439787573e-01 1.1316867875338465e+01 1.7337142152053224e-05
-6.3247479364764314e-01 -1.7092998915354929e-01 1.1327642195914136e+01 1.7145479158035731e-05
-6.3247479364764314e-01 -1.6087528390922284e-01 1.1338503060983191e+01 1.6965989257938656e-05
-6.3247479364764314e-01 -1.5082057866489645e-01 1.1349434287404428e+01 1.6798487536281939e-05
-6.3247479364764314e-01 -1.4076587342057001e-01 1.1360428957582737e+01 1.6642788920951374e-05
-6.3247479364764314e-01 -1.3071116817624356e-01 1.1371495733990661e+01 1.6498711268738108e-05
-6.3247479364764314e-01 -1.2065646293191713e-01 1.1382668903370442e+01 1.6366077925345818e-05
-6.3247479364764314e-01 -1.1060175768759069e-01 1.1394024750599081e+01 1.6244719833490943e-05
-6.3247479364764314e-01 -1.0054705244326431e-01 1.1405709125329984e+01 1.6134477254983883e-05
-6.3247479364764314e-01 -9.0492347198937867e-02 1.1417985780673320e+01 1.6035201165366765e-05
-6.3247479364764314e-01 -8.0437641954611422e-02 1.1431325556264174e+01 1.5946754372781181e-05
-6.3247479364764314e-01 -7.0382936710284977e-02 1.1446581920481659e+01 1.5869012406647788e-05
-6.3247479364764314e-01 -6.0328231465958525e-02 1.1465367133413123e+01 1.5801864215408719e-05
-6.3247479364764314e-01 -5.0273526221632080e-02 1.1490918484110360e+01 1.5745212707891410e-05
-6.3247479364764314e-01 -4.0218820977305711e-02 1.1529491483641642e+01 1.5698975166579476e-05
-6.3247479364764314e-01 -3.0164115732979262e-02 1.1587268142042998e+01 1.5663083559103564e-05
-6.3247479364764314e-01 -2.0109410488652817e-02 1.1653146733814356e+01 1.5637484759888148e-05
-6.3247479364764314e-01 -1.0054705244326374e-02 1.1692299820837844e+01 1.5622140739852024e-05
-6.3247479364764314e-01 7.1065644079062674e-17 1.1673914911370396e+01 1.5617028609194257e-05
-6.3247479364764314e-01 1.0054705244326445e-02 1.1692299820837841e+01 1.5622140739986059e-05
-6.3247479364764314e-01 2.0109410488652890e-02 1.1653146733814349e+01 1.5637484764434845e-05
-6.3247479364764314e-01 3.0164115732979335e-02 1.1587268142043007e+01 1.5663083557819754e-05
-6.3247479364764314e-01 4.0218820977305780e-02 1.1529491483641637e+01 1.5698975166705562e-05
-6.3247479364764314e-01 5.0273526221632225e-02 1.1490918484110352e+01 1.5745212707782837e-05
-6.3247479364764314e-01 6.0328231465958670e-02 1.1465367133413116e+01 1.5801864215397877e-05
-6.3247479364764314e-01 7.0382936710285046e-02 1.1446581920481663e+01 1.5869012406616008e-05
-6.3247479364764314e-01 8.0437641954611491e-02 1.1431325556264182e+01 1.5946754372780486e-05
-6.3247479364764314e-01 9.0492347198937936e-02 1.1417985780673327e+01 1.6035201165363926e-05
-6.3247479364764314e-01 1.0054705244326438e-01 1.1405709125329988e+01 1.6134477254988444e-05
-6.3247479364764314e-01 1.1060175768759083e-01 1.1394024750599096e+01 1.6244719833488273e-05
-6.3247479364764314e-01 1.2065646293191720e-01 1.1382668903370435e+01 1.6366077925340590e-05
-6.3247479364764314e-01 1.3071116817624365e-01 1.1371495733990667e+01 1.6498711268735811e-05
-6.3247479364764314e-01 1.4076587342057009e-01 1.1360428957582744e+01 1.6642788920951320e-05
-6.3247479364764314e-01 1.5082057866489645e-01 1.1349434287404426e+01 1.6798487536282627e-05
-6.3247479364764314e-01 1.6087528390922298e-01 1.1338503060983181e+01 1.6965989257941410e-05
-6.3247479364764314e-01 1.7092998915354934e-01 1.1327642195914128e+01 1.7145479158034416e-05
-6.3247479364764314e-01 1.8098469439787587e-01 1.1316867875338458e+01 1.7337142152052784e-05
-6.3247479364764314e-01 1.9103939964220223e-01 1.1306201509205591e+01 1.7541159306003709e-05
-6.3247479364764314e-01 2.0109410488652862e-01 1.1295667125426643e+01 1.7757703445988924e-05
-6.3247479364764314e-01 2.1114881013085512e-01 1.1285289681176335e+01 1.7986933971152232e-05
-6.3247479364764314e-01 2.2120351537518151e-01 1.1275093977517567e+01 1.8228990762051806e-05
-6.3247479364764314e-01 2.3125822061950801e-01 1.1265103975068060e+01 1.8483987067627845e-05
-6.3247479364764314e-01 2.4131292586383440e-01 1.1255342378574460e+01 1.8752001244787747e-05
-6.3247479364764314e-01 2.5136763110816079e-01 1.1245830402430974e+01 1.9033067215832041e-05
-6.3247479364764314e-01 2.6142233635248729e-01 1.1236587657689752e+01 1.9327163499599774e-05
-6.3247479364764314e-01 2.7147704159681368e-01 1.1227632119913423e+01 1.9634200662574734e-05
-6.3247479364764314e-01 2.8153174684114018e-01 1.1218980149849708e+01 1.9954007025042331e-05
-6.3247479364764314e-01 2.9158645208546657e-01 1.1210646547518904e+01 2.0286312443909800e-05
-6.3247479364764314e-01 3.0164115732979291e-01 1.1202644626246814e+01 2.0630729975644656e-05
-6.3247479364764314e-01 3.1169586257411946e-01 1.1194986297309974e+01 2.0986735197622408e-05
-6.3247479364764314e-01 3.2175056781844580e-01 1.1187682158752809e+01 2.1353642929643671e-05
-6.3247479364764314e-01 3.3180527306277235e-01 1.1180741583962607e+01 2.1730581044882151e-05
-6.3247479364764314e-01 3.4185997830709869e-01 1.1174172807003510e+01 2.2116460984507311e-05
-6.3247479364764314e-01 3.5191468355142524e-01 1.1167983002690049e+01 2.2509944486741476e-05
-6.3247479364764314e-01 3.6196938879575158e-01 1.1162178360047193e+01 2.2909405903837685e-05
-6.3247479364764314e-01 3.7202409404007797e-01 1.1156764148246554e+01 2.3312889311344583e-05
-6.3247479364764314e-01 3.8207879928440447e-01 1.1151744774396995e+01 2.3718059429648931e-05
-6.3247479364764314e-01 3.9213350452873086e-01 1.1147123832767544e+01 2.4122145232167754e-05
-6.3247479364764314e-01 4.0218820977305736e-01 1.1142904145209707e+01 2.4521875137695212e-05
-6.3247479364764314e-01 4.1224291501738375e-01 1.1139087792848954e+01 2.4913403165138325e-05
-6.3247479364764314e-01 4.2229762026171014e-01 1.1135676139751203e+01 2.5292226964892706e-05
-6.3247479364764314e-01 4.3235232550603664e-01 1.1132669850644810e+01 2.5653102402248678e-05
-6.3247479364764314e-01 4.4240703075036303e-01 1.1130068907549285e+01 2.5989967285850018e-05
-6.3247479364764314e-01 4.5246173599468953e-01 1.1127872622521213e+01 2.6295861008946606e-05
-6.3247479364764314e-01 4.6251644123901592e-01 1.1126078576181497e+01 2.6559412417424421e-05
-6.3247479364764314e-01 4.7257114648334225e-01 1.1124651944152104e+01 2.6666609411261809e-05
-6.3247479364764314e-01 4.8262585172766881e-01 1.1123440278901642e+01 2.6138456130523474e-05
-6.3247479364764314e-01 4.9268055697199514e-01 1.1122842582283761e+01 2.6513778523333475e-05
-6.3247479364764314e-01 5.0273526221632159e-01 1.1122752383073362e+01 2.7109258018397952e-05
-6.1440408525771051e-01 -5.0273526221632159e-01 1.1177361104898800e+01 2.6017346851440132e-05
-6.1440408525771051e-01 -4.9268055697199509e-01 1.1177464396387281e+01 2.5391067442784367e-05
-6.1440408525771051e-01 -4.8262585172766864e-01 1.1178146014974981e+01 2.5054787793541940e-05
-6.1440408525771051e-01 -4.7257114648334225e-01 1.1179491782570958e+01 2.5637023111644575e-05
-6.1440408525771051e-01 -4.6251644123901581e-01 1.1181097272808724e+01 2.5539708232443138e-05
-6.1440408525771051e-01 -4.5246173599468936e-01 1.1183120437129460e+01 2.5278262086635439e-05
-6.1440408525771051e-01 -4.4240703075036292e-01 1.1185597491350279e+01 2.4974087979407392e-05
-6.1440408525771051e-01 -4.3235232550603647e-01 1.1188531345643590e+01 2.4638692966548493e-05
-6.1440408525771051e-01 -4.2229762026171014e-01 1.1191923216476532e+01 2.4278970188307845e-05
-6.1440408525771051e-01 -4.1224291501738369e-01 1.1195773716958961e+01 2.3900957127172350e-05
-6.1440408525771051e-01 -4.0218820977305725e-01 1.1200082839227019e+01 2.3509908139970465e-05
-6.1440408525771051e-01 -3.9213350452873080e-01 1.1204849932192849e+01 2.3110360044050347e-05
-6.1440408525771051e-01 -3.8207879928440436e-01 1.1210073677623063e+01 2.2706208249329459e-05
-6.1440408525771051e-01 -3.7202409404007797e-01 1.1215752059402400e+01 2.2300781264778684e-05
-6.1440408525771051e-01 -3.6196938879575147e-01 1.1221882323556391e+01 2.1896908879711792e-05
-6.1440408525771051e-01 -3.5191468355142508e-01 1.1228460927934490e+01 2.1496982899878637e-05
-6.1440408525771051e-01 -3.4185997830709863e-01 1.1235483481038909e+01 2.1103010796973265e-05
-6.1440408525771051e-01 -3.3180527306277219e-01 1.1242944669722480e+01 2.0716663110499846e-05
-6.1440408525771051e-01 -3.2175056781844580e-01 1.1250838175592145e+01 2.0339315487691960e-05
-6.1440408525771051e-01 -3.1169586257411935e-01 1.1259156580062834e+01 1.9972086133606071e-05
-6.1440408525771051e-01 -3.0164115732979291e-01 1.1267891258191105e+01 1.9615869292885109e-05
-6.1440408525771051e-01 -2.9158645208546646e-01 1.1277032261742178e+01 1.9271365247434584e-05
-6.1440408525771051e-01 -2.8153174684114002e-01 1.1286568192484248e+01 1.8939107206124267e-05
-6.1440408525771051e-01 -2.7147704159681363e-01 1.1296486067551619e+01 1.8619485384561119e-05
-6.1440408525771051e-01 -2.6142233635248718e-01 1.1306771180009591e+01 1.8312768519860543e-05
-6.1440408525771051e-01 -2.5136763110816074e-01 1.1317406959681803e+01 1.8019123031088228e-05
-6.1440408525771051e-01 -2.4131292586383432e-01 1.1328374842150508e+01 1.7738630014477801e-05
-6.1440408525771051e-01 -2.3125822061950788e-01 1.1339654158038824e+01 1.7471300249186793e-05
-6.1440408525771051e-01 -2.2120351537518143e-01 1.1351222060879259e+01 1.7217087380536906e-05
-6.1440408525771051e-01 -2.1114881013085501e-01 1.1363053521066673e+01 1.6975899441013493e-05
-6.1440408525771051e-01 -2.0109410488652857e-01 1.1375121427167265e+01 1.6747608863242506e-05
-6.1440408525771051e-01 -1.9103939964220218e-01 1.1387396856774416e+01 1.6532061132924152e-05
-6.1440408525771051e-01 -1.8098469439787573e-01 1.1399849611432177e+01 1.6329082222670637e-05
-6.1440408525771051e-01 -1.7092998915354929e-01 1.1412449161224721e+01 1.6138484939931524e-05
-6.1440408525771051e-01 -1.6087528390922284e-01 1.1425166227469294e+01 1.5960074313939052e-05
-6.1440408525771051e-01 -1.5082057866489645e-01 1.1437975370524201e+01 1.5793652137396750e-05
-6.1440408525771051e-01 -1.4076587342057001e-01 1.1450859189920969e+01 1.5639020769693661e-05
-6.1440408525771051e-01 -1.3071116817624356e-01 1.1463815177569684e+01 1.5495986298944274e-05
-6.1440408525771051e-01 -1.2065646293191713e-01 1.1476867083983185e+01 1.5364361151083523e-05
-6.1440408525771051e-01 -1.1060175768759069e-01 1.1490084288278176e+01 1.5243966225316417e-05
-6.1440408525771051e-01 -1.0054705244326431e-01 1.1503616111408038e+01 1.5134632626824864e-05
-6.1440408525771051e-01 -9.0492347198937867e-02 1.1517755849475446e+01 1.5036203059470370e-05
-6.1440408525771051e-01 -8.0437641954611422e-02 1.1533068785385924e+01 1.4948532933876784e-05
-6.1440408525771051e-01 -7.0382936710284977e-02 1.1550672942471916e+01 1.4871491239352211e-05
-6.1440408525771051e-01 -6.0328231465958525e-02 1.1572937272806241e+01 1.4804961221542377e-05
-6.1440408525771051e-01 -5.0273526221632080e-02 1.1605401660847599e+01 1.4748840902058768e-05
-6.1440408525771051e-01 -4.0218820977305711e-02 1.1660222571615542e+01 1.4703043471009574e-05
-6.1440408525771051e-01 -3.0164115732979262e-02 1.1744601185923642e+01 1.4667497575909803e-05
-6.1440408525771051e-01 -2.0109410488652817e-02 1.1810989974013509e+01 1.4642147532254427e-05
-6.1440408525771051e-01 -1.0054705244326374e-02 1.1781570018719888e+01 1.4626953483485477e-05
-6.1440408525771051e-01 7.1065644079062674e-17 1.1678713343394454e+01 1.4621891474158266e-05
-6.1440408525771051e-01 1.0054705244326445e-02 1.1781570018719888e+01 1.4626953481900612e-05
-6.1440408525771051e-01 2.0109410488652890e-02 1.1810989974013498e+01 1.4642147539917762e-05
-6.1440408525771051e-01 3.0164115732979335e-02 1.1744601185923649e+01 1.4667497576162307e-05
-6.1440408525771051e-01 4.0218820977305780e-02 1.1660222571615538e+01 1.4703043471586499e-05
-6.1440408525771051e-01 5.0273526221632225e-02 1.1605401660847598e+01 1.4748840902124137e-05
-6.1440408525771051e-01 6.0328231465958670e-02 1.1572937272806239e+01 1.4804961221534889e-05
-6.1440408525771051e-01 7.0382936710285046e-02 1.1550672942471913e+01 1.4871491239346629e-05
-6.1440408525771051e-01 8.0437641954611491e-02 1.1533068785385927e+01 1.4948532933881924e-05
-6.1440408525771051e-01 9.0492347198937936e-02 1.1517755849475440e+01 1.5036203059469646e-05
-6.1440408525771051e-01 1.0054705244326438e-01 1.1503616111408043e+01 1.5134632626828508e-05
-6.1440408525771051e-01 1.1060175768759083e-01 1.1490084288278162e+01 1.5243966225315875e-05
-6.1440408525771051e-01 1.2065646293191720e-01 1.1476867083983191e+01 1.5364361151083686e-05
-6.1440408525771051e-01 1.3071116817624365e-01 1.1463815177569684e+01 1.5495986298945019e-05
-6.1440408525771051e-01 1.4076587342057009e-01 1.1450859189920971e+01 1.5639020769693905e-05
-6.1440408525771051e-01 1.5082057866489645e-01 1.1437975370524207e+01 1.5793652137395056e-05
-6.1440408525771051e-01 1.6087528390922298e-01 1.1425166227469294e+01 1.5960074313937379e-05
-6.1440408525771051e-01 1.7092998915354934e-01 1.1412449161224719e+01 1.6138484939930294e-05
-6.1440408525771051e-01 1.8098469439787587e-01 1.1399849611432170e+01 1.6329082222667713e-05
-6.1440408525771051e-01 1.9103939964220223e-01 1.1387396856774414e+01 1.6532061132925945e-05
-6.1440408525771051e-01 2.0109410488652862e-01 1.1375121427167272e+01 1.6747608863241919e-05
-6.1440408525771051e-01 2.1114881013085512e-01 1.1363053521066668e+01 1.6975899441013703e-05
-6.1440408525771051e-01 2.2120351537518151e-01 1.1351222060879266e+01 1.7217087380536686e-05
-6.1440408525771051e-01 2.3125822061950801e-01 1.1339654158038829e+01 1.7471300249187891e-05
-6.1440408525771051e-01 2.4131292586383440e-01 1.1328374842150522e+01 1.7738630014478123e-05
-6.1440408525771051e-01 2.5136763110816079e-01 1.1317406959681795e+01 1.8019123031091416e-05
-6.1440408525771051e-01 2.6142233635248729e-01 1.1306771180009584e+01 1.8312768519860265e-05
-6.1440408525771051e-01 2.7147704159681368e-01 1.1296486067551623e+01 1.8619485384560581e-05
-6.1440408525771051e-01 2.8153174684114018e-01 1.1286568192484257e+01 1.8939107206125551e-05
-6.1440408525771051e-01 2.9158645208546657e-01 1.1277032261742169e+01 1.9271365247432304e-05
-6.1440408525771051e-01 3.0164115732979291e-01 1.1267891258191108e+01 1.9615869292882551e-05
-6.1440408525771051e-01 3.1169586257411946e-01 1.1259156580062843e+01 1.9972086133605386e-05
-6.1440408525771051e-01 3.2175056781844580e-01 1.1250838175592129e+01 2.0339315487691218e-05
-6.1440408525771051e-01 3.3180527306277235e-01 1.1242944669722478e+01 2.0716663110498917e-05
-6.1440408525771051e-01 3.4185997830709869e-01 1.1235483481038896e+01 2.1103010796971577e-05
-6.1440408525771051e-01 3.5191468355142524e-01 1.1228460927934494e+01 2.1496982899879982e-05
-6.1440408525771051e-01 3.6196938879575158e-01 1.1221882323556388e+01 2.1896908879711877e-05
-6.1440408525771051e-01 3.7202409404007797e-01 1.1215752059402401e+01 2.2300781264779931e-05
-6.1440408525771051e-01 3.8207879928440447e-01 1.1210073677623063e+01 2.2706208249328520e-05
-6.1440408525771051e-01 3.9213350452873086e-01 1.1204849932192849e+01 2.3110360044048639e-05
-6.1440408525771051e-01 4.0218820977305736e-01 1.1200082839227017e+01 2.3509908139968802e-05
-6.1440408525771051e-01 4.1224291501738375e-01 1.1195773716958945e+01 2.3900957127170924e-05
-6.1440408525771051e-01 4.2229762026171014e-01 1.1191923216476519e+01 2.4278970188307659e-05
-6.1440408525771051e-01 4.3235232550603664e-01 1.1188531345643579e+01 2.4638692966547849e-05
-6.1440408525771051e-01 4.4240703075036303e-01 1.1185597491350265e+01 2.4974087979403515e-05
-6.1440408525771051e-01 4.5246173599468953e-01 1.1183120437129460e+01 2.5278262086636598e-05
-6.1440408525771051e-01 4.6251644123901592e-01 1.1181097272808731e+01 2.5539708232441522e-05
-6.1440408525771051e-01 4.7257114648334225e-01 1.1179491782570963e+01 2.5637023111644318e-05
-6.1440408525771051e-01 4.8262585172766881e-01 1.1178146014974986e+01 2.5054787793542079e-05
-6.1440408525771051e-01 4.9268055697199514e-01 1.1177464396387286e+01 2.5391067442783157e-05
-6.1440408525771051e-01 5.0273526221632159e-01 1.1177361104898800e+01 2.6017346851440224e-05
-5.9633337686777776e-01 -5.0273526221632159e-01 1.1233406312182753e+01 2.5202102257148946e-05
-5.9633337686777776e-01 -4.9268055697199509e-01 1.1233550769096455e+01 2.4602207258237420e-05
-5.9633337686777776e-01 -4.8262585172766864e-01 1.1234296569187082e+01 2.4243316802965298e-05
-5.9633337686777776e-01 -4.7257114648334225e-01 1.1235783934240715e+01 2.4878165026384208e-05
-5.9633337686777776e-01 -4.6251644123901581e-01 1.1237582166773876e+01 2.4792818798346225e-05
-5.9633337686777776e-01 -4.5246173599468936e-01 1.1239852515356915e+01 2.4535584803659072e-05
-5.9633337686777776e-01 -4.4240703075036292e-01 1.1242632661469930e+01 2.4235526831155721e-05
-5.9633337686777776e-01 -4.3235232550603647e-01 1.1245926146086331e+01 2.3904229753719190e-05
-5.9633337686777776e-01 -4.2229762026171014e-01 1.1249734881537842e+01 2.3548453589696916e-05
-5.9633337686777776e-01 -4.1224291501738369e-01 1.1254060270661137e+01 2.3174152007286504e-05
-5.9633337686777776e-01 -4.0218820977305725e-01 1.1258903185662151e+01 2.2786538373652318e-05
-5.9633337686777776e-01 -3.9213350452873080e-01 1.1264263941695109e+01 2.2390140947304298e-05
-5.9633337686777776e-01 -3.8207879928440436e-01 1.1270142268267369e+01 2.1988869414635676e-05
-5.9633337686777776e-01 -3.7202409404007797e-01 1.1276537273028282e+01 2.1586081270678995e-05
-5.9633337686777776e-01 -3.6196938879575147e-01 1.1283447395148929e+01 2.1184643499205638e-05
-5.9633337686777776e-01 -3.5191468355142508e-01 1.1290870346757258e+01 2.0786988345548131e-05
-5.9633337686777776e-01 -3.4185997830709863e-01 1.1298803041394059e+01 2.0395163352223601e-05
-5.9633337686777776e-01 -3.3180527306277219e-01 1.1307241508594707e+01 2.0010876275672246e-05
-5.9633337686777776e-01 -3.2175056781844580e-01 1.1316180793691121e+01 1.9635535551626352e-05
-5.9633337686777776e-01 -3.1169586257411935e-01 1.1325614841886228e+01 1.9270286881126697e-05
-5.9633337686777776e-01 -3.0164115732979291e-01 1.1335536365650798e+01 1.8916046383711403e-05
-5.9633337686777776e-01 -2.9158645208546646e-01 1.1345936694590812e+01 1.8573530653870041e-05
-5.9633337686777776e-01 -2.8153174684114002e-01 1.1356805607195676e+01 1.8243283975318315e-05
-5.9633337686777776e-01 -2.7147704159681363e-01 1.1368131144391263e+01 1.7925702893915098e-05
-5.9633337686777776e-01 -2.6142233635248718e-01 1.1379899405707185e+01 1.7621058318905680e-05
-5.9633337686777776e-01 -2.5136763110816074e-01 1.1392094330307145e+01 1.7329515306637421e-05
-5.9633337686777776e-01 -2.4131292586383432e-01 1.1404697467390291e+01 1.7051150675269939e-05
-5.9633337686777776e-01 -2.3125822061950788e-01 1.1417687743954859e+01 1.6785968598449771e-05
-5.9633337686777776e-01 -2.2120351537518143e-01 1.1431041243229538e+01 1.6533914327352365e-05
-5.9633337686777776e-01 -2.1114881013085501e-01 1.1444731015167084e+01 1.6294886191753393e-05
-5.9633337686777776e-01 -2.0109410488652857e-01 1.1458726952726014e+01 1.6068746030430889e-05
-5.9633337686777776e-01 -1.9103939964220218e-01 1.1472995786601437e+01 1.5855328199328408e-05
-5.9633337686777776e-01 -1.8098469439787573e-01 1.1487501280478712e+01 1.5654447301458462e-05
-5.9633337686777776e-01 -1.7092998915354929e-01 1.1502204755341751e+01 1.5465904776871990e-05
-5.9633337686777776e-01 -1.6087528390922284e-01 1.1517066146379808e+01 1.5289494483247204e-05
-5.9633337686777776e-01 -1.5082057866489645e-01 1.1532045920543586e+01 1.5125007389426312e-05
-5.9633337686777776e-01 -1.4076587342057001e-01 1.1547108396512080e+01 1.4972235494629849e-05
-5.9633337686777776e-01 -1.3071116817624356e-01 1.1562227390482491e+01 1.4830975076756602e-05
-5.9633337686777776e-01 -1.2065646293191713e-01 1.1577395824803403e+01 1.4701029363369340e-05
-5.9633337686777776e-01 -1.1060175768759069e-01 1.1592642343116983e+01 1.4582210709540601e-05
-5.9633337686777776e-01 -1.0054705244326431e-01 1.1608060922568114e+01 1.4474342357587743e-05
-5.9633337686777776e-01 -9.0492347198937867e-02 1.1623866105995603e+01 1.4377259845244972e-05
-5.9633337686777776e-01 -8.0437641954611422e-02 1.1640502770177145e+01 1.4290812120493874e-05
-5.9633337686777776e-01 -7.0382936710284977e-02 1.1658884197781733e+01 1.4214862414162309e-05
-5.9633337686777776e-01 -6.0328231465958525e-02 1.1680976005348903e+01 1.4149288914143931e-05
-5.9633337686777776e-01 -5.0273526221632080e-02 1.1711444124202448e+01 1.4093985279100194e-05
-5.9633337686777776e-01 -4.0218820977305711e-02 1.1761513119499869e+01 1.4048861023396185e-05
-5.9633337686777776e-01 -3.0164115732979262e-02 1.1842136809070990e+01 1.4013841800688556e-05
-5.9633337686777776e-01 -2.0109410488652817e-02 1.1911053623106909e+01 1.3988869618687009e-05
-5.9633337686777776e-01 -1.0054705244326374e-02 1.1907700429287496e+01 1.3973902924626492e-05
-5.9633337686777776e-01 7.1065644079062674e-17 1.1871365849822222e+01 1.3968916799515205e-05
-5.9633337686777776e-01 1.0054705244326445e-02 1.1907700429287519e+01 1.3973902922699192e-05
-5.9633337686777776e-01 2.0109410488652890e-02 1.1911053623106904e+01 1.3988869610514492e-05
-5.9633337686777776e-01 3.0164115732979335e-02 1.1842136809071015e+01 1.4013841799516217e-05
-5.9633337686777776e-01 4.0218820977305780e-02 1.1761513119499886e+01 1.4048861023752354e-05
-5.9633337686777776e-01 5.0273526221632225e-02 1.1711444124202446e+01 1.4093985279053902e-05
-5.9633337686777776e-01 6.0328231465958670e-02 1.1680976005348903e+01 1.4149288914142716e-05
-5.9633337686777776e-01 7.0382936710285046e-02 1.1658884197781735e+01 1.4214862414147616e-05
-5.9633337686777776e-01 8.0437641954611491e-02 1.1640502770177138e+01 1.4290812120488888e-05
-5.9633337686777776e-01 9.0492347198937936e-02 1.1623866105995594e+01 1.4377259845237061e-05
-5.9633337686777776e-01 1.0054705244326438e-01 1.1608060922568123e+01 1.4474342357588379e-05
-5.9633337686777776e-01 1.1060175768759083e-01 1.1592642343116996e+01 1.4582210709536660e-05
-5.9633337686777776e-01 1.2065646293191720e-01 1.1577395824803402e+01 1.4701029363370397e-05
-5.9633337686777776e-01 1.3071116817624365e-01 1.1562227390482491e+01 1.4830975076754935e-05
-5.9633337686777776e-01 1.4076587342057009e-01 1.1547108396512078e+01 1.4972235494631333e-05
-5.9633337686777776e-01 1.5082057866489645e-01 1.1532045920543586e+01 1.5125007389426568e-05
-5.9633337686777776e-01 1.6087528390922298e-01 1.1517066146379813e+01 1.5289494483246845e-05
-5.9633337686777776e-01 1.7092998915354934e-01 1.1502204755341740e+01 1.5465904776868405e-05
-5.9633337686777776e-01 1.8098469439787587e-01 1.1487501280478710e+01 1.5654447301458446e-05
-5.9633337686777776e-01 1.9103939964220223e-01 1.1472995786601448e+01 1.5855328199326446e-05
-5.9633337686777776e-01 2.0109410488652862e-01 1.1458726952726009e+01 1.6068746030431004e-05
-5.9633337686777776e-01 2.1114881013085512e-01 1.1444731015167072e+01 1.6294886191751007e-05
-5.9633337686777776e-01 2.2120351537518151e-01 1.1431041243229537e+01 1.6533914327353351e-05
-5.9633337686777776e-01 2.3125822061950801e-01 1.1417687743954861e+01 1.6785968598447853e-05
-5.9633337686777776e-01 2.4131292586383440e-01 1.1404697467390292e+01 1.7051150675269817e-05
-5.9633337686777776e-01 2.5136763110816079e-01 1.1392094330307149e+01 1.7329515306635131e-05
-5.9633337686777776e-01 2.6142233635248729e-01 1.1379899405707203e+01 1.7621058318904840e-05
-5.9633337686777776e-01 2.7147704159681368e-01 1.1368131144391265e+01 1.7925702893915071e-05
-5.9633337686777776e-01 2.8153174684114018e-01 1.1356805607195666e+01 1.8243283975319884e-05
-5.9633337686777776e-01 2.9158645208546657e-01 1.1345936694590810e+01 1.8573530653870211e-05
-5.9633337686777776e-01 3.0164115732979291e-01 1.1335536365650798e+01 1.8916046383711426e-05
-5.9633337686777776e-01 3.1169586257411946e-01 1.1325614841886226e+01 1.9270286881127263e-05
-5.9633337686777776e-01 3.2175056781844580e-01 1.1316180793691119e+01 1.9635535551625566e-05
-5.9633337686777776e-01 3.3180527306277235e-01 1.1307241508594712e+01 2.0010876275671256e-05
-5.9633337686777776e-01 3.4185997830709869e-01 1.1298803041394075e+01 2.0395163352222682e-05
-5.9633337686777776e-01 3.5191468355142524e-01 1.1290870346757258e+01 2.0786988345548602e-05
-5.9633337686777776e-01 3.6196938879575158e-01 1.1283447395148936e+01 2.1184643499204198e-05
-5.9633337686777776e-01 3.7202409404007797e-01 1.1276537273028282e+01 2.1586081270676285e-05
-5.9633337686777776e-01 3.8207879928440447e-01 1.1270142268267366e+01 2.1988869414633501e-05
-5.9633337686777776e-01 3.9213350452873086e-01 1.1264263941695107e+01 2.2390140947302519e-05
-5.9633337686777776e-01 4.0218820977305736e-01 1.1258903185662149e+01 2.2786538373650987e-05
-5.9633337686777776e-01 4.1224291501738375e-01 1.1254060270661135e+01 2.3174152007285569e-05
-5.9633337686777776e-01 4.2229762026171014e-01 1.1249734881537838e+01 2.3548453589696970e-05
-5.9633337686777776e-01 4.3235232550603664e-01 1.1245926146086328e+01 2.3904229753718936e-05
-5.9633337686777776e-01 4.4240703075036303e-01 1.1242632661469939e+01 2.4235526831154705e-05
-5.9633337686777776e-01 4.5246173599468953e-01 1.1239852515356915e+01 2.4535584803658916e-05
-5.9633337686777776e-01 4.6251644123901592e-01 1.1237582166773876e+01 2.4792818798346313e-05
-5.9633337686777776e-01 4.7257114648334225e-01 1.1235783934240715e+01 2.4878165026382050e-05
-5.9633337686777776e-01 4.8262585172766881e-01 1.1234296569187098e+01 2.4243316802962557e-05
-5.9633337686777776e-01 4.9268055697199514e-01 1.1233550769096450e+01 2.4602207258236529e-05
-5.9633337686777776e-01 5.0273526221632159e-01 1.1233406312182753e+01 2.5202102257148380e-05
-5.7826266847784524e-01 -5.0273526221632159e-01 1.1289651955764723e+01 2.2833420240369104e-05
-5.7826266847784524e-01 -4.9268055697199509e-01 1.1289854520283143e+01 2.2290510927531442e-05
-5.7826266847784524e-01 -4.8262585172766864e-01 1.1290753126155813e+01 2.2097480522850560e-05
-5.7826266847784524e-01 -4.7257114648334225e-01 1.1292395782980215e+01 2.2797586684164285e-05
-5.7826266847784524e-01 -4.6251644123901581e-01 1.1294400219579037e+01 2.2725941779405153e-05
-5.7826266847784524e-01 -4.5246173599468936e-01 1.1296935337745971e+01 2.2474831060837395e-05
-5.7826266847784524e-01 -4.4240703075036292e-01 1.1300040342064445e+01 2.2181066777002832e-05
-5.7826266847784524e-01 -4.3235232550603647e-01 1.1303719559873336e+01 2.1856246237976839e-05
-5.7826266847784524e-01 -4.2229762026171014e-01 1.1307975786523805e+01 2.1506927937428835e-05
-5.7826266847784524e-01 -4.1224291501738369e-01 1.1312811432097469e+01 2.1138917919188989e-05
-5.7826266847784524e-01 -4.0218820977305725e-01 1.1318228498606153e+01 2.0757331377688996e-05
-5.7826266847784524e-01 -3.9213350452873080e-01 1.1324228551559218e+01 2.0366638520345150e-05
-5.7826266847784524e-01 -3.8207879928440436e-01 1.1330812689091328e+01 1.9970721854460212e-05
-5.7826266847784524e-01 -3.7202409404007797e-01 1.1337981502899574e+01 1.9572934274711457e-05
-5.7826266847784524e-01 -3.6196938879575147e-01 1.1345735027823586e+01 1.9176153738872565e-05
-5.7826266847784524e-01 -3.5191468355142508e-01 1.1354072678080415e+01 1.8782833379982978e-05
-5.7826266847784524e-01 -3.4185997830709863e-01 1.1362993168567469e+01 1.8395047140740919e-05
-5.7826266847784524e-01 -3.3180527306277219e-01 1.1372494419661093e+01 1.8014531400891868e-05
-5.7826266847784524e-01 -3.2175056781844580e-01 1.1382573443770090e+01 1.7642723094373866e-05
-5.7826266847784524e-01 -3.1169586257411935e-01 1.1393226211661117e+01 1.7280794716832710e-05
-5.7826266847784524e-01 -3.0164115732979291e-01 1.1404447496318511e+01 1.6929686509713989e-05
-5.7826266847784524e-01 -2.9158645208546646e-01 1.1416230691879532e+01 1.6590136014318852e-05
-5.7826266847784524e-01 -2.8153174684114002e-01 1.1428567605046144e+01 1.6262705127619794e-05
-5.7826266847784524e-01 -2.7147704159681363e-01 1.1441448216377340e+01 1.5947804758724857e-05
-5.7826266847784524e-01 -2.6142233635248718e-01 1.1454860409107198e+01 1.5645717173285626e-05
-5.7826266847784524e-01 -2.5136763110816074e-01 1.1468789663752867e+01 1.5356616115594392e-05
-5.7826266847784524e-01 -2.4131292586383432e-01 1.1483218717987608e+01 1.5080584808042093e-05
-5.7826266847784524e-01 -2.3125822061950788e-01 1.1498127193381908e+01 1.4817631940299474e-05
-5.7826266847784524e-01 -2.2120351537518143e-01 1.1513491194153852e+01 1.4567705772858880e-05
-5.7826266847784524e-01 -2.1114881013085501e-01 1.1529282888771965e+01 1.4330706489335355e-05
-5.7826266847784524e-01 -2.0109410488652857e-01 1.1545470094281081e+01 1.4106496938335808e-05
-5.7826266847784524e-01 -1.9103939964220218e-01 1.1562015897384113e+01 1.3894911908635827e-05
-5.7826266847784524e-01 -1.8098469439787573e-01 1.1578878368482435e+01 1.3695766080756303e-05
-5.7826266847784524e-01 -1.7092998915354929e-01 1.1596010459712499e+01 1.3508860794514430e-05
-5.7826266847784524e-01 -1.6087528390922284e-01 1.1613360233275973e+01 1.3333989766409983e-05
-5.7826266847784524e-01 -1.5082057866489645e-01 1.1630871655408546e+01 1.3170943882899226e-05
-5.7826266847784524e-01 -1.4076587342057001e-01 1.1648486338040428e+01 1.3019515187021702e-05
-5.7826266847784524e-01 -1.3071116817624356e-01 1.1666146859022273e+01 1.2879500166309985e-05
-5.7826266847784524e-01 -1.2065646293191713e-01 1.1683802729244899e+01 1.2750702440113741e-05
-5.7826266847784524e-01 -1.1060175768759069e-01 1.1701420877584388e+01 1.2632934934924947e-05
-5.7826266847784524e-01 -1.0054705244326431e-01 1.1719004070929682e+01 1.2526021626698111e-05
-5.7826266847784524e-01 -9.0492347198937867e-02 1.1736623833836209e+01 1.2429798920440297e-05
-5.7826266847784524e-01 -8.0437641954611422e-02 1.1754481244923243e+01 1.2344116728525584e-05
-5.7826266847784524e-01 -7.0382936710284977e-02 1.1773024825675252e+01 1.2268839301914957e-05
-5.7826266847784524e-01 -6.0328231465958525e-02 1.1793194982226531e+01 1.2203845860631258e-05
-5.7826266847784524e-01 -5.0273526221632080e-02 1.1816973645939644e+01 1.2149031063809008e-05
-5.7826266847784524e-01 -4.0218820977305711e-02 1.1848583760987841e+01 1.2104305352828451e-05
-5.7826266847784524e-01 -3.0164115732979262e-02 1.1895176410705854e+01 1.2069595196567460e-05
-5.7826266847784524e-01 -2.0109410488652817e-02 1.1955230531049006e+01 1.2044843261879011e-05
-5.7826266847784524e-01 -1.0054705244326374e-02 1.2001122273056248e+01 1.2030008534789932e-05
-5.7826266847784524e-01 7.1065644079062674e-17 1.1989422293234012e+01 1.2025066355010878e-05
-5.7826266847784524e-01 1.0054705244326445e-02 1.2001122273056245e+01 1.2030008524939181e-05
-5.7826266847784524e-01 2.0109410488652890e-02 1.1955230531049013e+01 1.2044843260912690e-05
-5.7826266847784524e-01 3.0164115732979335e-02 1.1895176410705849e+01 1.2069595196341082e-05
-5.7826266847784524e-01 4.0218820977305780e-02 1.1848583760987838e+01 1.2104305352819642e-05
-5.7826266847784524e-01 5.0273526221632225e-02 1.1816973645939624e+01 1.2149031063758777e-05
-5.7826266847784524e-01 6.0328231465958670e-02 1.1793194982226527e+01 1.2203845860609418e-05
-5.7826266847784524e-01 7.0382936710285046e-02 1.1773024825675259e+01 1.2268839301891924e-05
-5.7826266847784524e-01 8.0437641954611491e-02 1.1754481244923243e+01 1.2344116728522201e-05
-5.7826266847784524e-01 9.0492347198937936e-02 1.1736623833836205e+01 1.2429798920439674e-05
-5.7826266847784524e-01 1.0054705244326438e-01 1.1719004070929683e+01 1.2526021626703314e-05
-5.7826266847784524e-01 1.1060175768759083e-01 1.1701420877584386e+01 1.2632934934922894e-05
-5.7826266847784524e-01 1.2065646293191720e-01 1.1683802729244892e+01 1.2750702440109614e-05
-5.7826266847784524e-01 1.3071116817624365e-01 1.1666146859022259e+01 1.2879500166306946e-05
-5.7826266847784524e-01 1.4076587342057009e-01 1.1648486338040435e+01 1.3019515187021155e-05
-5.7826266847784524e-01 1.5082057866489645e-01 1.1630871655408535e+01 1.3170943882895225e-05
-5.7826266847784524e-01 1.6087528390922298e-01 1.1613360233275962e+01 1.3333989766410997e-05
-5.7826266847784524e-01 1.7092998915354934e-01 1.1596010459712495e+01 1.3508860794515359e-05
-5.7826266847784524e-01 1.8098469439787587e-01 1.1578878368482433e+01 1.3695766080756789e-05
-5.7826266847784524e-01 1.9103939964220223e-01 1.1562015897384116e+01 1.3894911908637941e-05
-5.7826266847784524e-01 2.0109410488652862e-01 1.1545470094281090e+01 1.4106496938337853e-05
-5.7826266847784524e-01 2.1114881013085512e-01 1.1529282888771966e+01 1.4330706489335965e-05
-5.7826266847784524e-01 2.2120351537518151e-01 1.1513491194153868e+01 1.4567705772859268e-05
-5.7826266847784524e-01 2.3125822061950801e-01 1.1498127193381919e+01 1.4817631940298554e-05
-5.7826266847784524e-01 2.4131292586383440e-01 1.1483218717987599e+01 1.5080584808043721e-05
-5.7826266847784524e-01 2.5136763110816079e-01 1.1468789663752860e+01 1.5356616115593992e-05
-5.7826266847784524e-01 2.6142233635248729e-01 1.1454860409107193e+01 1.5645717173285595e-05
-5.7826266847784524e-01 2.7147704159681368e-01 1.1441448216377346e+01 1.5947804758723174e-05
-5.7826266847784524e-01 2.8153174684114018e-01 1.1428567605046148e+01 1.6262705127619398e-05
-5.7826266847784524e-01 2.9158645208546657e-01 1.1416230691879530e+01 1.6590136014318388e-05
-5.7826266847784524e-01 3.0164115732979291e-01 1.1404447496318518e+01 1.6929686509714792e-05
-5.7826266847784524e-01 3.1169586257411946e-01 1.1393226211661130e+01 1.7280794716832497e-05
-5.7826266847784524e-01 3.2175056781844580e-01 1.1382573443770085e+01 1.7642723094377342e-05
-5.7826266847784524e-01 3.3180527306277235e-01 1.1372494419661091e+01 1.8014531400894060e-05
-5.7826266847784524e-01 3.4185997830709869e-01 1.1362993168567472e+01 1.8395047140741396e-05
-5.7826266847784524e-01 3.5191468355142524e-01 1.1354072678080424e+01 1.8782833379984421e-05
-5.7826266847784524e-01 3.6196938879575158e-01 1.1345735027823594e+01 1.9176153738875208e-05
-5.7826266847784524e-01 3.7202409404007797e-01 1.1337981502899561e+01 1.9572934274709305e-05
-5.7826266847784524e-01 3.8207879928440447e-01 1.1330812689091331e+01 1.9970721854461127e-05
-5.7826266847784524e-01 3.9213350452873086e-01 1.1324228551559228e+01 2.0366638520344716e-05
-5.7826266847784524e-01 4.0218820977305736e-01 1.1318228498606150e+01 2.0757331377688979e-05
-5.7826266847784524e-01 4.1224291501738375e-01 1.1312811432097472e+01 2.1138917919188691e-05
-5.7826266847784524e-01 4.2229762026171014e-01 1.1307975786523803e+01 2.1506927937427510e-05
-5.7826266847784524e-01 4.3235232550603664e-01 1.1303719559873336e+01 2.1856246237975623e-05
-5.7826266847784524e-01 4.4240703075036303e-01 1.1300040342064460e+01 2.2181066777002259e-05
-5.7826266847784524e-01 4.5246173599468953e-01 1.1296935337745968e+01 2.2474831060838546e-05
-5.7826266847784524e-01 4.6251644123901592e-01 1.1294400219579021e+01 2.2725941779406231e-05
-5.7826266847784524e-01 4.7257114648334225e-01 1.1292395782980233e+01 2.2797586684163956e-05
-5.7826266847784524e-01 4.8262585172766881e-01 1.1290753126155819e+01 2.2097480522850696e-05
-5.7826266847784524e-01 4.9268055697199514e-01 1.1289854520283139e+01 2.2290510927530073e-05
-5.7826266847784524e-01 5.0273526221632159e-01 1.1289651955764722e+01 2.2833420240370009e-05
-5.6019196008791250e-01 -5.0273526221632159e-01 1.1346679548993887e+01 2.1380457518708512e-05
-5.6019196008791250e-01 -4.9268055697199509e-01 1.1346925891946306e+01 2.0852059241572642e-05
-5.6019196008791250e-01 -4.8262585172766864e-01 1.1347935187492990e+01 2.0709614232689021e-05
-5.6019196008791250e-01 -4.7257114648334225e-01 1.1349738350611135e+01 2.1469686874636315e-05
-5.6019196008791250e-01 -4.6251644123901581e-01 1.1351960855675921e+01 2.1413631801435936e-05
-5.6019196008791250e-01 -4.5246173599468936e-01 1.1354776377251589e+01 2.1171165847583081e-05
-5.6019196008791250e-01 -4.4240703075036292e-01 1.1358225654131351e+01 2.0886632739833906e-05
-5.6019196008791250e-01 -4.3235232550603647e-01 1.1362313971680967e+01 2.0571563606190123e-05
-5.6019196008791250e-01 -4.2229762026171014e-01 1.1367045216241166e+01 2.0232240840992093e-05
-5.6019196008791250e-01 -4.1224291501738369e-01 1.1372423046845812e+01 1.9874251269303307e-05
-5.6019196008791250e-01 -4.0218820977305725e-01 1.1378450873095332e+01 1.9502545860708994e-05
-5.6019196008791250e-01 -3.9213350452873080e-01 1.1385131827556632e+01 1.9121477917634760e-05
-5.6019196008791250e-01 -3.8207879928440436e-01 1.1392468735873484e+01 1.8734851943108196e-05
-5.6019196008791250e-01 -3.7202409404007797e-01 1.1400464078521193e+01 1.8345973618959629e-05
-5.6019196008791250e-01 -3.6196938879575147e-01 1.1409119940677350e+01 1.7957697194737937e-05
-5.6019196008791250e-01 -3.5191468355142508e-01 1.1418437947783708e+01 1.7572469348329347e-05
-5.6019196008791250e-01 -3.4185997830709863e-01 1.1428419184673654e+01 1.7192369648187833e-05
-5.6019196008791250e-01 -3.3180527306277219e-01 1.1439064096016413e+01 1.6819148037582053e-05
-5.6019196008791250e-01 -3.2175056781844580e-01 1.1450372365484327e+01 1.6454259736808821e-05
-5.6019196008791250e-01 -3.1169586257411935e-01 1.1462342770576875e+01 1.6098897839644483e-05
-5.6019196008791250e-01 -3.0164115732979291e-01 1.1474973009483657e+01 1.5754023759180592e-05
-5.6019196008791250e-01 -2.9158645208546646e-01 1.1488259495764368e+01 1.5420395589583140e-05
-5.6019196008791250e-01 -2.8153174684114002e-01 1.1502197115989054e+01 1.5098594399389840e-05
-5.6019196008791250e-01 -2.7147704159681363e-01 1.1516778944848188e+01 1.4789048453226552e-05
-5.6019196008791250e-01 -2.6142233635248718e-01 1.1531995911660154e+01 1.4492055362788726e-05
-5.6019196008791250e-01 -2.5136763110816074e-01 1.1547836411758796e+01 1.4207802185926754e-05
-5.6019196008791250e-01 -2.4131292586383432e-01 1.1564285856075978e+01 1.3936383516925808e-05
-5.6019196008791250e-01 -2.3125822061950788e-01 1.1581326152562637e+01 1.3677817636758381e-05
-5.6019196008791250e-01 -2.2120351537518143e-01 1.1598935114268038e+01 1.3432060815143099e-05
-5.6019196008791250e-01 -2.1114881013085501e-01 1.1617085791455345e+01 1.3199019875293917e-05
-5.6019196008791250e-01 -2.0109410488652857e-01 1.1635745729899270e+01 1.2978563145810862e-05
-5.6019196008791250e-01 -1.9103939964220218e-01 1.1654876165750727e+01 1.2770529932825479e-05
-5.6019196008791250e-01 -1.8098469439787573e-01 1.1674431180984188e+01 1.2574738649182977e-05
-5.6019196008791250e-01 -1.7092998915354929e-01 1.1694356865403831e+01 1.2390993737138062e-05
-5.6019196008791250e-01 -1.6087528390922284e-01 1.1714590565967164e+01 1.2219091517406710e-05
-5.6019196008791250e-01 -1.5082057866489645e-01 1.1735060358743629e+01 1.2058825091315683e-05
-5.6019196008791250e-01 -1.4076587342057001e-01 1.1755684964009443e+01 1.1909988415156939e-05
-5.6019196008791250e-01 -1.3071116817624356e-01 1.1776374457997049e+01 1.1772379656548534e-05
-5.6019196008791250e-01 -1.2065646293191713e-01 1.1797032343272395e+01 1.1645803933654195e-05
-5.6019196008791250e-01 -1.1060175768759069e-01 1.1817559868117025e+01 1.1530075528064198e-05
-5.6019196008791250e-01 -1.0054705244326431e-01 1.1837864003772864e+01 1.1425019652859462e-05
-5.6019196008791250e-01 -9.0492347198937867e-02 1.1857871296950872e+01 1.1330473848234447e-05
-5.6019196008791250e-01 -8.0437641954611422e-02 1.1877551006187925e+01 1.1246289068443260e-05
-5.6019196008791250e-01 -7.0382936710284977e-02 1.1896952350638108e+01 1.1172330515636086e-05
-5.6019196008791250e-01 -6.0328231465958525e-02 1.1916260880821168e+01 1.1108478269033829e-05
-5.6019196008791250e-01 -5.0273526221632080e-02 1.1935870987127451e+01 1.1054627750648551e-05
-5.6019196008791250e-01 -4.0218820977305711e-02 1.1956427343667764e+01 1.1010690062813274e-05
-5.6019196008791250e-01 -3.0164115732979262e-02 1.1978598568833524e+01 1.0976592226803093e-05
-5.6019196008791250e-01 -2.0109410488652817e-02 1.2001798419701458e+01 1.0952277346570826e-05
-5.6019196008791250e-01 -1.0054705244326374e-02 1.2021143288303428e+01 1.0937704717279627e-05
-5.6019196008791250e-01 7.1065644079062674e-17 1.2028010654943825e+01 1.0932849891289313e-05
-5.6019196008791250e-01 1.0054705244326445e-02 1.2021143288303421e+01 1.0937704717386099e-05
-5.6019196008791250e-01 2.0109410488652890e-02 1.2001798419701471e+01 1.0952277346647768e-05
-5.6019196008791250e-01 3.0164115732979335e-02 1.1978598568833531e+01 1.0976592226784285e-05
-5.6019196008791250e-01 4.0218820977305780e-02 1.1956427343667752e+01 1.1010690062804549e-05
-5.6019196008791250e-01 5.0273526221632225e-02 1.1935870987127446e+01 1.1054627750643847e-05
-5.6019196008791250e-01 6.0328231465958670e-02 1.1916260880821174e+01 1.1108478269028295e-05
-5.6019196008791250e-01 7.0382936710285046e-02 1.1896952350638111e+01 1.1172330515636875e-05
-5.6019196008791250e-01 8.0437641954611491e-02 1.1877551006187927e+01 1.1246289068442030e-05
-5.6019196008791250e-01 9.0492347198937936e-02 1.1857871296950862e+01 1.1330473848236531e-05
-5.6019196008791250e-01 1.0054705244326438e-01 1.1837864003772864e+01 1.1425019652854766e-05
-5.6019196008791250e-01 1.1060175768759083e-01 1.1817559868117021e+01 1.1530075528063882e-05
-5.6019196008791250e-01 1.2065646293191720e-01 1.1797032343272390e+01 1.1645803933658222e-05
-5.6019196008791250e-01 1.3071116817624365e-01 1.1776374457997042e+01 1.1772379656548624e-05
-5.6019196008791250e-01 1.4076587342057009e-01 1.1755684964009435e+01 1.1909988415158874e-05
-5.6019196008791250e-01 1.5082057866489645e-01 1.1735060358743624e+01 1.2058825091319038e-05
-5.6019196008791250e-01 1.6087528390922298e-01 1.1714590565967161e+01 1.2219091517400301e-05
-5.6019196008791250e-01 1.7092998915354934e-01 1.1694356865403833e+01 1.2390993737143914e-05
-5.6019196008791250e-01 1.8098469439787587e-01 1.1674431180984200e+01 1.2574738649186997e-05
-5.6019196008791250e-01 1.9103939964220223e-01 1.1654876165750705e+01 1.2770529932824920e-05
-5.6019196008791250e-01 2.0109410488652862e-01 1.1635745729899270e+01 1.2978563145811469e-05
-5.6019196008791250e-01 2.1114881013085512e-01 1.1617085791455342e+01 1.3199019875290517e-05
-5.6019196008791250e-01 2.2120351537518151e-01 1.1598935114268045e+01 1.3432060815140881e-05
-5.6019196008791250e-01 2.3125822061950801e-01 1.1581326152562637e+01 1.3677817636757406e-05
-5.6019196008791250e-01 2.4131292586383440e-01 1.1564285856075973e+01 1.3936383516926574e-05
-5.6019196008791250e-01 2.5136763110816079e-01 1.1547836411758789e+01 1.4207802185927833e-05
-5.6019196008791250e-01 2.6142233635248729e-01 1.1531995911660148e+01 1.4492055362792007e-05
-5.6019196008791250e-01 2.7147704159681368e-01 1.1516778944848193e+01 1.4789048453227780e-05
-5.6019196008791250e-01 2.8153174684114018e-01 1.1502197115989047e+01 1.5098594399388423e-05
-5.6019196008791250e-01 2.9158645208546657e-01 1.1488259495764364e+01 1.5420395589581456e-05
-5.6019196008791250e-01 3.0164115732979291e-01 1.1474973009483666e+01 1.5754023759180043e-05
-5.6019196008791250e-01 3.1169586257411946e-01 1.1462342770576877e+01 1.6098897839642667e-05
-5.6019196008791250e-01 3.2175056781844580e-01 1.1450372365484325e+01 1.6454259736808977e-05
-5.6019196008791250e-01 3.3180527306277235e-01 1.1439064096016411e+01 1.6819148037583300e-05
-5.6019196008791250e-01 3.4185997830709869e-01 1.1428419184673654e+01 1.7192369648189547e-05
-5.6019196008791250e-01 3.5191468355142524e-01 1.1418437947783710e+01 1.7572469348327897e-05
-5.6019196008791250e-01 3.6196938879575158e-01 1.1409119940677337e+01 1.7957697194737870e-05
-5.6019196008791250e-01 3.7202409404007797e-01 1.1400464078521198e+01 1.8345973618958382e-05
-5.6019196008791250e-01 3.8207879928440447e-01 1.1392468735873498e+01 1.8734851943108942e-05
-5.6019196008791250e-01 3.9213350452873086e-01 1.1385131827556641e+01 1.9121477917634892e-05
-5.6019196008791250e-01 4.0218820977305736e-01 1.1378450873095320e+01 1.9502545860710718e-05
-5.6019196008791250e-01 4.1224291501738375e-01 1.1372423046845807e+01 1.9874251269303260e-05
-5.6019196008791250e-01 4.2229762026171014e-01 1.1367045216241154e+01 2.0232240840991449e-05
-5.6019196008791250e-01 4.3235232550603664e-01 1.1362313971680971e+01 2.0571563606190015e-05
-5.6019196008791250e-01 4.4240703075036303e-01 1.1358225654131344e+01 2.0886632739835458e-05
-5.6019196008791250e-01 4.5246173599468953e-01 1.1354776377251598e+01 2.1171165847582722e-05
-5.6019196008791250e-01 4.6251644123901592e-01 1.1351960855675920e+01 2.1413631801434713e-05
-5.6019196008791250e-01 4.7257114648334225e-01 1.1349738350611130e+01 2.1469686874634025e-05
-5.6019196008791250e-01 4.8262585172766881e-01 1.1347935187492984e+01 2.0709614232689089e-05
-5.6019196008791250e-01 4.9268055697199514e-01 1.1346925891946308e+01 2.0852059241572422e-05
-5.6019196008791250e-01 5.0273526221632159e-01 1.1346679548993887e+01 2.1380457518708529e-05
-5.4212125169797987e-01 -5.0273526221632159e-01 1.1403598982570369e+01 1.9980045587795856e-05
-5.4212125169797987e-01 -4.9268055697199509e-01 1.1403887221706627e+01 1.9451763845174758e-05
-5.4212125169797987e-01 -4.8262585172766864e-01 1.1405008774057753e+01 1.9344831003071632e-05
-5.4212125169797987e-01 -4.7257114648334225e-01 1.1406978601548232e+01 2.0162679853525480e-05
-5.4212125169797987e-01 -4.6251644123901581e-01 1.1409429577586295e+01 2.0123790496037623e-05
-5.4212125169797987e-01 -4.5246173599468936e-01 1.1412539338601087e+01 1.9892512881929599e-05
-5.4212125169797987e-01 -4.4240703075036292e-01 1.1416350130370907e+01 1.9620183333119497e-05
-5.4212125169797987e-01 -4.3235232550603647e-01 1.1420868378699936e+01 1.9318171454102754e-05
-5.4212125169797987e-01 -4.2229762026171014e-01 1.1426099283417503e+01 1.8992402249723605e-05
-5.4212125169797987e-01 -4.1224291501738369e-01 1.1432048011080269e+01 1.8648164704641769e-05
-5.4212125169797987e-01 -4.0218820977305725e-01 1.1438719676333207e+01 1.8290172591633916e-05
-5.4212125169797987e-01 -3.9213350452873080e-01 1.1446119318648480e+01 1.7922597078142203e-05
-5.4212125169797987e-01 -3.8207879928440436e-01 1.1454251877511817e+01 1.7549108315138777e-05
-5.4212125169797987e-01 -3.7202409404007797e-01 1.1463122159683502e+01 1.7172917679185487e-05
-5.4212125169797987e-01 -3.6196938879575147e-01 1.1472734794678754e+01 1.6796817678343627e-05
-5.4212125169797987e-01 -3.5191468355142508e-01 1.1483094175658975e+01 1.6423218976297891e-05
-5.4212125169797987e-01 -3.4185997830709863e-01 1.1494204383131121e+01 1.6054184859338919e-05
-5.4212125169797987e-01 -3.3180527306277219e-01 1.1506069088598126e+01 1.5691463633712652e-05
-5.4212125169797987e-01 -3.2175056781844580e-01 1.1518691434778164e+01 1.5336519335144303e-05
-5.4212125169797987e-01 -3.1169586257411935e-01 1.1532073888300086e+01 1.4990560962164497e-05
-5.4212125169797987e-01 -3.0164115732979291e-01 1.1546218059914178e+01 1.4654570295989624e-05
-5.4212125169797987e-01 -2.9158645208546646e-01 1.1561124486237944e+01 1.4329328268657119e-05
-5.4212125169797987e-01 -2.8153174684114002e-01 1.1576792365874203e+01 1.4015439789022761e-05
-5.4212125169797987e-01 -2.7147704159681363e-01 1.1593219241388262e+01 1.3713356923170863e-05
-5.4212125169797987e-01 -2.6142233635248718e-01 1.1610400617109018e+01 1.3423400340003817e-05
-5.4212125169797987e-01 -2.5136763110816074e-01 1.1628329501044913e+01 1.3145778962685860e-05
-5.4212125169797987e-01 -2.4131292586383432e-01 1.1646995857429213e+01 1.2880607803683160e-05
-5.4212125169797987e-01 -2.3125822061950788e-01 1.1666385954637278e+01 1.2627923998979492e-05
-5.4212125169797987e-01 -2.2120351537518143e-01 1.1686481591647638e+01 1.2387701090902821e-05
-5.4212125169797987e-01 -2.1114881013085501e-01 1.1707259185180432e+01 1.2159861637895038e-05
-5.4212125169797987e-01 -2.0109410488652857e-01 1.1728688699694080e+01 1.1944288250986014e-05
-5.4212125169797987e-01 -1.9103939964220218e-01 1.1750732404417297e+01 1.1740833172078965e-05
-5.4212125169797987e-01 -1.8098469439787573e-01 1.1773343446879448e+01 1.1549326518000667e-05
-5.4212125169797987e-01 -1.7092998915354929e-01 1.1796464242976885e+01 1.1369583317973286e-05
-5.4212125169797987e-01 -1.6087528390922284e-01 1.1820024702392972e+01 1.1201409471778770e-05
-5.4212125169797987e-01 -1.5082057866489645e-01 1.1843940339246380e+01 1.1044606751895269e-05
-5.4212125169797987e-01 -1.4076587342057001e-01 1.1868110366575619e+01 1.0898976966879638e-05
-5.4212125169797987e-01 -1.3071116817624356e-01 1.1892415946138959e+01 1.0764325395339043e-05
-5.4212125169797987e-01 -1.2065646293191713e-01 1.1916718868142048e+01 1.0640463591381182e-05
-5.4212125169797987e-01 -1.1060175768759069e-01 1.1940861070238117e+01 1.0527211653022336e-05
-5.4212125169797987e-01 -1.0054705244326431e-01 1.1964665555854909e+01 1.0424400036049166e-05
-5.4212125169797987e-01 -9.0492347198937867e-02 1.1987939374522373e+01 1.0331870986783454e-05
-5.4212125169797987e-01 -8.0437641954611422e-02 1.2010479189865809e+01 1.0249479658579789e-05
-5.4212125169797987e-01 -7.0382936710284977e-02 1.2032079076692508e+01 1.0177094968894600e-05
-5.4212125169797987e-01 -6.0328231465958525e-02 1.2052537336939627e+01 1.0114600246264865e-05
-5.4212125169797987e-01 -5.0273526221632080e-02 1.2071651827676865e+01 1.0061893709466338e-05
-5.4212125169797987e-01 -4.0218820977305711e-02 1.2089178561383232e+01 1.0018888814950653e-05
-5.4212125169797987e-01 -3.0164115732979262e-02 1.2104711612410499e+01 9.9855145026398604e-06
-5.4212125169797987e-01 -2.0109410488652817e-02 1.2117468928423609e+01 9.9617153646341847e-06
-5.4212125169797987e-01 -1.0054705244326374e-02 1.2126145288106249e+01 9.9474517567885648e-06
-5.4212125169797987e-01 7.1065644079062674e-17 1.2129264429773476e+01 9.9426998678405686e-06
-5.4212125169797987e-01 1.0054705244326445e-02 1.2126145288106246e+01 9.9474517567428267e-06
-5.4212125169797987e-01 2.0109410488652890e-02 1.2117468928423614e+01 9.9617153646150756e-06
-5.4212125169797987e-01 3.0164115732979335e-02 1.2104711612410499e+01 9.9855145026431485e-06
-5.4212125169797987e-01 4.0218820977305780e-02 1.2089178561383241e+01 1.0018888814965712e-05
-5.4212125169797987e-01 5.0273526221632225e-02 1.2071651827676858e+01 1.0061893709469191e-05
-5.4212125169797987e-01 6.0328231465958670e-02 1.2052537336939629e+01 1.0114600246257811e-05
-5.4212125169797987e-01 7.0382936710285046e-02 1.2032079076692519e+01 1.0177094968891352e-05
-5.4212125169797987e-01 8.0437641954611491e-02 1.2010479189865805e+01 1.0249479658575613e-05
-5.4212125169797987e-01 9.0492347198937936e-02 1.1987939374522362e+01 1.0331870986785457e-05
-5.4212125169797987e-01 1.0054705244326438e-01 1.1964665555854911e+01 1.0424400036052753e-05
-5.4212125169797987e-01 1.1060175768759083e-01 1.1940861070238117e+01 1.0527211653023510e-05
-5.4212125169797987e-01 1.2065646293191720e-01 1.1916718868142040e+01 1.0640463591378835e-05
-5.4212125169797987e-01 1.3071116817624365e-01 1.1892415946138955e+01 1.0764325395337684e-05
-5.4212125169797987e-01 1.4076587342057009e-01 1.1868110366575619e+01 1.0898976966879151e-05
-5.4212125169797987e-01 1.5082057866489645e-01 1.1843940339246370e+01 1.1044606751893093e-05
-5.4212125169797987e-01 1.6087528390922298e-01 1.1820024702392979e+01 1.1201409471774323e-05
-5.4212125169797987e-01 1.7092998915354934e-01 1.1796464242976876e+01 1.1369583317972659e-05
-5.4212125169797987e-01 1.8098469439787587e-01 1.1773343446879435e+01 1.1549326517998287e-05
-5.4212125169797987e-01 1.9103939964220223e-01 1.1750732404417311e+01 1.1740833172080584e-05
-5.4212125169797987e-01 2.0109410488652862e-01 1.1728688699694073e+01 1.1944288250981804e-05
-5.4212125169797987e-01 2.1114881013085512e-01 1.1707259185180433e+01 1.2159861637895659e-05
-5.4212125169797987e-01 2.2120351537518151e-01 1.1686481591647626e+01 1.2387701090903304e-05
-5.4212125169797987e-01 2.3125822061950801e-01 1.1666385954637276e+01 1.2627923998978829e-05
-5.4212125169797987e-01 2.4131292586383440e-01 1.1646995857429211e+01 1.2880607803681561e-05
-5.4212125169797987e-01 2.5136763110816079e-01 1.1628329501044929e+01 1.3145778962682345e-05
-5.4212125169797987e-01 2.6142233635248729e-01 1.1610400617109022e+01 1.3423400340006973e-05
-5.4212125169797987e-01 2.7147704159681368e-01 1.1593219241388269e+01 1.3713356923170924e-05
-5.4212125169797987e-01 2.8153174684114018e-01 1.1576792365874217e+01 1.4015439789020584e-05
-5.4212125169797987e-01 2.9158645208546657e-01 1.1561124486237944e+01 1.4329328268657189e-05
-5.4212125169797987e-01 3.0164115732979291e-01 1.1546218059914180e+01 1.4654570295989661e-05
-5.4212125169797987e-01 3.1169586257411946e-01 1.1532073888300101e+01 1.4990560962166758e-05
-5.4212125169797987e-01 3.2175056781844580e-01 1.1518691434778182e+01 1.5336519335147291e-05
-5.4212125169797987e-01 3.3180527306277235e-01 1.1506069088598130e+01 1.5691463633714428e-05
-5.4212125169797987e-01 3.4185997830709869e-01 1.1494204383131112e+01 1.6054184859338472e-05
-5.4212125169797987e-01 3.5191468355142524e-01 1.1483094175658977e+01 1.6423218976301185e-05
-5.4212125169797987e-01 3.6196938879575158e-01 1.1472734794678765e+01 1.6796817678341983e-05
-5.4212125169797987e-01 3.7202409404007797e-01 1.1463122159683508e+01 1.7172917679185369e-05
-5.4212125169797987e-01 3.8207879928440447e-01 1.1454251877511822e+01 1.7549108315138455e-05
-5.4212125169797987e-01 3.9213350452873086e-01 1.1446119318648497e+01 1.7922597078142684e-05
-5.4212125169797987e-01 4.0218820977305736e-01 1.1438719676333204e+01 1.8290172591632669e-05
-5.4212125169797987e-01 4.1224291501738375e-01 1.1432048011080266e+01 1.8648164704642542e-05
-5.4212125169797987e-01 4.2229762026171014e-01 1.1426099283417511e+01 1.8992402249724331e-05
-5.4212125169797987e-01 4.3235232550603664e-01 1.1420868378699941e+01 1.9318171454102506e-05
-5.4212125169797987e-01 4.4240703075036303e-01 1.1416350130370903e+01 1.9620183333117515e-05
-5.4212125169797987e-01 4.5246173599468953e-01 1.1412539338601077e+01 1.9892512881929748e-05
-5.4212125169797987e-01 4.6251644123901592e-01 1.1409429577586305e+01 2.0123790496039056e-05
-5.4212125169797987e-01 4.7257114648334225e-01 1.1406978601548227e+01 2.0162679853525497e-05
-5.4212125169797987e-01 4.8262585172766881e-01 1.1405008774057746e+01 1.9344831003073679e-05
-5.4212125169797987e-01 4.9268055697199514e-01 1.1403887221706627e+01 1.9451763845175127e-05
-5.4212125169797987e-01 5.0273526221632159e-01 1.1403598982570363e+01 1.9980045587796455e-05
-5.2405054330804712e-01 -5.0273526221632159e-01 1.1459840140401980e+01 1.8593984555666537e-05
-5.2405054330804712e-01 -4.9268055697199509e-01 1.1460170782203978e+01 1.8056186861150323e-05
-5.2405054330804712e-01 -4.8262585172766864e-01 1.1461406208966697e+01 1.7969015923894765e-05
-5.2405054330804712e-01 -4.7257114648334225e-01 1.1463547034125453e+01 1.8840225859745487e-05
-5.2405054330804712e-01 -4.6251644123901581e-01 1.1466234724253642e+01 1.8819881950940272e-05
-5.2405054330804712e-01 -4.5246173599468936e-01 1.1469649866795812e+01 1.8602534545782030e-05
-5.2405054330804712e-01 -4.4240703075036292e-01 1.1473836143653239e+01 1.8345616802587471e-05
-5.2405054330804712e-01 -4.3235232550603647e-01 1.1478801311080183e+01 1.8060219541532716e-05
-5.2405054330804712e-01 -4.2229762026171014e-01 1.1484552115530992e+01 1.7751819255710255e-05
-5.2405054330804712e-01 -4.1224291501738369e-01 1.1491095501911282e+01 1.7425319694891426e-05
-5.2405054330804712e-01 -4.0218820977305725e-01 1.1498438601711509e+01 1.7085116986090520e-05
-5.2405054330804712e-01 -3.9213350452873080e-01 1.1506588718238239e+01 1.6735128928450820e-05
-5.2405054330804712e-01 -3.8207879928440436e-01 1.1515553311777941e+01 1.6378830467940250e-05
-5.2405054330804712e-01 -3.7202409404007797e-01 1.1525339978037847e+01 1.6019288492261598e-05
-5.2405054330804712e-01 -3.6196938879575147e-01 1.1535956415743771e+01 1.5659193905877700e-05
-5.2405054330804712e-01 -3.5191468355142508e-01 1.1547410380294320e+01 1.5300891046718563e-05
-5.2405054330804712e-01 -3.4185997830709863e-01 1.1559709620507505e+01 1.4946405138714845e-05
-5.2405054330804712e-01 -3.3180527306277219e-01 1.1572861795129917e+01 1.4597468468938749e-05
-5.2405054330804712e-01 -3.2175056781844580e-01 1.1586874365091690e+01 1.4255545753306887e-05
-5.2405054330804712e-01 -3.1169586257411935e-01 1.1601754456555238e+01 1.3921858903303118e-05
-5.2405054330804712e-01 -3.0164115732979291e-01 1.1617508688629211e+01 1.3597411204227524e-05
-5.2405054330804712e-01 -2.9158645208546646e-01 1.1634142958183116e+01 1.3283010783849945e-05
-5.2405054330804712e-01 -2.8153174684114002e-01 1.1651662172454779e+01 1.2979293183272921e-05
-5.2405054330804712e-01 -2.7147704159681363e-01 1.1670069918040145e+01 1.2686742825822034e-05
-5.2405054330804712e-01 -2.6142233635248718e-01 1.1689368052330039e+01 1.2405713197956199e-05
-5.2405054330804712e-01 -2.5136763110816074e-01 1.1709556200447610e+01 1.2136445595155252e-05
-5.2405054330804712e-01 -2.4131292586383432e-01 1.1730631137192546e+01 1.1879086333648593e-05
-5.2405054330804712e-01 -2.3125822061950788e-01 1.1752586029386531e+01 1.1633702378307468e-05
-5.2405054330804712e-01 -2.2120351537518143e-01 1.1775409509366421e+01 1.1400295382537951e-05
-5.2405054330804712e-01 -2.1114881013085501e-01 1.1799084545317903e+01 1.1178814174808231e-05
-5.2405054330804712e-01 -2.0109410488652857e-01 1.1823587068982038e+01 1.0969165757413632e-05
-5.2405054330804712e-01 -1.9103939964220218e-01 1.1848884316585510e+01 1.0771224905840485e-05
-5.2405054330804712e-01 -1.8098469439787573e-01 1.1874932835672839e+01 1.0584842472403946e-05
-5.2405054330804712e-01 -1.7092998915354929e-01 1.1901676110561366e+01 1.0409852506780785e-05
-5.2405054330804712e-01 -1.6087528390922284e-01 1.1929041765082852e+01 1.0246078309641108e-05
-5.2405054330804712e-01 -1.5082057866489645e-01 1.1956938317130787e+01 1.0093337534811765e-05
-5.2405054330804712e-01 -1.4076587342057001e-01 1.1985251490946874e+01 9.9514464518709186e-06
-5.2405054330804712e-01 -1.3071116817624356e-01 1.2013840147330800e+01 9.8202234749598161e-06
-5.2405054330804712e-01 -1.2065646293191713e-01 1.2042531977074834e+01 9.6994920563901112e-06
-5.2405054330804712e-01 -1.1060175768759069e-01 1.2071119224724155e+01 9.5890830353982247e-06
-5.2405054330804712e-01 -1.0054705244326431e-01 1.2099354864549834e+01 9.4888365239677624e-06
-5.2405054330804712e-01 -9.0492347198937867e-02 1.2126949809837770e+01 9.3986034030501840e-06
-5.2405054330804712e-01 -8.0437641954611422e-02 1.2153571818951054e+01 9.3182464943598284e-06
-5.2405054330804712e-01 -7.0382936710284977e-02 1.2178846593759035e+01 9.2476414649971880e-06
-5.2405054330804712e-01 -6.0328231465958525e-02 1.2202360865989982e+01 9.1866775147859611e-06
-5.2405054330804712e-01 -5.0273526221632080e-02 1.2223665803651693e+01 9.1352578892445219e-06
-5.2405054330804712e-01 -4.0218820977305711e-02 1.2242277427339658e+01 9.0933002549189987e-06
-5.2405054330804712e-01 -3.0164115732979262e-02 1.2257672192229794e+01 9.0607369676283937e-06
-5.2405054330804712e-01 -2.0109410488652817e-02 1.2269287596723466e+01 9.0375152588706859e-06
-5.2405054330804712e-01 -1.0054705244326374e-02 1.2276561062428751e+01 9.0235973606474602e-06
-5.2405054330804712e-01 7.1065644079062674e-17 1.2279044165728703e+01 9.0189605837637165e-06
-5.2405054330804712e-01 1.0054705244326445e-02 1.2276561062428758e+01 9.0235973606322593e-06
-5.2405054330804712e-01 2.0109410488652890e-02 1.2269287596723450e+01 9.0375152588702302e-06
-5.2405054330804712e-01 3.0164115732979335e-02 1.2257672192229805e+01 9.0607369676274366e-06
-5.2405054330804712e-01 4.0218820977305780e-02 1.2242277427339674e+01 9.0933002549271573e-06
-5.2405054330804712e-01 5.0273526221632225e-02 1.2223665803651683e+01 9.1352578892442831e-06
-5.2405054330804712e-01 6.0328231465958670e-02 1.2202360865989991e+01 9.1866775147790526e-06
-5.2405054330804712e-01 7.0382936710285046e-02 1.2178846593759040e+01 9.2476414649991548e-06
-5.2405054330804712e-01 8.0437641954611491e-02 1.2153571818951052e+01 9.3182464943631166e-06
-5.2405054330804712e-01 9.0492347198937936e-02 1.2126949809837772e+01 9.3986034030544260e-06
-5.2405054330804712e-01 1.0054705244326438e-01 1.2099354864549829e+01 9.4888365239689889e-06
-5.2405054330804712e-01 1.1060175768759083e-01 1.2071119224724152e+01 9.5890830353988989e-06
-5.2405054330804712e-01 1.2065646293191720e-01 1.2042531977074823e+01 9.6994920563868959e-06
-5.2405054330804712e-01 1.3071116817624365e-01 1.2013840147330804e+01 9.8202234749589216e-06
-5.2405054330804712e-01 1.4076587342057009e-01 1.1985251490946876e+01 9.9514464518695278e-06
-5.2405054330804712e-01 1.5082057866489645e-01 1.1956938317130785e+01 1.0093337534809952e-05
-5.2405054330804712e-01 1.6087528390922298e-01 1.1929041765082850e+01 1.0246078309640564e-05
-5.2405054330804712e-01 1.7092998915354934e-01 1.1901676110561363e+01 1.0409852506781253e-05
-5.2405054330804712e-01 1.8098469439787587e-01 1.1874932835672832e+01 1.0584842472401275e-05
-5.2405054330804712e-01 1.9103939964220223e-01 1.1848884316585506e+01 1.0771224905844432e-05
-5.2405054330804712e-01 2.0109410488652862e-01 1.1823587068982036e+01 1.0969165757413388e-05
-5.2405054330804712e-01 2.1114881013085512e-01 1.1799084545317893e+01 1.1178814174803682e-05
-5.2405054330804712e-01 2.2120351537518151e-01 1.1775409509366421e+01 1.1400295382534764e-05
-5.2405054330804712e-01 2.3125822061950801e-01 1.1752586029386530e+01 1.1633702378305715e-05
-5.2405054330804712e-01 2.4131292586383440e-01 1.1730631137192544e+01 1.1879086333643857e-05
-5.2405054330804712e-01 2.5136763110816079e-01 1.1709556200447603e+01 1.2136445595152438e-05
-5.2405054330804712e-01 2.6142233635248729e-01 1.1689368052330048e+01 1.2405713197955108e-05
-5.2405054330804712e-01 2.7147704159681368e-01 1.1670069918040136e+01 1.2686742825821341e-05
-5.2405054330804712e-01 2.8153174684114018e-01 1.1651662172454772e+01 1.2979293183274984e-05
-5.2405054330804712e-01 2.9158645208546657e-01 1.1634142958183125e+01 1.3283010783848505e-05
-5.2405054330804712e-01 3.0164115732979291e-01 1.1617508688629199e+01 1.3597411204227409e-05
-5.2405054330804712e-01 3.1169586257411946e-01 1.1601754456555232e+01 1.3921858903303277e-05
-5.2405054330804712e-01 3.2175056781844580e-01 1.1586874365091703e+01 1.4255545753308964e-05
-5.2405054330804712e-01 3.3180527306277235e-01 1.1572861795129914e+01 1.4597468468939194e-05
-5.2405054330804712e-01 3.4185997830709869e-01 1.1559709620507514e+01 1.4946405138713385e-05
-5.2405054330804712e-01 3.5191468355142524e-01 1.1547410380294313e+01 1.5300891046715663e-05
-5.2405054330804712e-01 3.6196938879575158e-01 1.1535956415743778e+01 1.5659193905876436e-05
-5.2405054330804712e-01 3.7202409404007797e-01 1.1525339978037859e+01 1.6019288492263583e-05
-5.2405054330804712e-01 3.8207879928440447e-01 1.1515553311777937e+01 1.6378830467943716e-05
-5.2405054330804712e-01 3.9213350452873086e-01 1.1506588718238234e+01 1.6735128928450071e-05
-5.2405054330804712e-01 4.0218820977305736e-01 1.1498438601711520e+01 1.7085116986089456e-05
-5.2405054330804712e-01 4.1224291501738375e-01 1.1491095501911280e+01 1.7425319694888780e-05
-5.2405054330804712e-01 4.2229762026171014e-01 1.1484552115530995e+01 1.7751819255711095e-05
-5.2405054330804712e-01 4.3235232550603664e-01 1.1478801311080190e+01 1.8060219541530165e-05
-5.2405054330804712e-01 4.4240703075036303e-01 1.1473836143653230e+01 1.8345616802585056e-05
-5.2405054330804712e-01 4.5246173599468953e-01 1.1469649866795816e+01 1.8602534545785920e-05
-5.2405054330804712e-01 4.6251644123901592e-01 1.1466234724253656e+01 1.8819881950941332e-05
-5.2405054330804712e-01 4.7257114648334225e-01 1.1463547034125456e+01 1.8840225859745460e-05
-5.2405054330804712e-01 4.8262585172766881e-01 1.1461406208966704e+01 1.7969015923895557e-05
-5.2405054330804712e-01 4.9268055697199514e-01 1.1460170782203987e+01 1.8056186861151110e-05
-5.2405054330804712e-01 5.0273526221632159e-01 1.1459840140401980e+01 1.8593984555665419e-05
-5.0597983491811449e-01 -5.0273526221632159e-01 1.1514817498142135e+01 1.7227492870375964e-05
-5.0597983491811449e-01 -4.9268055697199509e-01 1.1515190640586495e+01 1.6668847873092249e-05
-5.0597983491811449e-01 -4.8262585172766864e-01 1.1516540153258635e+01 1.6582090649222671e-05
-5.0597983491811449e-01 -4.7257114648334225e-01 1.1518854016268376e+01 1.7500113565818864e-05
-5.0597983491811449e-01 -4.6251644123901581e-01 1.1521783845452292e+01 1.7499556382122777e-05
-5.0597983491811449e-01 -4.5246173599468936e-01 1.1525511957253617e+01 1.7299108363729165e-05
-5.0597983491811449e-01 -4.4240703075036292e-01 1.1530083357208962e+01 1.7061062765694712e-05
-5.0597983491811449e-01 -4.3235232550603647e-01 1.1535507324684051e+01 1.6796088362631837e-05
-5.0597983491811449e-01 -4.2229762026171014e-01 1.1541792390283797e+01 1.6509109280408149e-05
-5.0597983491811449e-01 -4.1224291501738369e-01 1.1548947552990949e+01 1.6204546849576600e-05
-5.0597983491811449e-01 -4.0218820977305725e-01 1.1556982278812532e+01 1.5886392229384751e-05
-5.0597983491811449e-01 -3.9213350452873080e-01 1.1565906499276874e+01 1.5558234465129528e-05
-5.0597983491811449e-01 -3.8207879928440436e-01 1.1575730612244234e+01 1.5223290641525341e-05
-5.0597983491811449e-01 -3.7202409404007797e-01 1.1586465478130219e+01 1.4884433067581594e-05
-5.0597983491811449e-01 -3.6196938879575147e-01 1.1598122407246946e+01 1.4544212711493435e-05
-5.0597983491811449e-01 -3.5191468355142508e-01 1.1610713135001134e+01 1.4204879812814681e-05
-5.0597983491811449e-01 -3.4185997830709863e-01 1.1624249781794147e+01 1.3868402934736983e-05
-5.0597983491811449e-01 -3.3180527306277219e-01 1.1638744794030812e+01 1.3536487489546310e-05
-5.0597983491811449e-01 -3.2175056781844580e-01 1.1654210861831675e+01 1.3210594379288205e-05
-5.0597983491811449e-01 -3.1169586257411935e-01 1.1670660807921712e+01 1.2891959023281972e-05
-5.0597983491811449e-01 -3.0164115732979291e-01 1.1688107440721954e+01 1.2581610762144644e-05
-5.0597983491811449e-01 -2.9158645208546646e-01 1.1706563362852220e+01 1.2280392445888579e-05
-5.0597983491811449e-01 -2.8153174684114002e-01 1.1726040723977933e+01 1.1988979919402288e-05
-5.0597983491811449e-01 -2.7147704159681363e-01 1.1746550904094548e+01 1.1707901091221221e-05
-5.0597983491811449e-01 -2.6142233635248718e-01 1.1768104109805284e+01 1.1437554289739227e-05
-5.0597983491811449e-01 -2.5136763110816074e-01 1.1790708861753345e+01 1.1178225656576885e-05
-5.0597983491811449e-01 -2.4131292586383432e-01 1.1814371345938536e+01 1.0930105385488803e-05
-5.0597983491811449e-01 -2.3125822061950788e-01 1.1839094594990367e+01 1.0693302676901296e-05
-5.0597983491811449e-01 -2.2120351537518143e-01 1.1864877457402468e+01 1.0467859336237558e-05
-5.0597983491811449e-01 -2.1114881013085501e-01 1.1891713303127098e+01 1.0253761994799290e-05
-5.0597983491811449e-01 -2.0109410488652857e-01 1.1919588402777562e+01 1.0050952973568371e-05
-5.0597983491811449e-01 -1.9103939964220218e-01 1.1948479905246796e+01 9.8593398423499416e-06
-5.0597983491811449e-01 -1.8098469439787573e-01 1.1978353325549712e+01 9.6788037498424195e-06
-5.0597983491811449e-01 -1.7092998915354929e-01 1.2009159442693639e+01 9.5092066154909076e-06
-5.0597983491811449e-01 -1.6087528390922284e-01 1.2040830499299746e+01 9.3503972829820199e-06
-5.0597983491811449e-01 -1.5082057866489645e-01 1.2073275595620087e+01 9.2022167385223213e-06
-5.0597983491811449e-01 -1.4076587342057001e-01 1.2106375188844945e+01 9.0645024968368465e-06
-5.0597983491811449e-01 -1.3071116817624356e-01 1.2139974657059790e+01 8.9370922542756512e-06
-5.0597983491811449e-01 -1.2065646293191713e-01 1.2173876984626244e+01 8.8198269031885238e-06
-5.0597983491811449e-01 -1.1060175768759069e-01 1.2207834797158913e+01 8.7125529949314734e-06
-5.0597983491811449e-01 -1.0054705244326431e-01 1.2241542248910962e+01 8.6151247315097105e-06
-5.0597983491811449e-01 -9.0492347198937867e-02 1.2274627668954498e+01 8.5274055582693047e-06
-5.0597983491811449e-01 -8.0437641954611422e-02 1.2306648408688012e+01 8.4492694221598986e-06
-5.0597983491811449e-01 -7.0382936710284977e-02 1.2337089948633267e+01 8.3806017528973309e-06
-5.0597983491811449e-01 -6.0328231465958525e-02 1.2365371854740005e+01 8.3213002170587431e-06
-5.0597983491811449e-01 -5.0273526221632080e-02 1.2390863302469967e+01 8.2712752884024449e-06
-5.0597983491811449e-01 -4.0218820977305711e-02 1.2412910159129297e+01 8.2304506715150796e-06
-5.0597983491811449e-01 -3.0164115732979262e-02 1.2430873697598910e+01 8.1987636100007709e-06
-5.0597983491811449e-01 -2.0109410488652817e-02 1.2444178192951213e+01 8.1761651048004735e-06
-5.0597983491811449e-01 -1.0054705244326374e-02 1.2452361982520456e+01 8.1626200632850046e-06
-5.0597983491811449e-01 7.1065644079062674e-17 1.2455124720546145e+01 8.1581073947396692e-06
-5.0597983491811449e-01 1.0054705244326445e-02 1.2452361982520458e+01 8.1626200632806780e-06
-5.0597983491811449e-01 2.0109410488652890e-02 1.2444178192951217e+01 8.1761651047916186e-06
-5.0597983491811449e-01 3.0164115732979335e-02 1.2430873697598905e+01 8.1987636100023464e-06
-5.0597983491811449e-01 4.0218820977305780e-02 1.2412910159129297e+01 8.2304506715159893e-06
-5.0597983491811449e-01 5.0273526221632225e-02 1.2390863302469967e+01 8.2712752883993092e-06
-5.0597983491811449e-01 6.0328231465958670e-02 1.2365371854740010e+01 8.3213002170674337e-06
-5.0597983491811449e-01 7.0382936710285046e-02 1.2337089948633260e+01 8.3806017528953539e-06
-5.0597983491811449e-01 8.0437641954611491e-02 1.2306648408688011e+01 8.4492694221610794e-06
-5.0597983491811449e-01 9.0492347198937936e-02 1.2274627668954487e+01 8.5274055582727640e-06
-5.0597983491811449e-01 1.0054705244326438e-01 1.2241542248910951e+01 8.6151247315179182e-06
-5.0597983491811449e-01 1.1060175768759083e-01 1.2207834797158913e+01 8.7125529949293575e-06
-5.0597983491811449e-01 1.2065646293191720e-01 1.2173876984626229e+01 8.8198269031828843e-06
-5.0597983491811449e-01 1.3071116817624365e-01 1.2139974657059778e+01 8.9370922542730407e-06
-5.0597983491811449e-01 1.4076587342057009e-01 1.2106375188844957e+01 9.0645024968387133e-06
-5.0597983491811449e-01 1.5082057866489645e-01 1.2073275595620098e+01 9.2022167385219503e-06
-5.0597983491811449e-01 1.6087528390922298e-01 1.2040830499299734e+01 9.3503972829814998e-06
-5.0597983491811449e-01 1.7092998915354934e-01 1.2009159442693639e+01 9.5092066154896692e-06
-5.0597983491811449e-01 1.8098469439787587e-01 1.1978353325549710e+01 9.6788037498416267e-06
-5.0597983491811449e-01 1.9103939964220223e-01 1.1948479905246796e+01 9.8593398423529350e-06
-5.0597983491811449e-01 2.0109410488652862e-01 1.1919588402777565e+01 1.0050952973564804e-05
-5.0597983491811449e-01 2.1114881013085512e-01 1.1891713303127117e+01 1.0253761994799486e-05
-5.0597983491811449e-01 2.2120351537518151e-01 1.1864877457402464e+01 1.0467859336240826e-05
-5.0597983491811449e-01 2.3125822061950801e-01 1.1839094594990360e+01 1.0693302676904139e-05
-5.0597983491811449e-01 2.4131292586383440e-01 1.1814371345938552e+01 1.0930105385485309e-05
-5.0597983491811449e-01 2.5136763110816079e-01 1.1790708861753352e+01 1.1178225656580582e-05
-5.0597983491811449e-01 2.6142233635248729e-01 1.1768104109805275e+01 1.1437554289739562e-05
-5.0597983491811449e-01 2.7147704159681368e-01 1.1746550904094548e+01 1.1707901091220347e-05
-5.0597983491811449e-01 2.8153174684114018e-01 1.1726040723977937e+01 1.1988979919400570e-05
-5.0597983491811449e-01 2.9158645208546657e-01 1.1706563362852211e+01 1.2280392445888445e-05
-5.0597983491811449e-01 3.0164115732979291e-01 1.1688107440721950e+01 1.2581610762141327e-05
-5.0597983491811449e-01 3.1169586257411946e-01 1.1670660807921717e+01 1.2891959023283595e-05
-5.0597983491811449e-01 3.2175056781844580e-01 1.1654210861831674e+01 1.3210594379289694e-05
-5.0597983491811449e-01 3.3180527306277235e-01 1.1638744794030806e+01 1.3536487489545407e-05
-5.0597983491811449e-01 3.4185997830709869e-01 1.1624249781794161e+01 1.3868402934738162e-05
-5.0597983491811449e-01 3.5191468355142524e-01 1.1610713135001133e+01 1.4204879812816680e-05
-5.0597983491811449e-01 3.6196938879575158e-01 1.1598122407246953e+01 1.4544212711491819e-05
-5.0597983491811449e-01 3.7202409404007797e-01 1.1586465478130206e+01 1.4884433067582002e-05
-5.0597983491811449e-01 3.8207879928440447e-01 1.1575730612244230e+01 1.5223290641525630e-05
-5.0597983491811449e-01 3.9213350452873086e-01 1.1565906499276874e+01 1.5558234465129728e-05
-5.0597983491811449e-01 4.0218820977305736e-01 1.1556982278812532e+01 1.5886392229383111e-05
-5.0597983491811449e-01 4.1224291501738375e-01 1.1548947552990942e+01 1.6204546849576384e-05
-5.0597983491811449e-01 4.2229762026171014e-01 1.1541792390283792e+01 1.6509109280408166e-05
-5.0597983491811449e-01 4.3235232550603664e-01 1.1535507324684053e+01 1.6796088362631827e-05
-5.0597983491811449e-01 4.4240703075036303e-01 1.1530083357208957e+01 1.7061062765695227e-05
-5.0597983491811449e-01 4.5246173599468953e-01 1.1525511957253617e+01 1.7299108363729470e-05
-5.0597983491811449e-01 4.6251644123901592e-01 1.1521783845452280e+01 1.7499556382123275e-05
-5.0597983491811449e-01 4.7257114648334225e-01 1.1518854016268357e+01 1.7500113565818430e-05
-5.0597983491811449e-01 4.8262585172766881e-01 1.1516540153258635e+01 1.6582090649224809e-05
-5.0597983491811449e-01 4.9268055697199514e-01 1.1515190640586480e+01 1.6668847873089978e-05
-5.0597983491811449e-01 5.0273526221632159e-01 1.1514817498142135e+01 1.7227492870376727e-05
-4.8790912652818186e-01 -5.0273526221632159e-01 1.1567916165000730e+01 1.5888920915802289e-05
-4.8790912652818186e-01 -4.9268055697199509e-01 1.1568331434811086e+01 1.5296365449988234e-05
-4.8790912652818186e-01 -4.8262585172766864e-01 1.1569793623583914e+01 1.5187363475493720e-05
-4.8790912652818186e-01 -4.7257114648334225e-01 1.1572279805046056e+01 1.6144034676873071e-05
-4.8790912652818186e-01 -4.6251644123901581e-01 1.1575453618037326e+01 1.6164458319342032e-05
-4.8790912652818186e-01 -4.5246173599468936e-01 1.1579497728955570e+01 1.5984108581009724e-05
-4.8790912652818186e-01 -4.4240703075036292e-01 1.1584458318915706e+01 1.5768627536499987e-05
-4.8790912652818186e-01 -4.3235232550603647e-01 1.1590346378723105e+01 1.5528090534135596e-05
-4.8790912652818186e-01 -4.2229762026171014e-01 1.1597172456164390e+01 1.5266750607778860e-05
-4.8790912652818186e-01 -4.1224291501738369e-01 1.1604947874523667e+01 1.4988439819819075e-05
-4.8790912652818186e-01 -4.0218820977305725e-01 1.1613684745911721e+01 1.4696652153070195e-05
-4.8790912652818186e-01 -3.9213350452873080e-01 1.1623395988379373e+01 1.4394571676822476e-05
-4.8790912652818186e-01 -3.8207879928440436e-01 1.1634095348748565e+01 1.4085097269490483e-05
-4.8790912652818186e-01 -3.7202409404007797e-01 1.1645797424064360e+01 1.3770861114779804e-05
-4.8790912652818186e-01 -3.6196938879575147e-01 1.1658517677312666e+01 1.3454241858013609e-05
-4.8790912652818186e-01 -3.5191468355142508e-01 1.1672272444155309e+01 1.3137374526063084e-05
-4.8790912652818186e-01 -3.4185997830709863e-01 1.1687078927565565e+01 1.2822159257967855e-05
-4.8790912652818186e-01 -3.3180527306277219e-01 1.1702955176790375e+01 1.2510270360220215e-05
-4.8790912652818186e-01 -3.2175056781844580e-01 1.1719920046191262e+01 1.2203166583482577e-05
-4.8790912652818186e-01 -3.1169586257411935e-01 1.1737993128271464e+01 1.1902102986029097e-05
-4.8790912652818186e-01 -3.0164115732979291e-01 1.1757194653553096e+01 1.1608144359001420e-05
-4.8790912652818186e-01 -2.9158645208546646e-01 1.1777545347846463e+01 1.1322179939375741e-05
-4.8790912652818186e-01 -2.8153174684114002e-01 1.1799066234727213e+01 1.1044939005570011e-05
-4.8790912652818186e-01 -2.7147704159681363e-01 1.1821778367542413e+01 1.0777006908062357e-05
-4.8790912652818186e-01 -2.6142233635248718e-01 1.1845702470784152e+01 1.0518841104786516e-05
-4.8790912652818186e-01 -2.5136763110816074e-01 1.1870858464930155e+01 1.0270786824540584e-05
-4.8790912652818186e-01 -2.4131292586383432e-01 1.1897264841516598e+01 1.0033092053222735e-05
-4.8790912652818186e-01 -2.3125822061950788e-01 1.1924937845879098e+01 9.8059216141311955e-06
-4.8790912652818186e-01 -2.2120351537518143e-01 1.1953890413206921e+01 9.5893701869574302e-06
-4.8790912652818186e-01 -2.1114881013085501e-01 1.1984130788805420e+01 9.3834741749089931e-06
-4.8790912652818186e-01 -2.0109410488652857e-01 1.2015660745280710e+01 9.1882223840451649e-06
-4.8790912652818186e-01 -1.9103939964220218e-01 1.2048473287449518e+01 9.0035655220791965e-06
-4.8790912652818186e-01 -1.8098469439787573e-01 1.2082549710257636e+01 8.8294245566234538e-06
-4.8790912652818186e-01 -1.7092998915354929e-01 1.2117855846897339e+01 8.6656979961771627e-06
-4.8790912652818186e-01 -1.6087528390922284e-01 1.2154337316388563e+01 8.5122681723632483e-06
-4.8790912652818186e-01 -1.5082057866489645e-01 1.2191913557940458e+01 8.3690066106163570e-06
-4.8790912652818186e-01 -1.4076587342057001e-01 1.2230470434409577e+01 8.2357785802696883e-06
-4.8790912652818186e-01 -1.3071116817624356e-01 1.2269851218343398e+01 8.1124469149305861e-06
-4.8790912652818186e-01 -1.2065646293191713e-01 1.2309845872998933e+01 7.9988751908683043e-06
-4.8790912652818186e-01 -1.1060175768759069e-01 1.2350178755627198e+01 7.8949303467269789e-06
-4.8790912652818186e-01 -1.0054705244326431e-01 1.2390495268431032e+01 7.8004848216999169e-06
-4.8790912652818186e-01 -9.0492347198937867e-02 1.2430348643968523e+01 7.7154182828465610e-06
-4.8790912652818186e-01 -8.0437641954611422e-02 1.2469189041656151e+01 7.6396190051267711e-06
-4.8790912652818186e-01 -7.0382936710284977e-02 1.2506358429138077e+01 7.5729849612036878e-06
-4.8790912652818186e-01 -6.0328231465958525e-02 1.2541096075006298e+01 7.5154246709274740e-06
-4.8790912652818186e-01 -5.0273526221632080e-02 1.2572560192217525e+01 7.4668578542625229e-06
-4.8790912652818186e-01 -4.0218820977305711e-02 1.2599870064579999e+01 7.4272159250217347e-06
-4.8790912652818186e-01 -3.0164115732979262e-02 1.2622168396564174e+01 7.3964423572765379e-06
-4.8790912652818186e-01 -2.0109410488652817e-02 1.2638695632504193e+01 7.3744929503798523e-06
-4.8790912652818186e-01 -1.0054705244326374e-02 1.2648860465967442e+01 7.3613360139647191e-06
-4.8790912652818186e-01 7.1065644079062674e-17 1.2652290882764552e+01 7.3569524886394231e-06
-4.8790912652818186e-01 1.0054705244326445e-02 1.2648860465967447e+01 7.3613360139680911e-06
-4.8790912652818186e-01 2.0109410488652890e-02 1.2638695632504199e+01 7.3744929503815734e-06
-4.8790912652818186e-01 3.0164115732979335e-02 1.2622168396564168e+01 7.3964423572700056e-06
-4.8790912652818186e-01 4.0218820977305780e-02 1.2599870064579996e+01 7.4272159250274946e-06
-4.8790912652818186e-01 5.0273526221632225e-02 1.2572560192217521e+01 7.4668578542633140e-06
-4.8790912652818186e-01 6.0328231465958670e-02 1.2541096075006289e+01 7.5154246709361484e-06
-4.8790912652818186e-01 7.0382936710285046e-02 1.2506358429138084e+01 7.5729849612027866e-06
-4.8790912652818186e-01 8.0437641954611491e-02 1.2469189041656152e+01 7.6396190051294054e-06
-4.8790912652818186e-01 9.0492347198937936e-02 1.2430348643968527e+01 7.7154182828438031e-06
-4.8790912652818186e-01 1.0054705244326438e-01 1.2390495268431017e+01 7.8004848217076469e-06
-4.8790912652818186e-01 1.1060175768759083e-01 1.2350178755627189e+01 7.8949303467265859e-06
-4.8790912652818186e-01 1.2065646293191720e-01 1.2309845872998929e+01 7.9988751908678197e-06
-4.8790912652818186e-01 1.3071116817624365e-01 1.2269851218343403e+01 8.1124469149322972e-06
-4.8790912652818186e-01 1.4076587342057009e-01 1.2230470434409579e+01 8.2357785802700441e-06
-4.8790912652818186e-01 1.5082057866489645e-01 1.2191913557940454e+01 8.3690066106156438e-06
-4.8790912652818186e-01 1.6087528390922298e-01 1.2154337316388563e+01 8.5122681723658487e-06
-4.8790912652818186e-01 1.7092998915354934e-01 1.2117855846897337e+01 8.6656979961715553e-06
-4.8790912652818186e-01 1.8098469439787587e-01 1.2082549710257640e+01 8.8294245566158644e-06
-4.8790912652818186e-01 1.9103939964220223e-01 1.2048473287449520e+01 9.0035655220766621e-06
-4.8790912652818186e-01 2.0109410488652862e-01 1.2015660745280710e+01 9.1882223840449023e-06
-4.8790912652818186e-01 2.1114881013085512e-01 1.1984130788805405e+01 9.3834741749082054e-06
-4.8790912652818186e-01 2.2120351537518151e-01 1.1953890413206931e+01 9.5893701869561512e-06
-4.8790912652818186e-01 2.3125822061950801e-01 1.1924937845879084e+01 9.8059216141356289e-06
-4.8790912652818186e-01 2.4131292586383440e-01 1.1897264841516595e+01 1.0033092053223663e-05
-4.8790912652818186e-01 2.5136763110816079e-01 1.1870858464930155e+01 1.0270786824541702e-05
-4.8790912652818186e-01 2.6142233635248729e-01 1.1845702470784161e+01 1.0518841104784498e-05
-4.8790912652818186e-01 2.7147704159681368e-01 1.1821778367542423e+01 1.0777006908062046e-05
-4.8790912652818186e-01 2.8153174684114018e-01 1.1799066234727226e+01 1.1044939005567485e-05
-4.8790912652818186e-01 2.9158645208546657e-01 1.1777545347846454e+01 1.1322179939373021e-05
-4.8790912652818186e-01 3.0164115732979291e-01 1.1757194653553091e+01 1.1608144359001190e-05
-4.8790912652818186e-01 3.1169586257411946e-01 1.1737993128271459e+01 1.1902102986025585e-05
-4.8790912652818186e-01 3.2175056781844580e-01 1.1719920046191270e+01 1.2203166583479448e-05
-4.8790912652818186e-01 3.3180527306277235e-01 1.1702955176790367e+01 1.2510270360222092e-05
-4.8790912652818186e-01 3.4185997830709869e-01 1.1687078927565567e+01 1.2822159257966154e-05
-4.8790912652818186e-01 3.5191468355142524e-01 1.1672272444155318e+01 1.3137374526064092e-05
-4.8790912652818186e-01 3.6196938879575158e-01 1.1658517677312670e+01 1.3454241858012894e-05
-4.8790912652818186e-01 3.7202409404007797e-01 1.1645797424064359e+01 1.3770861114780095e-05
-4.8790912652818186e-01 3.8207879928440447e-01 1.1634095348748575e+01 1.4085097269491259e-05
-4.8790912652818186e-01 3.9213350452873086e-01 1.1623395988379373e+01 1.4394571676821983e-05
-4.8790912652818186e-01 4.0218820977305736e-01 1.1613684745911716e+01 1.4696652153070080e-05
-4.8790912652818186e-01 4.1224291501738375e-01 1.1604947874523665e+01 1.4988439819818638e-05
-4.8790912652818186e-01 4.2229762026171014e-01 1.1597172456164390e+01 1.5266750607779554e-05
-4.8790912652818186e-01 4.3235232550603664e-01 1.1590346378723112e+01 1.5528090534141003e-05
-4.8790912652818186e-01 4.4240703075036303e-01 1.1584458318915702e+01 1.5768627536501372e-05
-4.8790912652818186e-01 4.5246173599468953e-01 1.1579497728955577e+01 1.5984108581010392e-05
-4.8790912652818186e-01 4.6251644123901592e-01 1.1575453618037331e+01 1.6164458319342022e-05
-4.8790912652818186e-01 4.7257114648334225e-01 1.1572279805046046e+01 1.6144034676873955e-05
-4.8790912652818186e-01 4.8262585172766881e-01 1.1569793623583916e+01 1.5187363475494256e-05
-4.8790912652818186e-01 4.9268055697199514e-01 1.1568331434811084e+01 1.5296365449988360e-05
-4.8790912652818186e-01 5.0273526221632159e-01 1.1567916165000730e+01 1.5888920915802540e-05
-4.6983841813824917e-01 -5.0273526221632159e-01 1.1618498313170891e+01 1.4589815417101043e-05
-4.6983841813824917e-01 -4.9268055697199509e-01 1.1618954791959988e+01 1.3948603462777730e-05
-4.6983841813824917e-01 -4.8262585172766864e-01 1.1620526392291698e+01 1.3791972176948032e-05
-4.6983841813824917e-01 -4.7257114648334225e-01 1.1623180906412186e+01 1.4778312891235355e-05
-4.6983841813824917e-01 -4.6251644123901581e-01 1.1626596107151315e+01 1.4820969974907981e-05
-4.6983841813824917e-01 -4.5246173599468936e-01 1.1630953549199740e+01 1.4664107567708678e-05
-4.6983841813824917e-01 -4.4240703075036292e-01 1.1636300413874158e+01 1.4475043529088831e-05
-4.6983841813824917e-01 -4.3235232550603647e-01 1.1642649577429694e+01 1.4263061359301167e-05
-4.6983841813824917e-01 -4.2229762026171014e-01 1.1650013820728141e+01 1.4031609384880263e-05
-4.6983841813824917e-01 -4.1224291501738369e-01 1.1658407041296842e+01 1.3783816316097653e-05
-4.6983841813824917e-01 -4.0218820977305725e-01 1.1667844285892699e+01 1.3522586120624756e-05
-4.6983841813824917e-01 -3.9213350452873080e-01 1.1678341792077065e+01 1.3250626188110475e-05
-4.6983841813824917e-01 -3.8207879928440436e-01 1.1689917040031402e+01 1.2970464951362860e-05
-4.6983841813824917e-01 -3.7202409404007797e-01 1.1702588807376561e+01 1.2684459173642742e-05
-4.6983841813824917e-01 -3.6196938879575147e-01 1.1716377222721414e+01 1.2394793986799909e-05
-4.6983841813824917e-01 -3.5191468355142508e-01 1.1731303814919771e+01 1.2103479312217960e-05
-4.6983841813824917e-01 -3.4185997830709863e-01 1.1747391555243933e+01 1.1812345703541810e-05
-4.6983841813824917e-01 -3.3180527306277219e-01 1.1764664889284058e+01 1.1523041706960329e-05
-4.6983841813824917e-01 -3.2175056781844580e-01 1.1783149754529420e+01 1.1237033919801119e-05
-4.6983841813824917e-01 -3.1169586257411935e-01 1.1802873578317687e+01 1.0955610192510809e-05
-4.6983841813824917e-01 -3.0164115732979291e-01 1.1823865249109870e+01 1.0679885897439785e-05
-4.6983841813824917e-01 -2.9158645208546646e-01 1.1846155051753730e+01 1.0410812862361818e-05
-4.6983841813824917e-01 -2.8153174684114002e-01 1.1869774554374573e+01 1.0149190397842897e-05
-4.6983841813824917e-01 -2.7147704159681363e-01 1.1894756430552537e+01 9.8956777934651924e-06
-4.6983841813824917e-01 -2.6142233635248718e-01 1.1921134195206003e+01 9.6508076798726383e-06
-4.6983841813824917e-01 -2.5136763110816074e-01 1.1948941825704324e+01 9.4149997213917297e-06
-4.6983841813824917e-01 -2.4131292586383432e-01 1.1978213230659248e+01 9.1885741940881683e-06
-4.6983841813824917e-01 -2.3125822061950788e-01 1.2008981516932007e+01 8.9717651007958047e-06
-4.6983841813824917e-01 -2.2120351537518143e-01 1.2041277989806209e+01 8.7647325675304233e-06
-4.6983841813824917e-01 -2.1114881013085501e-01 1.2075130801004617e+01 8.5675743485821315e-06
-4.6983841813824917e-01 -2.0109410488652857e-01 1.2110563133093008e+01 8.3803363380135038e-06
-4.6983841813824917e-01 -1.9103939964220218e-01 1.2147590775584497e+01 8.2030220419059533e-06
-4.6983841813824917e-01 -1.8098469439787573e-01 1.2186218906667225e+01 8.0356010101189817e-06
-4.6983841813824917e-01 -1.7092998915354929e-01 1.2226437844559396e+01 7.8780162585527874e-06
-4.6983841813824917e-01 -1.6087528390922284e-01 1.2268217475369605e+01 7.7301907359529401e-06
-4.6983841813824917e-01 -1.5082057866489645e-01 1.2311500004868448e+01 7.5920329040606664e-06
-4.6983841813824917e-01 -1.4076587342057001e-01 1.2356190631355174e+01 7.4634415081991584e-06
-4.6983841813824917e-01 -1.3071116817624356e-01 1.2402145719386414e+01 7.3443096192927528e-06
-4.6983841813824917e-01 -1.2065646293191713e-01 1.2449158112909254e+01 7.2345280280561595e-06
-4.6983841813824917e-01 -1.1060175768759069e-01 1.2496939434899609e+01 7.1339880696287750e-06
-4.6983841813824917e-01 -1.0054705244326431e-01 1.2545099692900404e+01 7.0425839528609856e-06
-4.6983841813824917e-01 -9.0492347198937867e-02 1.2593125400859106e+01 6.9602146626957756e-06
-4.6983841813824917e-01 -8.0437641954611422e-02 1.2640358901868929e+01 6.8867854986745749e-06
-4.6983841813824917e-01 -7.0382936710284977e-02 1.2685983700583522e+01 6.8222093057788314e-06
-4.6983841813824917e-01 -6.0328231465958525e-02 1.2729023116098144e+01 6.7664074479818312e-06
-4.6983841813824917e-01 -5.0273526221632080e-02 1.2768361450413373e+01 6.7193105685230026e-06
-4.6983841813824917e-01 -4.0218820977305711e-02 1.2802796117339309e+01 6.6808591748662362e-06
-4.6983841813824917e-01 -3.0164115732979262e-02 1.2831123290175098e+01 6.6510040808235184e-06
-4.6983841813824917e-01 -2.0109410488652817e-02 1.2852248017163234e+01 6.6297067325909432e-06
-4.6983841813824917e-01 -1.0054705244326374e-02 1.2865297305226006e+01 6.6169394403017344e-06
-4.6983841813824917e-01 7.1065644079062674e-17 1.2869711208126821e+01 6.6126855318069771e-06
-4.6983841813824917e-01 1.0054705244326445e-02 1.2865297305226006e+01 6.6169394402847581e-06
-4.6983841813824917e-01 2.0109410488652890e-02 1.2852248017163246e+01 6.6297067325798276e-06
-4.6983841813824917e-01 3.0164115732979335e-02 1.2831123290175094e+01 6.6510040808317160e-06
-4.6983841813824917e-01 4.0218820977305780e-02 1.2802796117339307e+01 6.6808591748697438e-06
-4.6983841813824917e-01 5.0273526221632225e-02 1.2768361450413369e+01 6.7193105685188843e-06
-4.6983841813824917e-01 6.0328231465958670e-02 1.2729023116098150e+01 6.7664074479870879e-06
-4.6983841813824917e-01 7.0382936710285046e-02 1.2685983700583526e+01 6.8222093057752510e-06
-4.6983841813824917e-01 8.0437641954611491e-02 1.2640358901868929e+01 6.8867854986758480e-06
-4.6983841813824917e-01 9.0492347198937936e-02 1.2593125400859115e+01 6.9602146627009019e-06
-4.6983841813824917e-01 1.0054705244326438e-01 1.2545099692900401e+01 7.0425839528566226e-06
-4.6983841813824917e-01 1.1060175768759083e-01 1.2496939434899611e+01 7.1339880696317888e-06
-4.6983841813824917e-01 1.2065646293191720e-01 1.2449158112909252e+01 7.2345280280548043e-06
-4.6983841813824917e-01 1.3071116817624365e-01 1.2402145719386407e+01 7.3443096192933135e-06
-4.6983841813824917e-01 1.4076587342057009e-01 1.2356190631355187e+01 7.4634415081995887e-06
-4.6983841813824917e-01 1.5082057866489645e-01 1.2311500004868444e+01 7.5920329040551726e-06
-4.6983841813824917e-01 1.6087528390922298e-01 1.2268217475369601e+01 7.7301907359562977e-06
-4.6983841813824917e-01 1.7092998915354934e-01 1.2226437844559399e+01 7.8780162585526400e-06
-4.6983841813824917e-01 1.8098469439787587e-01 1.2186218906667222e+01 8.0356010101225003e-06
-4.6983841813824917e-01 1.9103939964220223e-01 1.2147590775584508e+01 8.2030220419114116e-06
-4.6983841813824917e-01 2.0109410488652862e-01 1.2110563133093015e+01 8.3803363380133682e-06
-4.6983841813824917e-01 2.1114881013085512e-01 1.2075130801004617e+01 8.5675743485860211e-06
-4.6983841813824917e-01 2.2120351537518151e-01 1.2041277989806218e+01 8.7647325675213532e-06
-4.6983841813824917e-01 2.3125822061950801e-01 1.2008981516932000e+01 8.9717651007958623e-06
-4.6983841813824917e-01 2.4131292586383440e-01 1.1978213230659255e+01 9.1885741940886189e-06
-4.6983841813824917e-01 2.5136763110816079e-01 1.1948941825704319e+01 9.4149997213894240e-06
-4.6983841813824917e-01 2.6142233635248729e-01 1.1921134195206005e+01 9.6508076798694230e-06
-4.6983841813824917e-01 2.7147704159681368e-01 1.1894756430552544e+01 9.8956777934654194e-06
-4.6983841813824917e-01 2.8153174684114018e-01 1.1869774554374590e+01 1.0149190397840173e-05
-4.6983841813824917e-01 2.9158645208546657e-01 1.1846155051753723e+01 1.0410812862360356e-05
-4.6983841813824917e-01 3.0164115732979291e-01 1.1823865249109868e+01 1.0679885897440804e-05
-4.6983841813824917e-01 3.1169586257411946e-01 1.1802873578317687e+01 1.0955610192512113e-05
-4.6983841813824917e-01 3.2175056781844580e-01 1.1783149754529415e+01 1.1237033919801485e-05
-4.6983841813824917e-01 3.3180527306277235e-01 1.1764664889284060e+01 1.1523041706957188e-05
-4.6983841813824917e-01 3.4185997830709869e-01 1.1747391555243931e+01 1.1812345703541126e-05
-4.6983841813824917e-01 3.5191468355142524e-01 1.1731303814919773e+01 1.2103479312215900e-05
-4.6983841813824917e-01 3.6196938879575158e-01 1.1716377222721404e+01 1.2394793986801535e-05
-4.6983841813824917e-01 3.7202409404007797e-01 1.1702588807376562e+01 1.2684459173643587e-05
-4.6983841813824917e-01 3.8207879928440447e-01 1.1689917040031400e+01 1.2970464951357818e-05
-4.6983841813824917e-01 3.9213350452873086e-01 1.1678341792077049e+01 1.3250626188111771e-05
-4.6983841813824917e-01 4.0218820977305736e-01 1.1667844285892704e+01 1.3522586120623931e-05
-4.6983841813824917e-01 4.1224291501738375e-01 1.1658407041296853e+01 1.3783816316096464e-05
-4.6983841813824917e-01 4.2229762026171014e-01 1.1650013820728139e+01 1.4031609384879497e-05
-4.6983841813824917e-01 4.3235232550603664e-01 1.1642649577429706e+01 1.4263061359301655e-05
-4.6983841813824917e-01 4.4240703075036303e-01 1.1636300413874160e+01 1.4475043529087488e-05
-4.6983841813824917e-01 4.5246173599468953e-01 1.1630953549199761e+01 1.4664107567708297e-05
-4.6983841813824917e-01 4.6251644123901592e-01 1.1626596107151309e+01 1.4820969974909296e-05
-4.6983841813824917e-01 4.7257114648334225e-01 1.1623180906412180e+01 1.4778312891233766e-05
-4.6983841813824917e-01 4.8262585172766881e-01 1.1620526392291699e+01 1.3791972176948087e-05
-4.6983841813824917e-01 4.9268055697199514e-01 1.1618954791959984e+01 1.3948603462777222e-05
-4.6983841813824917e-01 5.0273526221632159e-01 1.1618498313170891e+01 1.4589815417100185e-05
-4.5176770974831648e-01 -5.0273526221632159e-01 1.1665913692566273e+01 1.3345049850999758e-05
-4.5176770974831648e-01 -4.9268055697199509e-01 1.1666409826834728e+01 1.2638906856334014e-05
-4.5176770974831648e-01 -4.8262585172766864e-01 1.1668085462853051e+01 1.2407361180922655e-05
-4.5176770974831648e-01 -4.7257114648334225e-01 1.1670900527885189e+01 1.3414527861838670e-05
-4.5176770974831648e-01 -4.6251644123901581e-01 1.1674549163844198e+01 1.3480807971819741e-05
-4.5176770974831648e-01 -4.5246173599468936e-01 1.1679210352674056e+01 1.3350904497189867e-05
-4.5176770974831648e-01 -4.4240703075036292e-01 1.1684932080703737e+01 1.3192119053696709e-05
-4.5176770974831648e-01 -4.3235232550603647e-01 1.1691729255367164e+01 1.3012723442922535e-05
-4.5176770974831648e-01 -4.2229762026171014e-01 1.1699617071857922e+01 1.2815216612580752e-05
-4.5176770974831648e-01 -4.1224291501738369e-01 1.1708612211140970e+01 1.2601908700164951e-05
-4.5176770974831648e-01 -4.0218820977305725e-01 1.1718732896571570e+01 1.2375027611830060e-05
-4.5176770974831648e-01 -3.9213350452873080e-01 1.1729998966100601e+01 1.2136744690494835e-05
-4.5176770974831648e-01 -3.8207879928440436e-01 1.1742431960399996e+01 1.1889181270320668e-05
-4.5176770974831648e-01 -3.7202409404007797e-01 1.1756055219595108e+01 1.1634400297513199e-05
-4.5176770974831648e-01 -3.6196938879575147e-01 1.1770893984578215e+01 1.1374388934372394e-05
-4.5176770974831648e-01 -3.5191468355142508e-01 1.1786975500368994e+01 1.1111037659484439e-05
-4.5176770974831648e-01 -3.4185997830709863e-01 1.1804329119404267e+01 1.0846120043267181e-05
-4.5176770974831648e-01 -3.3180527306277219e-01 1.1822986402394038e+01 1.0581275894044323e-05
-4.5176770974831648e-01 -3.2175056781844580e-01 1.1842981213656133e+01 1.0317999183190910e-05
-4.5176770974831648e-01 -3.1169586257411935e-01 1.1864349806677598e+01 1.0057631183485190e-05
-4.5176770974831648e-01 -3.0164115732979291e-01 1.1887130893993103e+01 9.8013585936574923e-06
-4.5176770974831648e-01 -2.9158645208546646e-01 1.1911365693198414e+01 9.5502160259876426e-06
-4.5176770974831648e-01 -2.8153174684114002e-01 1.1937097937832416e+01 9.3050920399131122e-06
-4.5176770974831648e-01 -2.7147704159681363e-01 1.1964373837688038e+01 9.0667378537300102e-06
-4.5176770974831648e-01 -2.6142233635248718e-01 1.1993241967466892e+01 8.8357779074676975e-06
-4.5176770974831648e-01 -2.5136763110816074e-01 1.2023753055051115e+01 8.6127215443174264e-06
-4.5176770974831648e-01 -2.4131292586383432e-01 1.2055959630320848e+01 8.3979751970325943e-06
-4.5176770974831648e-01 -2.3125822061950788e-01 1.2089915481445576e+01 8.1918545904862792e-06
-4.5176770974831648e-01 -2.2120351537518143e-01 1.2125674846655683e+01 7.9945965901148494e-06
-4.5176770974831648e-01 -2.1114881013085501e-01 1.2163291243998902e+01 7.8063704312560423e-06
-4.5176770974831648e-01 -2.0109410488652857e-01 1.2202815807379457e+01 7.6272881539142987e-06
-4.5176770974831648e-01 -1.9103939964220218e-01 1.2244294951652217e+01 7.4574141400692043e-06
-4.5176770974831648e-01 -1.8098469439787573e-01 1.2287767129679819e+01 7.2967737077531993e-06
-4.5176770974831648e-01 -1.7092998915354929e-01 1.2333258367008259e+01 7.1453607591866571e-06
-4.5176770974831648e-01 -1.6087528390922284e-01 1.2380776163010990e+01 7.0031445112106072e-06
-4.5176770974831648e-01 -1.5082057866489645e-01 1.2430301231745940e+01 6.8700753579292349e-06
-4.5176770974831648e-01 -1.4076587342057001e-01 1.2481776429024093e+01 6.7460899287803168e-06
-4.5176770974831648e-01 -1.3071116817624356e-01 1.2535092096269667e+01 6.6311154128590730e-06
-4.5176770974831648e-01 -1.2065646293191713e-01 1.2590066995614229e+01 6.5250732236700009e-06
-4.5176770974831648e-01 -1.1060175768759069e-01 1.2646424110040005e+01 6.4278820777716885e-06
-4.5176770974831648e-01 -1.0054705244326431e-01 1.2703761006057340e+01 6.3394605586284335e-06
-4.5176770974831648e-01 -9.0492347198937867e-02 1.2761515469875524e+01 6.2597292328844690e-06
-4.5176770974831648e-01 -8.0437641954611422e-02 1.2818929083734174e+01 6.1886123808398882e-06
-4.5176770974831648e-01 -7.0382936710284977e-02 1.2875014630657313e+01 6.1260393979549729e-06
-4.5176770974831648e-01 -6.0328231465958525e-02 1.2928537653606744e+01 6.0719459177976372e-06
-4.5176770974831648e-01 -5.0273526221632080e-02 1.2978027052002050e+01 6.0262747012904525e-06
-4.5176770974831648e-01 -4.0218820977305711e-02 1.3021831349359777e+01 5.9889763309597468e-06
-4.5176770974831648e-01 -3.0164115732979262e-02 1.3058231653037437e+01 5.9600097438997446e-06
-4.5176770974831648e-01 -2.0109410488652817e-02 1.3085606241921456e+01 5.9393426304337409e-06
-4.5176770974831648e-01 -1.0054705244326374e-02 1.3102619435621209e+01 5.9269517215804241e-06
-4.5176770974831648e-01 7.1065644079062674e-17 1.3108392579387854e+01 5.9228229821153820e-06
-4.5176770974831648e-01 1.0054705244326445e-02 1.3102619435621218e+01 5.9269517215656874e-06
-4.5176770974831648e-01 2.0109410488652890e-02 1.3085606241921454e+01 5.9393426304320816e-06
-4.5176770974831648e-01 3.0164115732979335e-02 1.3058231653037423e+01 5.9600097439205325e-06
-4.5176770974831648e-01 4.0218820977305780e-02 1.3021831349359784e+01 5.9889763309829852e-06
-4.5176770974831648e-01 5.0273526221632225e-02 1.2978027052002044e+01 6.0262747012865773e-06
-4.5176770974831648e-01 6.0328231465958670e-02 1.2928537653606742e+01 6.0719459178055256e-06
-4.5176770974831648e-01 7.0382936710285046e-02 1.2875014630657319e+01 6.1260393979568533e-06
-4.5176770974831648e-01 8.0437641954611491e-02 1.2818929083734181e+01 6.1886123808388107e-06
-4.5176770974831648e-01 9.0492347198937936e-02 1.2761515469875537e+01 6.2597292328879892e-06
-4.5176770974831648e-01 1.0054705244326438e-01 1.2703761006057327e+01 6.3394605586370157e-06
-4.5176770974831648e-01 1.1060175768759083e-01 1.2646424110040003e+01 6.4278820777635562e-06
-4.5176770974831648e-01 1.2065646293191720e-01 1.2590066995614237e+01 6.5250732236639497e-06
-4.5176770974831648e-01 1.3071116817624365e-01 1.2535092096269658e+01 6.6311154128599726e-06
-4.5176770974831648e-01 1.4076587342057009e-01 1.2481776429024100e+01 6.7460899287729917e-06
-4.5176770974831648e-01 1.5082057866489645e-01 1.2430301231745929e+01 6.8700753579304792e-06
-4.5176770974831648e-01 1.6087528390922298e-01 1.2380776163010999e+01 7.0031445112110155e-06
-4.5176770974831648e-01 1.7092998915354934e-01 1.2333258367008270e+01 7.1453607591803340e-06
-4.5176770974831648e-01 1.8098469439787587e-01 1.2287767129679819e+01 7.2967737077534737e-06
-4.5176770974831648e-01 1.9103939964220223e-01 1.2244294951652220e+01 7.4574141400678245e-06
-4.5176770974831648e-01 2.0109410488652862e-01 1.2202815807379471e+01 7.6272881539126004e-06
-4.5176770974831648e-01 2.1114881013085512e-01 1.2163291243998900e+01 7.8063704312529354e-06
-4.5176770974831648e-01 2.2120351537518151e-01 1.2125674846655690e+01 7.9945965901142751e-06
-4.5176770974831648e-01 2.3125822061950801e-01 1.2089915481445578e+01 8.1918545904919729e-06
-4.5176770974831648e-01 2.4131292586383440e-01 1.2055959630320842e+01 8.3979751970321843e-06
-4.5176770974831648e-01 2.5136763110816079e-01 1.2023753055051104e+01 8.6127215443172282e-06
-4.5176770974831648e-01 2.6142233635248729e-01 1.1993241967466886e+01 8.8357779074651005e-06
-4.5176770974831648e-01 2.7147704159681368e-01 1.1964373837688045e+01 9.0667378537257649e-06
-4.5176770974831648e-01 2.8153174684114018e-01 1.1937097937832414e+01 9.3050920399113283e-06
-4.5176770974831648e-01 2.9158645208546657e-01 1.1911365693198404e+01 9.5502160259858943e-06
-4.5176770974831648e-01 3.0164115732979291e-01 1.1887130893993090e+01 9.8013585936591982e-06
-4.5176770974831648e-01 3.1169586257411946e-01 1.1864349806677591e+01 1.0057631183485141e-05
-4.5176770974831648e-01 3.2175056781844580e-01 1.1842981213656135e+01 1.0317999183192571e-05
-4.5176770974831648e-01 3.3180527306277235e-01 1.1822986402394038e+01 1.0581275894042652e-05
-4.5176770974831648e-01 3.4185997830709869e-01 1.1804329119404287e+01 1.0846120043264252e-05
-4.5176770974831648e-01 3.5191468355142524e-01 1.1786975500368992e+01 1.1111037659486621e-05
-4.5176770974831648e-01 3.6196938879575158e-01 1.1770893984578215e+01 1.1374388934372538e-05
-4.5176770974831648e-01 3.7202409404007797e-01 1.1756055219595110e+01 1.1634400297512176e-05
-4.5176770974831648e-01 3.8207879928440447e-01 1.1742431960399998e+01 1.1889181270320741e-05
-4.5176770974831648e-01 3.9213350452873086e-01 1.1729998966100595e+01 1.2136744690494344e-05
-4.5176770974831648e-01 4.0218820977305736e-01 1.1718732896571559e+01 1.2375027611830509e-05
-4.5176770974831648e-01 4.1224291501738375e-01 1.1708612211140970e+01 1.2601908700165682e-05
-4.5176770974831648e-01 4.2229762026171014e-01 1.1699617071857917e+01 1.2815216612580612e-05
-4.5176770974831648e-01 4.3235232550603664e-01 1.1691729255367154e+01 1.3012723442921849e-05
-4.5176770974831648e-01 4.4240703075036303e-01 1.1684932080703739e+01 1.3192119053695128e-05
-4.5176770974831648e-01 4.5246173599468953e-01 1.1679210352674056e+01 1.3350904497191944e-05
-4.5176770974831648e-01 4.6251644123901592e-01 1.1674549163844201e+01 1.3480807971819199e-05
-4.5176770974831648e-01 4.7257114648334225e-01 1.1670900527885193e+01 1.3414527861839614e-05
-4.5176770974831648e-01 4.8262585172766881e-01 1.1668085462853055e+01 1.2407361180923170e-05
-4.5176770974831648e-01 4.9268055697199514e-01 1.1666409826834732e+01 1.2638906856330459e-05
-4.5176770974831648e-01 5.0273526221632159e-01 1.1665913692566273e+01 1.3345049850998394e-05
-4.3369700135838385e-01 -5.0273526221632159e-01 1.1709515198917412e+01 1.2172927265290233e-05
-4.3369700135838385e-01 -4.9268055697199509e-01 1.1710048687652520e+01 1.1384387323920190e-05
-4.3369700135838385e-01 -4.8262585172766864e-01 1.1711820593008143e+01 1.1049787635044822e-05
-4.3369700135838385e-01 -4.7257114648334225e-01 1.1714784122356569e+01 1.2069973029989490e-05
-4.3369700135838385e-01 -4.6251644123901581e-01 1.1718652000606895e+01 1.2161401726405047e-05
-4.3369700135838385e-01 -4.5246173599468936e-01 1.1723599253593193e+01 1.2061808956638813e-05
-4.3369700135838385e-01 -4.4240703075036292e-01 1.1729674461149564e+01 1.1936917646447230e-05
-4.3369700135838385e-01 -4.3235232550603647e-01 1.1736894660950115e+01 1.1793758238793911e-05
-4.3369700135838385e-01 -4.2229762026171014e-01 1.1745277586362596e+01 1.1633734116822701e-05
-4.3369700135838385e-01 -4.1224291501738369e-01 1.1754842843533590e+01 1.1458231433717225e-05
-4.3369700135838385e-01 -4.0218820977305725e-01 1.1765611996909268e+01 1.1268733846755579e-05
-4.3369700135838385e-01 -3.9213350452873080e-01 1.1777608678218021e+01 1.1066839770033443e-05
-4.3369700135838385e-01 -3.8207879928440436e-01 1.1790858718151016e+01 1.0854250946593719e-05
-4.3369700135838385e-01 -3.7202409404007797e-01 1.1805390293423940e+01 1.0632741707428585e-05
-4.3369700135838385e-01 -3.6196938879575147e-01 1.1821234085640125e+01 1.0404118325892301e-05
-4.3369700135838385e-01 -3.5191468355142508e-01 1.1838423450214222e+01 1.0170176119468492e-05
-4.3369700135838385e-01 -3.4185997830709863e-01 1.1856994594322661e+01 9.9326596252219220e-06
-4.3369700135838385e-01 -3.3180527306277219e-01 1.1876986762869263e+01 9.6932290145510163e-06
-4.3369700135838385e-01 -3.2175056781844580e-01 1.1898442430990547e+01 9.4534341986272336e-06
-4.3369700135838385e-01 -3.1169586257411935e-01 1.1921407500727554e+01 9.2146968564399486e-06
-4.3369700135838385e-01 -3.0164115732979291e-01 1.1945931498110310e+01 8.9782998356305783e-06
-4.3369700135838385e-01 -2.9158645208546646e-01 1.1972067764912518e+01 8.7453829395468921e-06
-4.3369700135838385e-01 -2.8153174684114002e-01 1.1999873636524438e+01 8.5169439269407792e-06
-4.3369700135838385e-01 -2.7147704159681363e-01 1.2029410593458707e+01 8.2938435319168511e-06
-4.3369700135838385e-01 -2.6142233635248718e-01 1.2060744368504073e+01 8.0768133954067866e-06
-4.3369700135838385e-01 -2.5136763110816074e-01 1.2093944983860483e+01 7.8664659391909036e-06
-4.3369700135838385e-01 -2.4131292586383432e-01 1.2129086681859150e+01 7.6633053750221928e-06
-4.3369700135838385e-01 -2.3125822061950788e-01 1.2166247697880031e+01 7.4677392042846141e-06
-4.3369700135838385e-01 -2.2120351537518143e-01 1.2205509803140984e+01 7.2800897145079179e-06
-4.3369700135838385e-01 -2.1114881013085501e-01 1.2246957515809381e+01 7.1006051111687254e-06
-4.3369700135838385e-01 -2.0109410488652857e-01 1.2290676838177850e+01 6.9294700347562342e-06
-4.3369700135838385e-01 -1.9103939964220218e-01 1.2336753321135633e+01 6.7668153031674570e-06
-4.3369700135838385e-01 -1.8098469439787573e-01 1.2385269179194086e+01 6.6127267904198617e-06
-4.3369700135838385e-01 -1.7092998915354929e-01 1.2436299072790291e+01 6.4672534066915563e-06
-4.3369700135838385e-01 -1.6087528390922284e-01 1.2489904031298000e+01 6.3304141840835524e-06
-4.3369700135838385e-01 -1.5082057866489645e-01 1.2546122802206941e+01 6.2022045008622697e-06
-4.3369700135838385e-01 -1.4076587342057001e-01 1.2604959675307986e+01 6.0826014948285055e-06
-4.3369700135838385e-01 -1.3071116817624356e-01 1.2666367553567520e+01 5.9715687284848728e-06
-4.3369700135838385e-01 -1.2065646293191713e-01 1.2730224761545180e+01 5.8690601742629148e-06
-4.3369700135838385e-01 -1.1060175768759069e-01 1.2796303894224447e+01 5.7750235900150746e-06
-4.3369700135838385e-01 -1.0054705244326431e-01 1.2864231122088515e+01 5.6894033541551301e-06
-4.3369700135838385e-01 -9.0492347198937867e-02 1.2933435175531075e+01 5.6121428267196402e-06
-4.3369700135838385e-01 -8.0437641954611422e-02 1.3003087382192200e+01 5.5431862984819259e-06
-4.3369700135838385e-01 -7.0382936710284977e-02 1.3072038499824759e+01 5.4824805852943802e-06
-4.3369700135838385e-01 -6.0328231465958525e-02 1.3138765412863055e+01 5.4299763192325688e-06
-4.3369700135838385e-01 -5.0273526221632080e-02 1.3201350571895441e+01 5.3856289822290420e-06
-4.3369700135838385e-01 -4.0218820977305711e-02 1.3257525748019573e+01 5.3493997226824608e-06
-4.3369700135838385e-01 -3.0164115732979262e-02 1.3304810993422151e+01 5.3212559891827284e-06
-4.3369700135838385e-01 -2.0109410488652817e-02 1.3340759529556037e+01 5.3011720102131076e-06
-4.3369700135838385e-01 -1.0054705244326374e-02 1.3363278368053937e+01 5.2891291435014209e-06
-4.3369700135838385e-01 7.1065644079062674e-17 1.3370951624503347e+01 5.2851161125002200e-06
-4.3369700135838385e-01 1.0054705244326445e-02 1.3363278368053926e+01 5.2891291434809049e-06
-4.3369700135838385e-01 2.0109410488652890e-02 1.3340759529556028e+01 5.3011720102270727e-06
-4.3369700135838385e-01 3.0164115732979335e-02 1.3304810993422146e+01 5.3212559891797113e-06
-4.3369700135838385e-01 4.0218820977305780e-02 1.3257525748019562e+01 5.3493997226902662e-06
-4.3369700135838385e-01 5.0273526221632225e-02 1.3201350571895446e+01 5.3856289822272827e-06
-4.3369700135838385e-01 6.0328231465958670e-02 1.3138765412863078e+01 5.4299763192286183e-06
-4.3369700135838385e-01 7.0382936710285046e-02 1.3072038499824744e+01 5.4824805853069273e-06
-4.3369700135838385e-01 8.0437641954611491e-02 1.3003087382192200e+01 5.5431862984840927e-06
-4.3369700135838385e-01 9.0492347198937936e-02 1.2933435175531081e+01 5.6121428267214579e-06
-4.3369700135838385e-01 1.0054705244326438e-01 1.2864231122088514e+01 5.6894033541590112e-06
-4.3369700135838385e-01 1.1060175768759083e-01 1.2796303894224454e+01 5.7750235900104930e-06
-4.3369700135838385e-01 1.2065646293191720e-01 1.2730224761545180e+01 5.8690601742538532e-06
-4.3369700135838385e-01 1.3071116817624365e-01 1.2666367553567536e+01 5.9715687284848652e-06
-4.3369700135838385e-01 1.4076587342057009e-01 1.2604959675307985e+01 6.0826014948308501e-06
-4.3369700135838385e-01 1.5082057866489645e-01 1.2546122802206932e+01 6.2022045008683057e-06
-4.3369700135838385e-01 1.6087528390922298e-01 1.2489904031297987e+01 6.3304141840840504e-06
-4.3369700135838385e-01 1.7092998915354934e-01 1.2436299072790291e+01 6.4672534066867790e-06
-4.3369700135838385e-01 1.8098469439787587e-01 1.2385269179194090e+01 6.6127267904281703e-06
-4.3369700135838385e-01 1.9103939964220223e-01 1.2336753321135637e+01 6.7668153031705199e-06
-4.3369700135838385e-01 2.0109410488652862e-01 1.2290676838177843e+01 6.9294700347517331e-06
-4.3369700135838385e-01 2.1114881013085512e-01 1.2246957515809374e+01 7.1006051111668721e-06
-4.3369700135838385e-01 2.2120351537518151e-01 1.2205509803140982e+01 7.2800897145091673e-06
-4.3369700135838385e-01 2.3125822061950801e-01 1.2166247697880031e+01 7.4677392042888052e-06
-4.3369700135838385e-01 2.4131292586383440e-01 1.2129086681859151e+01 7.6633053750195907e-06
-4.3369700135838385e-01 2.5136763110816079e-01 1.2093944983860483e+01 7.8664659391924791e-06
-4.3369700135838385e-01 2.6142233635248729e-01 1.2060744368504070e+01 8.0768133954039304e-06
-4.3369700135838385e-01 2.7147704159681368e-01 1.2029410593458707e+01 8.2938435319153044e-06
-4.3369700135838385e-01 2.8153174684114018e-01 1.1999873636524425e+01 8.5169439269400846e-06
-4.3369700135838385e-01 2.9158645208546657e-01 1.1972067764912518e+01 8.7453829395453471e-06
-4.3369700135838385e-01 3.0164115732979291e-01 1.1945931498110310e+01 8.9782998356363873e-06
-4.3369700135838385e-01 3.1169586257411946e-01 1.1921407500727556e+01 9.2146968564420814e-06
-4.3369700135838385e-01 3.2175056781844580e-01 1.1898442430990551e+01 9.4534341986302998e-06
-4.3369700135838385e-01 3.3180527306277235e-01 1.1876986762869262e+01 9.6932290145549957e-06
-4.3369700135838385e-01 3.4185997830709869e-01 1.1856994594322662e+01 9.9326596252220287e-06
-4.3369700135838385e-01 3.5191468355142524e-01 1.1838423450214229e+01 1.0170176119469961e-05
-4.3369700135838385e-01 3.6196938879575158e-01 1.1821234085640123e+01 1.0404118325894227e-05
-4.3369700135838385e-01 3.7202409404007797e-01 1.1805390293423940e+01 1.0632741707429588e-05
-4.3369700135838385e-01 3.8207879928440447e-01 1.1790858718151018e+01 1.0854250946593961e-05
-4.3369700135838385e-01 3.9213350452873086e-01 1.1777608678218018e+01 1.1066839770034348e-05
-4.3369700135838385e-01 4.0218820977305736e-01 1.1765611996909266e+01 1.1268733846751805e-05
-4.3369700135838385e-01 4.1224291501738375e-01 1.1754842843533604e+01 1.1458231433716785e-05
-4.3369700135838385e-01 4.2229762026171014e-01 1.1745277586362590e+01 1.1633734116826241e-05
-4.3369700135838385e-01 4.3235232550603664e-01 1.1736894660950124e+01 1.1793758238790837e-05
-4.3369700135838385e-01 4.4240703075036303e-01 1.1729674461149564e+01 1.1936917646451367e-05
-4.3369700135838385e-01 4.5246173599468953e-01 1.1723599253593198e+01 1.2061808956638901e-05
-4.3369700135838385e-01 4.6251644123901592e-01 1.1718652000606893e+01 1.2161401726402072e-05
-4.3369700135838385e-01 4.7257114648334225e-01 1.1714784122356566e+01 1.2069973029989150e-05
-4.3369700135838385e-01 4.8262585172766881e-01 1.1711820593008156e+01 1.1049787635044148e-05
-4.3369700135838385e-01 4.9268055697199514e-01 1.1710048687652518e+01 1.1384387323918372e-05
-4.3369700135838385e-01 5.0273526221632159e-01 1.1709515198917416e+01 1.2172927265290709e-05
-4.1562629296845116e-01 -5.0273526221632159e-01 1.1748680086624896e+01 1.1094831812552683e-05
-4.1562629296845116e-01 -4.9268055697199509e-01 1.1749247738734502e+01 1.0205952124057051e-05
-4.1562629296845116e-01 -4.8262585172766864e-01 1.1751105464410568e+01 9.7407052514960761e-06
-4.1562629296845116e-01 -4.7257114648334225e-01 1.1754200654097394e+01 1.0767804198982107e-05
-4.1562629296845116e-01 -4.6251644123901581e-01 1.1758266622032737e+01 1.0885913488752934e-05
-4.1562629296845116e-01 -4.5246173599468936e-01 1.1763473188516301e+01 1.0819545267513562e-05
-4.1562629296845116e-01 -4.4240703075036292e-01 1.1769869296224623e+01 1.0731541792460930e-05
-4.1562629296845116e-01 -4.3235232550603647e-01 1.1777474143397379e+01 1.0627471817067980e-05
-4.1562629296845116e-01 -4.2229762026171014e-01 1.1786308040976685e+01 1.0507512121185155e-05
-4.1562629296845116e-01 -4.1224291501738369e-01 1.1796393562822127e+01 1.0372045452172540e-05
-4.1562629296845116e-01 -4.0218820977305725e-01 1.1807755664566725e+01 1.0221775108217830e-05
-4.1562629296845116e-01 -3.9213350452873080e-01 1.1820421834902570e+01 1.0057723539775046e-05
-4.1562629296845116e-01 -3.8207879928440436e-01 1.1834422277226778e+01 9.8811927717462238e-06
-4.1562629296845116e-01 -3.7202409404007797e-01 1.1849790114411915e+01 9.6937025079217048e-06
-4.1562629296845116e-01 -3.6196938879575147e-01 1.1866561613793770e+01 9.4969193290350636e-06
-4.1562629296845116e-01 -3.5191468355142508e-01 1.1884776431773725e+01 9.2925867918969467e-06
-4.1562629296845116e-01 -3.4185997830709863e-01 1.1904477878545844e+01 9.0824626612341197e-06
-4.1562629296845116e-01 -3.3180527306277219e-01 1.1925713203871393e+01 8.8682665698272611e-06
-4.1562629296845116e-01 -3.2175056781844580e-01 1.1948533904771541e+01 8.6516392569301298e-06
-4.1562629296845116e-01 -3.1169586257411935e-01 1.1972996055568226e+01 8.4341131136107047e-06
-4.1562629296845116e-01 -3.0164115732979291e-01 1.1999160659849464e+01 8.2170929222223521e-06
-4.1562629296845116e-01 -2.9158645208546646e-01 1.2027094022558130e+01 8.0018452609868599e-06
-4.1562629296845116e-01 -2.8153174684114002e-01 1.2056868138306351e+01 7.7894949176496935e-06
-4.1562629296845116e-01 -2.7147704159681363e-01 1.2088561088902273e+01 7.5810267114798780e-06
-4.1562629296845116e-01 -2.6142233635248718e-01 1.2122257438495089e+01 7.3772912814377785e-06
-4.1562629296845116e-01 -2.5136763110816074e-01 1.2158048608052539e+01 7.1790136053436526e-06
-4.1562629296845116e-01 -2.4131292586383432e-01 1.2196033201141946e+01 6.9868032346337816e-06
-4.1562629296845116e-01 -2.3125822061950788e-01 1.2236317238830685e+01 6.8011654395765777e-06
-4.1562629296845116e-01 -2.2120351537518143e-01 1.2279014240981926e+01 6.6225126489800602e-06
-4.1562629296845116e-01 -2.1114881013085501e-01 1.2324245061436546e+01 6.4511757307813820e-06
-4.1562629296845116e-01 -2.0109410488652857e-01 1.2372137341416277e+01 6.2874147945070079e-06
-4.1562629296845116e-01 -1.9103939964220218e-01 1.2422824383016358e+01 6.1314293047382196e-06
-4.1562629296845116e-01 -1.8098469439787573e-01 1.2476443154425148e+01 5.9833673793496041e-06
-4.1562629296845116e-01 -1.7092998915354929e-01 1.2533131008659204e+01 5.8433342104281801e-06
-4.1562629296845116e-01 -1.6087528390922284e-01 1.2593020511966294e+01 5.7113995934174989e-06
-4.1562629296845116e-01 -1.5082057866489645e-01 1.2656231515603663e+01 5.5876045832617610e-06
-4.1562629296845116e-01 -1.4076587342057001e-01 1.2722859240491072e+01 5.4719673199256884e-06
-4.1562629296845116e-01 -1.3071116817624356e-01 1.2792956654328529e+01 5.3644880796278061e-06
-4.1562629296845116e-01 -1.2065646293191713e-01 1.2866508796641082e+01 5.2651536168578168e-06
-4.1562629296845116e-01 -1.1060175768759069e-01 1.2943395990569574e+01 5.1739408656429726e-06
-4.1562629296845116e-01 -1.0054705244326431e-01 1.3023342237610073e+01 5.0908200689502693e-06
-4.1562629296845116e-01 -9.0492347198937867e-02 1.3105844957465267e+01 5.0157574029117375e-06
-4.1562629296845116e-01 -8.0437641954611422e-02 1.3190083547402674e+01 4.9487171590030153e-06
-4.1562629296845116e-01 -7.0382936710284977e-02 1.3274808716243969e+01 4.8896635426675052e-06
-4.1562629296845116e-01 -6.0328231465958525e-02 1.3358224739170387e+01 4.8385621414506922e-06
-4.1562629296845116e-01 -5.0273526221632080e-02 1.3437894978479274e+01 4.7953811101271373e-06
-4.1562629296845116e-01 -4.0218820977305711e-02 1.3510725636250616e+01 4.7600921147993657e-06
-4.1562629296845116e-01 -3.0164115732979262e-02 1.3573101666187483e+01 4.7326710714994600e-06
-4.1562629296845116e-01 -2.0109410488652817e-02 1.3621235892577378e+01 4.7130987099283575e-06
-4.1562629296845116e-01 -1.0054705244326374e-02 1.3651722342012869e+01 4.7013609865134529e-06
-4.1562629296845116e-01 7.1065644079062674e-17 1.3662171710662935e+01 4.6974493662986704e-06
-4.1562629296845116e-01 1.0054705244326445e-02 1.3651722342012869e+01 4.7013609864531966e-06
-4.1562629296845116e-01 2.0109410488652890e-02 1.3621235892577376e+01 4.7130987098947634e-06
-4.1562629296845116e-01 3.0164115732979335e-02 1.3573101666187473e+01 4.7326710715623064e-06
-4.1562629296845116e-01 4.0218820977305780e-02 1.3510725636250605e+01 4.7600921148435164e-06
-4.1562629296845116e-01 5.0273526221632225e-02 1.3437894978479282e+01 4.7953811101703190e-06
-4.1562629296845116e-01 6.0328231465958670e-02 1.3358224739170391e+01 4.8385621414646885e-06
-4.1562629296845116e-01 7.0382936710285046e-02 1.3274808716243969e+01 4.8896635426718251e-06
-4.1562629296845116e-01 8.0437641954611491e-02 1.3190083547402672e+01 4.9487171590148322e-06
-4.1562629296845116e-01 9.0492347198937936e-02 1.3105844957465264e+01 5.0157574029154916e-06
-4.1562629296845116e-01 1.0054705244326438e-01 1.3023342237610063e+01 5.0908200689595951e-06
-4.1562629296845116e-01 1.1060175768759083e-01 1.2943395990569572e+01 5.1739408656523484e-06
-4.1562629296845116e-01 1.2065646293191720e-01 1.2866508796641073e+01 5.2651536168585224e-06
-4.1562629296845116e-01 1.3071116817624365e-01 1.2792956654328535e+01 5.3644880796281890e-06
-4.1562629296845116e-01 1.4076587342057009e-01 1.2722859240491072e+01 5.4719673199242561e-06
-4.1562629296845116e-01 1.5082057866489645e-01 1.2656231515603656e+01 5.5876045832613222e-06
-4.1562629296845116e-01 1.6087528390922298e-01 1.2593020511966289e+01 5.7113995934128707e-06
-4.1562629296845116e-01 1.7092998915354934e-01 1.2533131008659200e+01 5.8433342104217392e-06
-4.1562629296845116e-01 1.8098469439787587e-01 1.2476443154425153e+01 5.9833673793434775e-06
-4.1562629296845116e-01 1.9103939964220223e-01 1.2422824383016357e+01 6.1314293047415399e-06
-4.1562629296845116e-01 2.0109410488652862e-01 1.2372137341416268e+01 6.2874147945076372e-06
-4.1562629296845116e-01 2.1114881013085512e-01 1.2324245061436534e+01 6.4511757307816886e-06
-4.1562629296845116e-01 2.2120351537518151e-01 1.2279014240981923e+01 6.6225126489782229e-06
-4.1562629296845116e-01 2.3125822061950801e-01 1.2236317238830683e+01 6.8011654395778127e-06
-4.1562629296845116e-01 2.4131292586383440e-01 1.2196033201141944e+01 6.9868032346334462e-06
-4.1562629296845116e-01 2.5136763110816079e-01 1.2158048608052537e+01 7.1790136053443175e-06
-4.1562629296845116e-01 2.6142233635248729e-01 1.2122257438495081e+01 7.3772912814321847e-06
-4.1562629296845116e-01 2.7147704159681368e-01 1.2088561088902274e+01 7.5810267114799398e-06
-4.1562629296845116e-01 2.8153174684114018e-01 1.2056868138306355e+01 7.7894949176469644e-06
-4.1562629296845116e-01 2.9158645208546657e-01 1.2027094022558137e+01 8.0018452609887048e-06
-4.1562629296845116e-01 3.0164115732979291e-01 1.1999160659849464e+01 8.2170929222248779e-06
-4.1562629296845116e-01 3.1169586257411946e-01 1.1972996055568229e+01 8.4341131136094189e-06
-4.1562629296845116e-01 3.2175056781844580e-01 1.1948533904771542e+01 8.6516392569293607e-06
-4.1562629296845116e-01 3.3180527306277235e-01 1.1925713203871396e+01 8.8682665698254705e-06
-4.1562629296845116e-01 3.4185997830709869e-01 1.1904477878545844e+01 9.0824626612338013e-06
-4.1562629296845116e-01 3.5191468355142524e-01 1.1884776431773730e+01 9.2925867918977209e-06
-4.1562629296845116e-01 3.6196938879575158e-01 1.1866561613793765e+01 9.4969193290343995e-06
-4.1562629296845116e-01 3.7202409404007797e-01 1.1849790114411924e+01 9.6937025079241696e-06
-4.1562629296845116e-01 3.8207879928440447e-01 1.1834422277226780e+01 9.8811927717439013e-06
-4.1562629296845116e-01 3.9213350452873086e-01 1.1820421834902573e+01 1.0057723539773846e-05
-4.1562629296845116e-01 4.0218820977305736e-01 1.1807755664566718e+01 1.0221775108215965e-05
-4.1562629296845116e-01 4.1224291501738375e-01 1.1796393562822125e+01 1.0372045452176008e-05
-4.1562629296845116e-01 4.2229762026171014e-01 1.1786308040976692e+01 1.0507512121181941e-05
-4.1562629296845116e-01 4.3235232550603664e-01 1.1777474143397379e+01 1.0627471817066524e-05
-4.1562629296845116e-01 4.4240703075036303e-01 1.1769869296224622e+01 1.0731541792461545e-05
-4.1562629296845116e-01 4.5246173599468953e-01 1.1763473188516310e+01 1.0819545267513278e-05
-4.1562629296845116e-01 4.6251644123901592e-01 1.1758266622032743e+01 1.0885913488751935e-05
-4.1562629296845116e-01 4.7257114648334225e-01 1.1754200654097399e+01 1.0767804198984658e-05
-4.1562629296845116e-01 4.8262585172766881e-01 1.1751105464410562e+01 9.7407052514933978e-06
-4.1562629296845116e-01 4.9268055697199514e-01 1.1749247738734510e+01 1.0205952124055397e-05
-4.1562629296845116e-01 5.0273526221632159e-01 1.1748680086624894e+01 1.1094831812553540e-05
-3.9755558457851847e-01 -5.0273526221632159e-01 1.1782836795391759e+01 1.0133713779220211e-05
-3.9755558457851847e-01 -4.9268055697199509e-01 1.1783434348364425e+01 9.1275288534406026e-06
-3.9755558457851847e-01 -4.8262585172766864e-01 1.1785364476827411e+01 8.5067437663210788e-06
-3.9755558457851847e-01 -4.7257114648334225e-01 1.1788569593875803e+01 9.5366702566527865e-06
-3.9755558457851847e-01 -4.6251644123901581e-01 1.1792805152237047e+01 9.6827115488566227e-06
-3.9755558457851847e-01 -4.5246173599468936e-01 1.1798234676519732e+01 9.6516047454088634e-06
-3.9755558457851847e-01 -4.4240703075036292e-01 1.1804907213047004e+01 9.6023683011551161e-06
-3.9755558457851847e-01 -4.3235232550603647e-01 1.1812844058896131e+01 9.5389259325899321e-06
-3.9755558457851847e-01 -4.2229762026171014e-01 1.1822068029376341e+01 9.4601357828015700e-06
-3.9755558457851847e-01 -4.1224291501738369e-01 1.1832604576264398e+01 9.3653439930350618e-06
-3.9755558457851847e-01 -4.0218820977305725e-01 1.1844481943361865e+01 9.2544848214918449e-06
-3.9755558457851847e-01 -3.9213350452873080e-01 1.1857731364108066e+01 9.1280457579333426e-06
-3.9755558457851847e-01 -3.8207879928440436e-01 1.1872387297672153e+01 8.9869868160425364e-06
-3.9755558457851847e-01 -3.7202409404007797e-01 1.1888487696461480e+01 8.8326374367402964e-06
-3.9755558457851847e-01 -3.6196938879575147e-01 1.1906074303052343e+01 8.6665885135982648e-06
-3.9755558457851847e-01 -3.5191468355142508e-01 1.1925192977434563e+01 8.4905910980003365e-06
-3.9755558457851847e-01 -3.4185997830709863e-01 1.1945894057088280e+01 8.3064683324144785e-06
-3.9755558457851847e-01 -3.3180527306277219e-01 1.1968232753336089e+01 8.1160434492806231e-06
-3.9755558457851847e-01 -3.2175056781844580e-01 1.1992269587927002e+01 7.9210841827662208e-06
-3.9755558457851847e-01 -3.1169586257411935e-01 1.2018070874030011e+01 7.7232624316615937e-06
-3.9755558457851847e-01 -3.0164115732979291e-01 1.2045709245764421e+01 7.5241272206196221e-06
-3.9755558457851847e-01 -2.9158645208546646e-01 1.2075264240005971e+01 7.3250887034066459e-06
-3.9755558457851847e-01 -2.8153174684114002e-01 1.2106822933338417e+01 7.1274109549335602e-06
-3.9755558457851847e-01 -2.7147704159681363e-01 1.2140480635427586e+01 6.9322114791554171e-06
-3.9755558457851847e-01 -2.6142233635248718e-01 1.2176341637399954e+01 6.7404656270396590e-06
-3.9755558457851847e-01 -2.5136763110816074e-01 1.2214520009438337e+01 6.5530144149476983e-06
-3.9755558457851847e-01 -2.4131292586383432e-01 1.2255140434893647e+01 6.3705745243968230e-06
-3.9755558457851847e-01 -2.3125822061950788e-01 1.2298339057451139e+01 6.1937495285747447e-06
-3.9755558457851847e-01 -2.2120351537518143e-01 1.2344264301308126e+01 6.0230416214120229e-06
-3.9755558457851847e-01 -2.1114881013085501e-01 1.2393077598942394e+01 5.8588633176586517e-06
-3.9755558457851847e-01 -2.0109410488652857e-01 1.2444953922362105e+01 5.7015487497131391e-06
-3.9755558457851847e-01 -1.9103939964220218e-01 1.2500081954889136e+01 5.5513643114217086e-06
-3.9755558457851847e-01 -1.8098469439787573e-01 1.2558663651155744e+01 5.4085184954875410e-06
-3.9755558457851847e-01 -1.7092998915354929e-01 1.2620912797369702e+01 5.2731708441473197e-06
-3.9755558457851847e-01 -1.6087528390922284e-01 1.2687051978351629e+01 5.1454399861180704e-06
-3.9755558457851847e-01 -1.5082057866489645e-01 1.2757307047118941e+01 5.0254107713205016e-06
-3.9755558457851847e-01 -1.4076587342057001e-01 1.2831897725537699e+01 4.9131405406362612e-06
-3.9755558457851847e-01 -1.3071116817624356e-01 1.2911022268999748e+01 4.8086645850403704e-06
-3.9755558457851847e-01 -1.2065646293191713e-01 1.2994833111757531e+01 4.7120008583340693e-06
-3.9755558457851847e-01 -1.1060175768759069e-01 1.3083398974282405e+01 4.6231540122930663e-06
-3.9755558457851847e-01 -1.0054705244326431e-01 1.3176647013982489e+01 4.5421188243605775e-06
-3.9755558457851847e-01 -9.0492347198937867e-02 1.3274276407005150e+01 4.4688830858773204e-06
-3.9755558457851847e-01 -8.0437641954611422e-02 1.3375633047510670e+01 4.4034300164486857e-06
-3.9755558457851847e-01 -7.0382936710284977e-02 1.3479536066662394e+01 4.3457402643766926e-06
-3.9755558457851847e-01 -6.0328231465958525e-02 1.3584055617292114e+01 4.2957935486365727e-06
-3.9755558457851847e-01 -5.0273526221632080e-02 1.3686266739995142e+01 4.2535699920032253e-06
-3.9755558457851847e-01 -4.0218820977305711e-02 1.3782056176229259e+01 4.2190511889798083e-06
-3.9755558457851847e-01 -3.0164115732979262e-02 1.3866134240133603e+01 4.1922210461331406e-06
-3.9755558457851847e-01 -2.0109410488652817e-02 1.3932454549958168e+01 4.1730664267124520e-06
-3.9755558457851847e-01 -1.0054705244326374e-02 1.3975165601969666e+01 4.1615776254249485e-06
-3.9755558457851847e-01 7.1065644079062674e-17 1.3989937881566346e+01 4.1577486928701468e-06
-3.9755558457851847e-01 1.0054705244326445e-02 1.3975165601969675e+01 4.1615776253734506e-06
-3.9755558457851847e-01 2.0109410488652890e-02 1.3932454549958162e+01 4.1730664268111398e-06
-3.9755558457851847e-01 3.0164115732979335e-02 1.3866134240133585e+01 4.1922210461510749e-06
-3.9755558457851847e-01 4.0218820977305780e-02 1.3782056176229252e+01 4.2190511889614937e-06
-3.9755558457851847e-01 5.0273526221632225e-02 1.3686266739995153e+01 4.2535699919933955e-06
-3.9755558457851847e-01 6.0328231465958670e-02 1.3584055617292105e+01 4.2957935486569362e-06
-3.9755558457851847e-01 7.0382936710285046e-02 1.3479536066662398e+01 4.3457402643711835e-06
-3.9755558457851847e-01 8.0437641954611491e-02 1.3375633047510673e+01 4.4034300164479471e-06
-3.9755558457851847e-01 9.0492347198937936e-02 1.3274276407005125e+01 4.4688830858760811e-06
-3.9755558457851847e-01 1.0054705244326438e-01 1.3176647013982477e+01 4.5421188243499802e-06
-3.9755558457851847e-01 1.1060175768759083e-01 1.3083398974282407e+01 4.6231540123026081e-06
-3.9755558457851847e-01 1.2065646293191720e-01 1.2994833111757526e+01 4.7120008583342573e-06
-3.9755558457851847e-01 1.3071116817624365e-01 1.2911022268999753e+01 4.8086645850457304e-06
-3.9755558457851847e-01 1.4076587342057009e-01 1.2831897725537694e+01 4.9131405406335354e-06
-3.9755558457851847e-01 1.5082057866489645e-01 1.2757307047118944e+01 5.0254107713215367e-06
-3.9755558457851847e-01 1.6087528390922298e-01 1.2687051978351612e+01 5.1454399861137200e-06
-3.9755558457851847e-01 1.7092998915354934e-01 1.2620912797369698e+01 5.2731708441467776e-06
-3.9755558457851847e-01 1.8098469439787587e-01 1.2558663651155735e+01 5.4085184954965449e-06
-3.9755558457851847e-01 1.9103939964220223e-01 1.2500081954889128e+01 5.5513643114184653e-06
-3.9755558457851847e-01 2.0109410488652862e-01 1.2444953922362091e+01 5.7015487497077241e-06
-3.9755558457851847e-01 2.1114881013085512e-01 1.2393077598942391e+01 5.8588633176500484e-06
-3.9755558457851847e-01 2.2120351537518151e-01 1.2344264301308122e+01 6.0230416214126989e-06
-3.9755558457851847e-01 2.3125822061950801e-01 1.2298339057451134e+01 6.1937495285750521e-06
-3.9755558457851847e-01 2.4131292586383440e-01 1.2255140434893649e+01 6.3705745243941185e-06
-3.9755558457851847e-01 2.5136763110816079e-01 1.2214520009438328e+01 6.5530144149502513e-06
-3.9755558457851847e-01 2.6142233635248729e-01 1.2176341637399949e+01 6.7404656270369180e-06
-3.9755558457851847e-01 2.7147704159681368e-01 1.2140480635427583e+01 6.9322114791558788e-06
-3.9755558457851847e-01 2.8153174684114018e-01 1.2106822933338432e+01 7.1274109549302627e-06
-3.9755558457851847e-01 2.9158645208546657e-01 1.2075264240005977e+01 7.3250887034073159e-06
-3.9755558457851847e-01 3.0164115732979291e-01 1.2045709245764426e+01 7.5241272206213145e-06
-3.9755558457851847e-01 3.1169586257411946e-01 1.2018070874030011e+01 7.7232624316597167e-06
-3.9755558457851847e-01 3.2175056781844580e-01 1.1992269587927007e+01 7.9210841827677048e-06
-3.9755558457851847e-01 3.3180527306277235e-01 1.1968232753336094e+01 8.1160434492766031e-06
-3.9755558457851847e-01 3.4185997830709869e-01 1.1945894057088292e+01 8.3064683324144768e-06
-3.9755558457851847e-01 3.5191468355142524e-01 1.1925192977434572e+01 8.4905910980042430e-06
-3.9755558457851847e-01 3.6196938879575158e-01 1.1906074303052335e+01 8.6665885135975295e-06
-3.9755558457851847e-01 3.7202409404007797e-01 1.1888487696461482e+01 8.8326374367393291e-06
-3.9755558457851847e-01 3.8207879928440447e-01 1.1872387297672148e+01 8.9869868160426398e-06
-3.9755558457851847e-01 3.9213350452873086e-01 1.1857731364108071e+01 9.1280457579335323e-06
-3.9755558457851847e-01 4.0218820977305736e-01 1.1844481943361858e+01 9.2544848214940675e-06
-3.9755558457851847e-01 4.1224291501738375e-01 1.1832604576264398e+01 9.3653439930383060e-06
-3.9755558457851847e-01 4.2229762026171014e-01 1.1822068029376345e+01 9.4601357828016886e-06
-3.9755558457851847e-01 4.3235232550603664e-01 1.1812844058896124e+01 9.5389259325870877e-06
-3.9755558457851847e-01 4.4240703075036303e-01 1.1804907213047002e+01 9.6023683011550281e-06
-3.9755558457851847e-01 4.5246173599468953e-01 1.1798234676519723e+01 9.6516047454120059e-06
-3.9755558457851847e-01 4.6251644123901592e-01 1.1792805152237028e+01 9.6827115488574561e-06
-3.9755558457851847e-01 4.7257114648334225e-01 1.1788569593875804e+01 9.5366702566507993e-06
-3.9755558457851847e-01 4.8262585172766881e-01 1.1785364476827420e+01 8.5067437663205774e-06
-3.9755558457851847e-01 4.9268055697199514e-01 1.1783434348364418e+01 9.1275288534406111e-06
-3.9755558457851847e-01 5.0273526221632159e-01 1.1782836795391757e+01 1.0133713779221304e-05
-3.7948487618858584e-01 -5.0273526221632159e-01 1.1811496409788859e+01 9.3107184605743511e-06
-3.7948487618858584e-01 -4.9268055697199509e-01 1.1812118306794947e+01 8.1739144354089261e-06
-3.7948487618858584e-01 -4.8262585172766864e-01 1.1814104205194649e+01 7.3789408662002526e-06
-3.7948487618858584e-01 -4.7257114648334225e-01 1.1817392693094469e+01 8.4095926095656576e-06
-3.7948487618858584e-01 -4.6251644123901581e-01 1.1821762114808713e+01 8.5840990910011595e-06
-3.7948487618858584e-01 -4.5246173599468936e-01 1.1827368759841249e+01 8.5888768177798761e-06
-3.7948487618858584e-01 -4.4240703075036292e-01 1.1834261476933134e+01 8.5785991026231679e-06
-3.7948487618858584e-01 -4.3235232550603647e-01 1.1842463487856786e+01 8.5554337368786076e-06
-3.7948487618858584e-01 -4.2229762026171014e-01 1.1851999902457766e+01 8.5168959093153267e-06
-3.7948487618858584e-01 -4.1224291501738369e-01 1.1862898800238487e+01 8.4613290217735316e-06
-3.7948487618858584e-01 -4.0218820977305725e-01 1.1875191424116730e+01 8.3879697614236188e-06
-3.7948487618858584e-01 -3.9213350452873080e-01 1.1888912425832151e+01 8.2968612286461173e-06
-3.7948487618858584e-01 -3.8207879928440436e-01 1.1904100157731405e+01 8.1887168638875024e-06
-3.7948487618858584e-01 -3.7202409404007797e-01 1.1920797004131757e+01 8.0647665500607800e-06
-3.7948487618858584e-01 -3.6196938879575147e-01 1.1939049751399386e+01 7.9266058816084357e-06
-3.7948487618858584e-01 -3.5191468355142508e-01 1.1958909999433377e+01 7.7760609355574199e-06
-3.7948487618858584e-01 -3.4185997830709863e-01 1.1980434619462491e+01 7.6150744413940373e-06
-3.7948487618858584e-01 -3.3180527306277219e-01 1.2003686264592496e+01 7.4456149241700697e-06
-3.7948487618858584e-01 -3.2175056781844580e-01 1.2028733940745528e+01 7.2696077663062958e-06
-3.7948487618858584e-01 -3.1169586257411935e-01 1.2055653646697982e+01 7.0888857274395470e-06
-3.7948487618858584e-01 -3.0164115732979291e-01 1.2084529092934721e+01 6.9051558736902835e-06
-3.7948487618858584e-01 -2.9158645208546646e-01 1.2115452510007167e+01 6.7199797878374027e-06
-3.7948487618858584e-01 -2.8153174684114002e-01 1.2148525557961552e+01 6.5347641415452283e-06
-3.7948487618858584e-01 -2.7147704159681363e-01 1.2183860349071100e+01 6.3507590635948980e-06
-3.7948487618858584e-01 -2.6142233635248718e-01 1.2221580596341608e+01 6.1690621419696517e-06
-3.7948487618858584e-01 -2.5136763110816074e-01 1.2261822899698107e+01 5.9906262978169538e-06
-3.7948487618858584e-01 -2.4131292586383432e-01 1.2304738179801564e+01 5.8162701363352444e-06
-3.7948487618858584e-01 -2.3125822061950788e-01 1.2350493265132171e+01 5.6466896996729097e-06
-3.7948487618858584e-01 -2.2120351537518143e-01 1.2399272629773227e+01 5.4824708160678927e-06
-3.7948487618858584e-01 -2.1114881013085501e-01 1.2451280264783909e+01 5.3241014599255545e-06
-3.7948487618858584e-01 -2.0109410488652857e-01 1.2506741641233001e+01 5.1719837131141736e-06
-3.7948487618858584e-01 -1.9103939964220218e-01 1.2565905681567596e+01 5.0264450553724009e-06
-3.7948487618858584e-01 -1.8098469439787573e-01 1.2629046587830297e+01 4.8877488167873204e-06
-3.7948487618858584e-01 -1.7092998915354929e-01 1.2696465263816721e+01 4.7561037040222981e-06
-3.7948487618858584e-01 -1.6087528390922284e-01 1.2768489886707878e+01 4.6316723691416511e-06
-3.7948487618858584e-01 -1.5082057866489645e-01 1.2845474888083567e+01 4.5145790311416288e-06
-3.7948487618858584e-01 -1.4076587342057001e-01 1.2927797122560982e+01 4.4049161875876947e-06
-3.7948487618858584e-01 -1.3071116817624356e-01 1.3015847217027041e+01 4.3027504717615014e-06
-3.7948487618858584e-01 -1.2065646293191713e-01 1.3110012814425867e+01 4.2081277217595595e-06
-3.7948487618858584e-01 -1.1060175768759069e-01 1.3210648353806015e+01 4.1210773322731679e-06
-3.7948487618858584e-01 -1.0054705244326431e-01 1.3318022717743789e+01 4.0416159621237808e-06
-3.7948487618858584e-01 -9.0492347198937867e-02 1.3432230954734516e+01 3.9697506678123694e-06
-3.7948487618858584e-01 -8.0437641954611422e-02 1.3553048888747140e+01 3.9054815316364209e-06
-3.7948487618858584e-01 -7.0382936710284977e-02 1.3679700405538233e+01 3.8488038463798749e-06
-3.7948487618858584e-01 -6.0328231465958525e-02 1.3810501282946849e+01 3.7997099154075527e-06
-3.7948487618858584e-01 -5.0273526221632080e-02 1.3942356532205261e+01 3.7581905190561404e-06
-3.7948487618858584e-01 -4.0218820977305711e-02 1.4070158678245834e+01 3.7242360936809406e-06
-3.7948487618858584e-01 -3.0164115732979262e-02 1.4186320526313940e+01 3.6978376620954259e-06
-3.7948487618858584e-01 -2.0109410488652817e-02 1.4280974154714967e+01 3.6789875507019097e-06
-3.7948487618858584e-01 -1.0054705244326374e-02 1.4343497639158286e+01 3.6676799190030550e-06
-3.7948487618858584e-01 7.1065644079062674e-17 1.4365425240066259e+01 3.6639111209552701e-06
-3.7948487618858584e-01 1.0054705244326445e-02 1.4343497639158279e+01 3.6676799193176947e-06
-3.7948487618858584e-01 2.0109410488652890e-02 1.4280974154714979e+01 3.6789875510478359e-06
-3.7948487618858584e-01 3.0164115732979335e-02 1.4186320526313937e+01 3.6978376620743962e-06
-3.7948487618858584e-01 4.0218820977305780e-02 1.4070158678245837e+01 3.7242360934416233e-06
-3.7948487618858584e-01 5.0273526221632225e-02 1.3942356532205261e+01 3.7581905189183713e-06
-3.7948487618858584e-01 6.0328231465958670e-02 1.3810501282946838e+01 3.7997099153491308e-06
-3.7948487618858584e-01 7.0382936710285046e-02 1.3679700405538229e+01 3.8488038463625497e-06
-3.7948487618858584e-01 8.0437641954611491e-02 1.3553048888747140e+01 3.9054815316134536e-06
-3.7948487618858584e-01 9.0492347198937936e-02 1.3432230954734505e+01 3.9697506678283698e-06
-3.7948487618858584e-01 1.0054705244326438e-01 1.3318022717743789e+01 4.0416159621097090e-06
-3.7948487618858584e-01 1.1060175768759083e-01 1.3210648353806020e+01 4.1210773322753007e-06
-3.7948487618858584e-01 1.2065646293191720e-01 1.3110012814425854e+01 4.2081277217463458e-06
-3.7948487618858584e-01 1.3071116817624365e-01 1.3015847217027046e+01 4.3027504717662007e-06
-3.7948487618858584e-01 1.4076587342057009e-01 1.2927797122560980e+01 4.4049161875869188e-06
-3.7948487618858584e-01 1.5082057866489645e-01 1.2845474888083558e+01 4.5145790311442775e-06
-3.7948487618858584e-01 1.6087528390922298e-01 1.2768489886707874e+01 4.6316723691354720e-06
-3.7948487618858584e-01 1.7092998915354934e-01 1.2696465263816705e+01 4.7561037040283671e-06
-3.7948487618858584e-01 1.8098469439787587e-01 1.2629046587830302e+01 4.8877488167935994e-06
-3.7948487618858584e-01 1.9103939964220223e-01 1.2565905681567603e+01 5.0264450553742508e-06
-3.7948487618858584e-01 2.0109410488652862e-01 1.2506741641233010e+01 5.1719837131173948e-06
-3.7948487618858584e-01 2.1114881013085512e-01 1.2451280264783916e+01 5.3241014599295304e-06
-3.7948487618858584e-01 2.2120351537518151e-01 1.2399272629773231e+01 5.4824708160704473e-06
-3.7948487618858584e-01 2.3125822061950801e-01 1.2350493265132167e+01 5.6466896996710556e-06
-3.7948487618858584e-01 2.4131292586383440e-01 1.2304738179801555e+01 5.8162701363345786e-06
-3.7948487618858584e-01 2.5136763110816079e-01 1.2261822899698116e+01 5.9906262978157299e-06
-3.7948487618858584e-01 2.6142233635248729e-01 1.2221580596341612e+01 6.1690621419688326e-06
-3.7948487618858584e-01 2.7147704159681368e-01 1.2183860349071100e+01 6.3507590635961050e-06
-3.7948487618858584e-01 2.8153174684114018e-01 1.2148525557961554e+01 6.5347641415427371e-06
-3.7948487618858584e-01 2.9158645208546657e-01 1.2115452510007165e+01 6.7199797878381049e-06
-3.7948487618858584e-01 3.0164115732979291e-01 1.2084529092934721e+01 6.9051558736906748e-06
-3.7948487618858584e-01 3.1169586257411946e-01 1.2055653646697985e+01 7.0888857274381392e-06
-3.7948487618858584e-01 3.2175056781844580e-01 1.2028733940745541e+01 7.2696077663069785e-06
-3.7948487618858584e-01 3.3180527306277235e-01 1.2003686264592487e+01 7.4456149241713029e-06
-3.7948487618858584e-01 3.4185997830709869e-01 1.1980434619462484e+01 7.6150744413955501e-06
-3.7948487618858584e-01 3.5191468355142524e-01 1.1958909999433384e+01 7.7760609355607962e-06
-3.7948487618858584e-01 3.6196938879575158e-01 1.1939049751399397e+01 7.9266058816088982e-06
-3.7948487618858584e-01 3.7202409404007797e-01 1.1920797004131757e+01 8.0647665500614847e-06
-3.7948487618858584e-01 3.8207879928440447e-01 1.1904100157731417e+01 8.1887168638861895e-06
-3.7948487618858584e-01 3.9213350452873086e-01 1.1888912425832146e+01 8.2968612286425580e-06
-3.7948487618858584e-01 4.0218820977305736e-01 1.1875191424116737e+01 8.3879697614239306e-06
-3.7948487618858584e-01 4.1224291501738375e-01 1.1862898800238478e+01 8.4613290217744091e-06
-3.7948487618858584e-01 4.2229762026171014e-01 1.1851999902457765e+01 8.5168959093156316e-06
-3.7948487618858584e-01 4.3235232550603664e-01 1.1842463487856785e+01 8.5554337368783772e-06
-3.7948487618858584e-01 4.4240703075036303e-01 1.1834261476933138e+01 8.5785991026213434e-06
-3.7948487618858584e-01 4.5246173599468953e-01 1.1827368759841255e+01 8.5888768177785649e-06
-3.7948487618858584e-01 4.6251644123901592e-01 1.1821762114808706e+01 8.5840990910021590e-06
-3.7948487618858584e-01 4.7257114648334225e-01 1.1817392693094472e+01 8.4095926095699436e-06
-3.7948487618858584e-01 4.8262585172766881e-01 1.1814104205194656e+01 7.3789408661984069e-06
-3.7948487618858584e-01 4.9268055697199514e-01 1.1812118306794936e+01 8.1739144354100221e-06
-3.7948487618858584e-01 5.0273526221632159e-01 1.1811496409788859e+01 9.3107184605754794e-06
-3.6141416779865315e-01 -5.0273526221632159e-01 1.1834286353642312e+01 8.6400530818297696e-06
-3.6141416779865315e-01 -4.9268055697199509e-01 1.1834925503084948e+01 7.3671455400169413e-06
-3.6141416779865315e-01 -4.8262585172766864e-01 1.1836947179181021e+01 6.3909399256973241e-06
-3.6141416779865315e-01 -4.7257114648334225e-01 1.1840288178787521e+01 7.4219034815643385e-06
-3.6141416779865315e-01 -4.6251644123901581e-01 1.1844749269651626e+01 7.6241560560432364e-06
-3.6141416779865315e-01 -4.5246173599468936e-01 1.1850478680590367e+01 7.6634572758023499e-06
-3.6141416779865315e-01 -4.4240703075036292e-01 1.1857524706546831e+01 7.6900691930255641e-06
-3.6141416779865315e-01 -4.3235232550603647e-01 1.1865912195484352e+01 7.7044046135133308e-06
-3.6141416779865315e-01 -4.2229762026171014e-01 1.1875668192242387e+01 7.7027071735939484e-06
-3.6141416779865315e-01 -4.1224291501738369e-01 1.1886822978671827e+01 7.6824341991291611e-06
-3.6141416779865315e-01 -4.0218820977305725e-01 1.1899410304460748e+01 7.6422615482562287e-06
-3.6141416779865315e-01 -3.9213350452873080e-01 1.1913467678254149e+01 7.5819252558233304e-06
-3.6141416779865315e-01 -3.8207879928440436e-01 1.1929036711952623e+01 7.5020174036931025e-06
-3.6141416779865315e-01 -3.7202409404007797e-01 1.1946163511718304e+01 7.4037746899653780e-06
-3.6141416779865315e-01 -3.6196938879575147e-01 1.1964899116092781e+01 7.2888826219756263e-06
-3.6141416779865315e-01 -3.5191468355142508e-01 1.1985299985877589e+01 7.1593068968618296e-06
-3.6141416779865315e-01 -3.4185997830709863e-01 1.2007428553248657e+01 7.0171559597076091e-06
-3.6141416779865315e-01 -3.3180527306277219e-01 1.2031353839732926e+01 6.8645741556097441e-06
-3.6141416779865315e-01 -3.2175056781844580e-01 1.2057152154624122e+01 6.7036624443309836e-06
-3.6141416779865315e-01 -3.1169586257411935e-01 1.2084907887417581e+01 6.5364225874672230e-06
-3.6141416779865315e-01 -3.0164115732979291e-01 1.2114714410076203e+01 6.3647205017610896e-06
-3.6141416779865315e-01 -2.9158645208546646e-01 1.2146675107514113e+01 6.1902647236969276e-06
-3.6141416779865315e-01 -2.8153174684114002e-01 1.2180904557686929e+01 6.0145964085255844e-06
-3.6141416779865315e-01 -2.7147704159681363e-01 1.2217529886169189e+01 5.8390878447672095e-06
-3.6141416779865315e-01 -2.6142233635248718e-01 1.2256692324107526e+01 5.6649470186128307e-06
-3.6141416779865315e-01 -2.5136763110816074e-01 1.2298549002943377e+01 5.4932262690372632e-06
-3.6141416779865315e-01 -2.4131292586383432e-01 1.2343275024183056e+01 5.3248335138607788e-06
-3.6141416779865315e-01 -2.3125822061950788e-01 1.2391065847471987e+01 5.1605448958341664e-06
-3.6141416779865315e-01 -2.2120351537518143e-01 1.2442140044711026e+01 5.0010179989128283e-06
-3.6141416779865315e-01 -2.1114881013085501e-01 1.2496742470805366e+01 4.8468050251775413e-06
-3.6141416779865315e-01 -2.0109410488652857e-01 1.2555147900766556e+01 4.6983655115311495e-06
-3.6141416779865315e-01 -1.9103939964220218e-01 1.2617665174517066e+01 4.5560783099868098e-06
-3.6141416779865315e-01 -1.8098469439787573e-01 1.2684641868090804e+01 4.4202526648606550e-06
-3.6141416779865315e-01 -1.7092998915354929e-01 1.2756469460847917e+01 4.2911383012116492e-06
-3.6141416779865315e-01 -1.6087528390922284e-01 1.2833588871042402e+01 4.1689344974612045e-06
-3.6141416779865315e-01 -1.5082057866489645e-01 1.2916496047227591e+01 4.0537981561771016e-06
-3.6141416779865315e-01 -1.4076587342057001e-01 1.3005746958732994e+01 3.9458509149807534e-06
-3.6141416779865315e-01 -1.3071116817624356e-01 1.3101960692296801e+01 3.8451853571122685e-06
-3.6141416779865315e-01 -1.2065646293191713e-01 1.3205818186566226e+01 3.7518703920435783e-06
-3.6141416779865315e-01 -1.1060175768759069e-01 1.3318051955017804e+01 3.6659558806620441e-06
-3.6141416779865315e-01 -1.0054705244326431e-01 1.3439418075101919e+01 3.5874765811894207e-06
-3.6141416779865315e-01 -9.0492347198937867e-02 1.3570634081824430e+01 3.5164554901278700e-06
-3.6141416779865315e-01 -8.0437641954611422e-02 1.3712252114981450e+01 3.4529066485599082e-06
-3.6141416779865315e-01 -7.0382936710284977e-02 1.3864410533186883e+01 3.3968374799952810e-06
-3.6141416779865315e-01 -6.0328231465958525e-02 1.4026362709842173e+01 3.3482507193472177e-06
-3.6141416779865315e-01 -5.0273526221632080e-02 1.4195621273130335e+01 3.3071459884883171e-06
-3.6141416779865315e-01 -4.0218820977305711e-02 1.4366540020037382e+01 3.2735210651120270e-06
-3.6141416779865315e-01 -3.0164115732979262e-02 1.4528455264335815e+01 3.2473728844510522e-06
-3.6141416779865315e-01 -2.0109410488652817e-02 1.4664750298760888e+01 3.2286983153826188e-06
-3.6141416779865315e-01 -1.0054705244326374e-02 1.4756059122763318e+01 3.2174947308190794e-06
-3.6141416779865315e-01 7.1065644079062674e-17 1.4788055967551919e+01 3.2137604019139543e-06
-3.6141416779865315e-01 1.0054705244326445e-02 1.4756059122763292e+01 3.2174947327761427e-06
-3.6141416779865315e-01 2.0109410488652890e-02 1.4664750298760906e+01 3.2286983162159950e-06
-3.6141416779865315e-01 3.0164115732979335e-02 1.4528455264335834e+01 3.2473728840084563e-06
-3.6141416779865315e-01 4.0218820977305780e-02 1.4366540020037373e+01 3.2735210645856194e-06
-3.6141416779865315e-01 5.0273526221632225e-02 1.4195621273130332e+01 3.3071459882794239e-06
-3.6141416779865315e-01 6.0328231465958670e-02 1.4026362709842171e+01 3.3482507193135655e-06
-3.6141416779865315e-01 7.0382936710285046e-02 1.3864410533186863e+01 3.3968374799712935e-06
-3.6141416779865315e-01 8.0437641954611491e-02 1.3712252114981446e+01 3.4529066485855670e-06
-3.6141416779865315e-01 9.0492347198937936e-02 1.3570634081824416e+01 3.5164554900854515e-06
-3.6141416779865315e-01 1.0054705244326438e-01 1.3439418075101916e+01 3.5874765811642295e-06
-3.6141416779865315e-01 1.1060175768759083e-01 1.3318051955017813e+01 3.6659558806298043e-06
-3.6141416779865315e-01 1.2065646293191720e-01 1.3205818186566226e+01 3.7518703920117875e-06
-3.6141416779865315e-01 1.3071116817624365e-01 1.3101960692296807e+01 3.8451853571026055e-06
-3.6141416779865315e-01 1.4076587342057009e-01 1.3005746958733003e+01 3.9458509149644167e-06
-3.6141416779865315e-01 1.5082057866489645e-01 1.2916496047227582e+01 4.0537981561812343e-06
-3.6141416779865315e-01 1.6087528390922298e-01 1.2833588871042407e+01 4.1689344974476596e-06
-3.6141416779865315e-01 1.7092998915354934e-01 1.2756469460847915e+01 4.2911383012034355e-06
-3.6141416779865315e-01 1.8098469439787587e-01 1.2684641868090814e+01 4.4202526648604721e-06
-3.6141416779865315e-01 1.9103939964220223e-01 1.2617665174517064e+01 4.5560783099858103e-06
-3.6141416779865315e-01 2.0109410488652862e-01 1.2555147900766569e+01 4.6983655115324734e-06
-3.6141416779865315e-01 2.1114881013085512e-01 1.2496742470805367e+01 4.8468050251692370e-06
-3.6141416779865315e-01 2.2120351537518151e-01 1.2442140044711017e+01 5.0010179989064628e-06
-3.6141416779865315e-01 2.3125822061950801e-01 1.2391065847471987e+01 5.1605448958342867e-06
-3.6141416779865315e-01 2.4131292586383440e-01 1.2343275024183068e+01 5.3248335138539745e-06
-3.6141416779865315e-01 2.5136763110816079e-01 1.2298549002943362e+01 5.4932262690359604e-06
-3.6141416779865315e-01 2.6142233635248729e-01 1.2256692324107512e+01 5.6649470186125173e-06
-3.6141416779865315e-01 2.7147704159681368e-01 1.2217529886169189e+01 5.8390878447692466e-06
-3.6141416779865315e-01 2.8153174684114018e-01 1.2180904557686931e+01 6.0145964085251254e-06
-3.6141416779865315e-01 2.9158645208546657e-01 1.2146675107514099e+01 6.1902647236946118e-06
-3.6141416779865315e-01 3.0164115732979291e-01 1.2114714410076203e+01 6.3647205017635714e-06
-3.6141416779865315e-01 3.1169586257411946e-01 1.2084907887417586e+01 6.5364225874652672e-06
-3.6141416779865315e-01 3.2175056781844580e-01 1.2057152154624124e+01 6.7036624443268306e-06
-3.6141416779865315e-01 3.3180527306277235e-01 1.2031353839732917e+01 6.8645741556076409e-06
-3.6141416779865315e-01 3.4185997830709869e-01 1.2007428553248657e+01 7.0171559597055000e-06
-3.6141416779865315e-01 3.5191468355142524e-01 1.1985299985877601e+01 7.1593068968611020e-06
-3.6141416779865315e-01 3.6196938879575158e-01 1.1964899116092774e+01 7.2888826219728810e-06
-3.6141416779865315e-01 3.7202409404007797e-01 1.1946163511718323e+01 7.4037746899618433e-06
-3.6141416779865315e-01 3.8207879928440447e-01 1.1929036711952611e+01 7.5020174036900744e-06
-3.6141416779865315e-01 3.9213350452873086e-01 1.1913467678254140e+01 7.5819252558202057e-06
-3.6141416779865315e-01 4.0218820977305736e-01 1.1899410304460760e+01 7.6422615482573180e-06
-3.6141416779865315e-01 4.1224291501738375e-01 1.1886822978671827e+01 7.6824341991237960e-06
-3.6141416779865315e-01 4.2229762026171014e-01 1.1875668192242372e+01 7.7027071735939450e-06
-3.6141416779865315e-01 4.3235232550603664e-01 1.1865912195484341e+01 7.7044046135147521e-06
-3.6141416779865315e-01 4.4240703075036303e-01 1.1857524706546831e+01 7.6900691930257759e-06
-3.6141416779865315e-01 4.5246173599468953e-01 1.1850478680590371e+01 7.6634572758017401e-06
-3.6141416779865315e-01 4.6251644123901592e-01 1.1844749269651620e+01 7.6241560560467262e-06
-3.6141416779865315e-01 4.7257114648334225e-01 1.1840288178787519e+01 7.4219034815654083e-06
-3.6141416779865315e-01 4.8262585172766881e-01 1.1836947179181015e+01 6.3909399256980754e-06
-3.6141416779865315e-01 4.9268055697199514e-01 1.1834925503084946e+01 7.3671455400141046e-06
-3.6141416779865315e-01 5.0273526221632159e-01 1.1834286353642312e+01 8.6400530818295748e-06
-3.4334345940872052e-01 -5.0273526221632159e-01 1.1850982094191078e+01 8.1240281130196421e-06
-3.4334345940872052e-01 -4.9268055697199509e-01 1.1851629698924581e+01 6.7224398623555279e-06
-3.4334345940872052e-01 -4.8262585172766864e-01 1.1853663892659744e+01 5.5760610777696701e-06
-3.4334345940872052e-01 -4.7257114648334225e-01 1.1857023226905762e+01 6.6081869264395253e-06
-3.4334345940872052e-01 -4.6251644123901581e-01 1.1861528781403818e+01 6.8356890988541274e-06
-3.4334345940872052e-01 -4.5246173599468936e-01 1.1867319961081861e+01 6.9056760177542815e-06
-3.4334345940872052e-01 -4.4240703075036292e-01 1.1874444089229563e+01 6.9643990622046787e-06
-3.4334345940872052e-01 -4.3235232550603647e-01 1.1882927219178121e+01 7.0106638750425177e-06
-3.4334345940872052e-01 -4.2229762026171014e-01 1.1892797826089479e+01 7.0396285042833897e-06
-3.4334345940872052e-01 -4.1224291501738369e-01 1.1904087800174011e+01 7.0480674452899350e-06
-3.4334345940872052e-01 -4.0218820977305725e-01 1.1916832710310587e+01 7.0342907286089743e-06
-3.4334345940872052e-01 -3.9213350452873080e-01 1.1931072134660585e+01 6.9978979980181588e-06
-3.4334345940872052e-01 -3.8207879928440436e-01 1.1946850049221775e+01 6.9394988299667679e-06
-3.4334345940872052e-01 -3.7202409404007797e-01 1.1964215268197258e+01 6.8604424922234176e-06
-3.4334345940872052e-01 -3.6196938879575147e-01 1.1983221937848823e+01 6.7625795820865711e-06
-3.4334345940872052e-01 -3.5191468355142508e-01 1.2003930090373203e+01 6.6480644262626321e-06
-3.4334345940872052e-01 -3.4185997830709863e-01 1.2026406267680979e+01 6.5191990296913584e-06
-3.4334345940872052e-01 -3.3180527306277219e-01 1.2050724227664967e+01 6.3783150605240207e-06
-3.4334345940872052e-01 -3.2175056781844580e-01 1.2076965748163641e+01 6.2276884717904892e-06
-3.4334345940872052e-01 -3.1169586257411935e-01 1.2105221546710361e+01 6.0694808943924765e-06
-3.4334345940872052e-01 -3.0164115732979291e-01 1.2135592337567658e+01 5.9057022345546968e-06
-3.4334345940872052e-01 -2.9158645208546646e-01 1.2168190051708788e+01 5.7381895644554837e-06
-3.4334345940872052e-01 -2.8153174684114002e-01 1.2203139250559426e+01 5.5685981707983068e-06
-3.4334345940872052e-01 -2.7147704159681363e-01 1.2240578770723248e+01 5.3984013932693346e-06
-3.4334345940872052e-01 -2.6142233635248718e-01 1.2280663644913112e+01 5.2288965797896825e-06
-3.4334345940872052e-01 -2.5136763110816074e-01 1.2323567354302606e+01 5.0612150840874477e-06
-3.4334345940872052e-01 -2.4131292586383432e-01 1.2369484480004786e+01 4.8963347284366978e-06
-3.4334345940872052e-01 -2.3125822061950788e-01 1.2418633836996847e+01 4.7350935580918314e-06
-3.4334345940872052e-01 -2.2120351537518143e-01 1.2471262193279374e+01 4.5782040347336225e-06
-3.4334345940872052e-01 -2.1114881013085501e-01 1.2527648701227262e+01 4.4262670669714359e-06
-3.4334345940872052e-01 -2.0109410488652857e-01 1.2588110197806792e+01 4.2797854690255404e-06
-3.4334345940872052e-01 -1.9103939964220218e-01 1.2653007566233246e+01 4.1391765847647520e-06
-3.4334345940872052e-01 -1.8098469439787573e-01 1.2722753393605354e+01 4.0047839233819657e-06
-3.4334345940872052e-01 -1.7092998915354929e-01 1.2797821204987635e+01 3.8768877326140973e-06
-3.4334345940872052e-01 -1.6087528390922284e-01 1.2878756597628790e+01 3.7557144925171771e-06
-3.4334345940872052e-01 -1.5082057866489645e-01 1.2966190622427852e+01 3.6414453523045598e-06
-3.4334345940872052e-01 -1.4076587342057001e-01 1.3060855723206858e+01 3.5342235594209910e-06
-3.4334345940872052e-01 -1.3071116817624356e-01 1.3163604355970975e+01 3.4341609463767286e-06
-3.4334345940872052e-01 -1.2065646293191713e-01 1.3275429860898452e+01 3.3413435505531797e-06
-3.4334345940872052e-01 -1.1060175768759069e-01 1.3397487766433263e+01 3.2558364462590753e-06
-3.4334345940872052e-01 -1.0054705244326431e-01 1.3531112324440302e+01 3.1776878684286352e-06
-3.4334345940872052e-01 -9.0492347198937867e-02 1.3677814901920282e+01 3.1069327057850054e-06
-3.4334345940872052e-01 -8.0437641954611422e-02 1.3839230674694139e+01 3.0435954364701100e-06
-3.4334345940872052e-01 -7.0382936710284977e-02 1.4016928294556573e+01 2.9876925751743487e-06
-3.4334345940872052e-01 -6.0328231465958525e-02 1.4211857459697418e+01 2.9392346930224410e-06
-3.4334345940872052e-01 -5.0273526221632080e-02 1.4422812307248089e+01 2.8982280686781653e-06
-3.4334345940872052e-01 -4.0218820977305711e-02 1.4642155813140453e+01 2.8646760192607852e-06
-3.4334345940872052e-01 -3.0164115732979262e-02 1.4844768603726109e+01 2.8385799494952358e-06
-3.4334345940872052e-01 -2.0109410488652817e-02 1.4976256900103222e+01 2.8199401741418989e-06
-3.4334345940872052e-01 -1.0054705244326374e-02 1.5020549800048753e+01 2.8087564946323766e-06
-3.4334345940872052e-01 7.1065644079062674e-17 1.5034044111185040e+01 2.8050286403032750e-06
-3.4334345940872052e-01 1.0054705244326445e-02 1.5020549800048791e+01 2.8087564986643568e-06
-3.4334345940872052e-01 2.0109410488652890e-02 1.4976256900103241e+01 2.8199401709522579e-06
-3.4334345940872052e-01 3.0164115732979335e-02 1.4844768603726102e+01 2.8385799481448146e-06
-3.4334345940872052e-01 4.0218820977305780e-02 1.4642155813140448e+01 2.8646760184590227e-06
-3.4334345940872052e-01 5.0273526221632225e-02 1.4422812307248078e+01 2.8982280685048759e-06
-3.4334345940872052e-01 6.0328231465958670e-02 1.4211857459697425e+01 2.9392346929367496e-06
-3.4334345940872052e-01 7.0382936710285046e-02 1.4016928294556577e+01 2.9876925750699819e-06
-3.4334345940872052e-01 8.0437641954611491e-02 1.3839230674694143e+01 3.0435954364395681e-06
-3.4334345940872052e-01 9.0492347198937936e-02 1.3677814901920268e+01 3.1069327057888183e-06
-3.4334345940872052e-01 1.0054705244326438e-01 1.3531112324440302e+01 3.1776878684308947e-06
-3.4334345940872052e-01 1.1060175768759083e-01 1.3397487766433263e+01 3.2558364462531693e-06
-3.4334345940872052e-01 1.2065646293191720e-01 1.3275429860898459e+01 3.3413435505309354e-06
-3.4334345940872052e-01 1.3071116817624365e-01 1.3163604355970959e+01 3.4341609463675010e-06
-3.4334345940872052e-01 1.4076587342057009e-01 1.3060855723206856e+01 3.5342235594331862e-06
-3.4334345940872052e-01 1.5082057866489645e-01 1.2966190622427865e+01 3.6414453523010348e-06
-3.4334345940872052e-01 1.6087528390922298e-01 1.2878756597628803e+01 3.7557144925144518e-06
-3.4334345940872052e-01 1.7092998915354934e-01 1.2797821204987633e+01 3.8768877326094987e-06
-3.4334345940872052e-01 1.8098469439787587e-01 1.2722753393605359e+01 4.0047839233780346e-06
-3.4334345940872052e-01 1.9103939964220223e-01 1.2653007566233256e+01 4.1391765847639524e-06
-3.4334345940872052e-01 2.0109410488652862e-01 1.2588110197806786e+01 4.2797854690201219e-06
-3.4334345940872052e-01 2.1114881013085512e-01 1.2527648701227257e+01 4.4262670669623320e-06
-3.4334345940872052e-01 2.2120351537518151e-01 1.2471262193279371e+01 4.5782040347335759e-06
-3.4334345940872052e-01 2.3125822061950801e-01 1.2418633836996849e+01 4.7350935580975082e-06
-3.4334345940872052e-01 2.4131292586383440e-01 1.2369484480004781e+01 4.8963347284336468e-06
-3.4334345940872052e-01 2.5136763110816079e-01 1.2323567354302593e+01 5.0612150840867912e-06
-3.4334345940872052e-01 2.6142233635248729e-01 1.2280663644913108e+01 5.2288965797849315e-06
-3.4334345940872052e-01 2.7147704159681368e-01 1.2240578770723245e+01 5.3984013932676947e-06
-3.4334345940872052e-01 2.8153174684114018e-01 1.2203139250559422e+01 5.5685981707995299e-06
-3.4334345940872052e-01 2.9158645208546657e-01 1.2168190051708780e+01 5.7381895644524793e-06
-3.4334345940872052e-01 3.0164115732979291e-01 1.2135592337567658e+01 5.9057022345540920e-06
-3.4334345940872052e-01 3.1169586257411946e-01 1.2105221546710359e+01 6.0694808943900329e-06
-3.4334345940872052e-01 3.2175056781844580e-01 1.2076965748163650e+01 6.2276884717884834e-06
-3.4334345940872052e-01 3.3180527306277235e-01 1.2050724227664970e+01 6.3783150605243841e-06
-3.4334345940872052e-01 3.4185997830709869e-01 1.2026406267680985e+01 6.5191990296904351e-06
-3.4334345940872052e-01 3.5191468355142524e-01 1.2003930090373203e+01 6.6480644262649852e-06
-3.4334345940872052e-01 3.6196938879575158e-01 1.1983221937848830e+01 6.7625795820902023e-06
-3.4334345940872052e-01 3.7202409404007797e-01 1.1964215268197249e+01 6.8604424922211620e-06
-3.4334345940872052e-01 3.8207879928440447e-01 1.1946850049221768e+01 6.9394988299665511e-06
-3.4334345940872052e-01 3.9213350452873086e-01 1.1931072134660580e+01 6.9978979980177946e-06
-3.4334345940872052e-01 4.0218820977305736e-01 1.1916832710310576e+01 7.0342907286113621e-06
-3.4334345940872052e-01 4.1224291501738375e-01 1.1904087800174006e+01 7.0480674452878284e-06
-3.4334345940872052e-01 4.2229762026171014e-01 1.1892797826089481e+01 7.0396285042801430e-06
-3.4334345940872052e-01 4.3235232550603664e-01 1.1882927219178111e+01 7.0106638750438136e-06
-3.4334345940872052e-01 4.4240703075036303e-01 1.1874444089229563e+01 6.9643990622053597e-06
-3.4334345940872052e-01 4.5246173599468953e-01 1.1867319961081858e+01 6.9056760177572055e-06
-3.4334345940872052e-01 4.6251644123901592e-01 1.1861528781403806e+01 6.8356890988519895e-06
-3.4334345940872052e-01 4.7257114648334225e-01 1.1857023226905756e+01 6.6081869264405892e-06
-3.4334345940872052e-01 4.8262585172766881e-01 1.1853663892659744e+01 5.5760610777687290e-06
-3.4334345940872052e-01 4.9268055697199514e-01 1.1851629698924578e+01 6.7224398623546309e-06
-3.4334345940872052e-01 5.0273526221632159e-01 1.1850982094191078e+01 8.1240281130200047e-06
-3.2527275101878789e-01 -5.0273526221632159e-01 1.1861531245205873e+01 7.7522253575228324e-06
-3.2527275101878789e-01 -4.9268055697199509e-01 1.1862176874115821e+01 6.2460818639470618e-06
-3.2527275101878789e-01 -4.8262585172766864e-01 1.1864197612516454e+01 4.9634533188217993e-06
-3.2527275101878789e-01 -4.7257114648334225e-01 1.1867539212392661e+01 5.9983931541311279e-06
-3.2527275101878789e-01 -4.6251644123901581e-01 1.1872039107971132e+01 6.2465040578401373e-06
-3.2527275101878789e-01 -4.5246173599468936e-01 1.1877827133824781e+01 6.3405978202768570e-06
-3.2527275101878789e-01 -4.4240703075036292e-01 1.1884949166840551e+01 6.4237744747578876e-06
-3.2527275101878789e-01 -4.3235232550603647e-01 1.1893431942564002e+01 6.4935462329016146e-06
-3.2527275101878789e-01 -4.2229762026171014e-01 1.1903304743335298e+01 6.5442866226538028e-06
-3.2527275101878789e-01 -4.1224291501738369e-01 1.1914600338056973e+01 6.5723637108288207e-06
-3.2527275101878789e-01 -4.0218820977305725e-01 1.1927355271141860e+01 6.5759541343125197e-06
-3.2527275101878789e-01 -3.9213350452873080e-01 1.1941610222350658e+01 6.5547022194653936e-06
-3.2527275101878789e-01 -3.8207879928440436e-01 1.1957410426516315e+01 6.5093659299208843e-06
-3.2527275101878789e-01 -3.7202409404007797e-01 1.1974806147333391e+01 6.4414938468908305e-06
-3.2527275101878789e-01 -3.6196938879575147e-01 1.1993853207961626e+01 6.3531522821865555e-06
-3.2527275101878789e-01 -3.5191468355142508e-01 1.2014613586516075e+01 6.2467068982137370e-06
-3.2527275101878789e-01 -3.4185997830709863e-01 1.2037156088197001e+01 6.1246554370010520e-06
-3.2527275101878789e-01 -3.3180527306277219e-01 1.2061557108873890e+01 5.9895047081858828e-06
-3.2527275101878789e-01 -3.2175056781844580e-01 1.2087901508014562e+01 5.8436840034120876e-06
-3.2527275101878789e-01 -3.1169586257411935e-01 1.2116283612362659e+01 5.6894874084418763e-06
-3.2527275101878789e-01 -3.0164115732979291e-01 1.2146808376049254e+01 5.5290383697969984e-06
-3.2527275101878789e-01 -2.9158645208546646e-01 1.2179592728194319e+01 5.3642709460376488e-06
-3.2527275101878789e-01 -2.8153174684114002e-01 1.2214767145875019e+01 5.1969232314138174e-06
-3.2527275101878789e-01 -2.7147704159681363e-01 1.2252477499061495e+01 5.0285393881170857e-06
-3.2527275101878789e-01 -2.6142233635248718e-01 1.2292887225338029e+01 4.8604775298467615e-06
-3.2527275101878789e-01 -2.5136763110816074e-01 1.2336179906733443e+01 4.6939213623000236e-06
-3.2527275101878789e-01 -2.4131292586383432e-01 1.2382562339858980e+01 4.5298940182367175e-06
-3.2527275101878789e-01 -2.3125822061950788e-01 1.2432268215275082e+01 4.3692729443502811e-06
-3.2527275101878789e-01 -2.2120351537518143e-01 1.2485562554628482e+01 4.2128050230275987e-06
-3.2527275101878789e-01 -2.1114881013085501e-01 1.2542747097455818e+01 4.0611213622667978e-06
-3.2527275101878789e-01 -2.0109410488652857e-01 1.2604166887599177e+01 3.9147513762003224e-06
-3.2527275101878789e-01 -1.9103939964220218e-01 1.2670218387436229e+01 3.7741359200443425e-06
-3.2527275101878789e-01 -1.8098469439787573e-01 1.2741359554236348e+01 3.6396393478405252e-06
-3.2527275101878789e-01 -1.7092998915354929e-01 1.2818122457342023e+01 3.5115604360727657e-06
-3.2527275101878789e-01 -1.6087528390922284e-01 1.2901129211228769e+01 3.3901421701414492e-06
-3.2527275101878789e-01 -1.5082057866489645e-01 1.2991112264207469e+01 3.2755804268058392e-06
-3.2527275101878789e-01 -1.4076587342057001e-01 1.3088940430419667e+01 3.1680316099830311e-06
-3.2527275101878789e-01 -1.3071116817624356e-01 1.3195652481142927e+01 3.0676193119708479e-06
-3.2527275101878789e-01 -1.2065646293191713e-01 1.3312500548352547e+01 2.9744400802017679e-06
-3.2527275101878789e-01 -1.1060175768759069e-01 1.3441005734854347e+01 2.8885683728340130e-06
-3.2527275101878789e-01 -1.0054705244326431e-01 1.3583027109817481e+01 2.8100607857747810e-06
-3.2527275101878789e-01 -9.0492347198937867e-02 1.3740839090866157e+01 2.7389596320520439e-06
-3.2527275101878789e-01 -8.0437641954611422e-02 1.3917188302136530e+01 2.6752959480108456e-06
-3.2527275101878789e-01 -7.0382936710284977e-02 1.4115209808018836e+01 2.6190919982276778e-06
-3.2527275101878789e-01 -6.0328231465958525e-02 1.4337703439666702e+01 2.5703633419884111e-06
-3.2527275101878789e-01 -5.0273526221632080e-02 1.4583418774668457e+01 2.5291205209163367e-06
-3.2527275101878789e-01 -4.0218820977305711e-02 1.4827228970391822e+01 2.4953704186730929e-06
-3.2527275101878789e-01 -3.0164115732979262e-02 1.4953145540108149e+01 2.4691173480908431e-06
-3.2527275101878789e-01 -2.0109410488652817e-02 1.5061745087149706e+01 2.4503638439112449e-06
-3.2527275101878789e-01 -1.0054705244326374e-02 1.5259615262144880e+01 2.4391112766826830e-06
-3.2527275101878789e-01 7.1065644079062674e-17 1.5346764261644520e+01 2.4353603661033973e-06
-3.2527275101878789e-01 1.0054705244326445e-02 1.5259615262144921e+01 2.4391112516923574e-06
-3.2527275101878789e-01 2.0109410488652890e-02 1.5061745087149697e+01 2.4503638290922616e-06
-3.2527275101878789e-01 3.0164115732979335e-02 1.4953145540108153e+01 2.4691173548405060e-06
-3.2527275101878789e-01 4.0218820977305780e-02 1.4827228970391825e+01 2.4953704177302462e-06
-3.2527275101878789e-01 5.0273526221632225e-02 1.4583418774668459e+01 2.5291205215176365e-06
-3.2527275101878789e-01 6.0328231465958670e-02 1.4337703439666702e+01 2.5703633415706519e-06
-3.2527275101878789e-01 7.0382936710285046e-02 1.4115209808018834e+01 2.6190919979637064e-06
-3.2527275101878789e-01 8.0437641954611491e-02 1.3917188302136507e+01 2.6752959480194514e-06
-3.2527275101878789e-01 9.0492347198937936e-02 1.3740839090866146e+01 2.7389596320934269e-06
-3.2527275101878789e-01 1.0054705244326438e-01 1.3583027109817463e+01 2.8100607857582583e-06
-3.2527275101878789e-01 1.1060175768759083e-01 1.3441005734854333e+01 2.8885683727853933e-06
-3.2527275101878789e-01 1.2065646293191720e-01 1.3312500548352551e+01 2.9744400801926945e-06
-3.2527275101878789e-01 1.3071116817624365e-01 1.3195652481142918e+01 3.0676193119637582e-06
-3.2527275101878789e-01 1.4076587342057009e-01 1.3088940430419649e+01 3.1680316099910177e-06
-3.2527275101878789e-01 1.5082057866489645e-01 1.2991112264207469e+01 3.2755804268085708e-06
-3.2527275101878789e-01 1.6087528390922298e-01 1.2901129211228776e+01 3.3901421701350584e-06
-3.2527275101878789e-01 1.7092998915354934e-01 1.2818122457342024e+01 3.5115604360683213e-06
-3.2527275101878789e-01 1.8098469439787587e-01 1.2741359554236347e+01 3.6396393478342550e-06
-3.2527275101878789e-01 1.9103939964220223e-01 1.2670218387436233e+01 3.7741359200422401e-06
-3.2527275101878789e-01 2.0109410488652862e-01 1.2604166887599174e+01 3.9147513761943729e-06
-3.2527275101878789e-01 2.1114881013085512e-01 1.2542747097455816e+01 4.0611213622665030e-06
-3.2527275101878789e-01 2.2120351537518151e-01 1.2485562554628496e+01 4.2128050230308691e-06
-3.2527275101878789e-01 2.3125822061950801e-01 1.2432268215275075e+01 4.3692729443517177e-06
-3.2527275101878789e-01 2.4131292586383440e-01 1.2382562339858973e+01 4.5298940182405867e-06
-3.2527275101878789e-01 2.5136763110816079e-01 1.2336179906733440e+01 4.6939213622972402e-06
-3.2527275101878789e-01 2.6142233635248729e-01 1.2292887225338024e+01 4.8604775298443711e-06
-3.2527275101878789e-01 2.7147704159681368e-01 1.2252477499061502e+01 5.0285393881119282e-06
-3.2527275101878789e-01 2.8153174684114018e-01 1.2214767145875014e+01 5.1969232314154894e-06
-3.2527275101878789e-01 2.9158645208546657e-01 1.2179592728194310e+01 5.3642709460360776e-06
-3.2527275101878789e-01 3.0164115732979291e-01 1.2146808376049252e+01 5.5290383697947317e-06
-3.2527275101878789e-01 3.1169586257411946e-01 1.2116283612362656e+01 5.6894874084387990e-06
-3.2527275101878789e-01 3.2175056781844580e-01 1.2087901508014566e+01 5.8436840034098421e-06
-3.2527275101878789e-01 3.3180527306277235e-01 1.2061557108873899e+01 5.9895047081833324e-06
-3.2527275101878789e-01 3.4185997830709869e-01 1.2037156088196992e+01 6.1246554370013180e-06
-3.2527275101878789e-01 3.5191468355142524e-01 1.2014613586516074e+01 6.2467068982133287e-06
-3.2527275101878789e-01 3.6196938879575158e-01 1.1993853207961633e+01 6.3531522821885367e-06
-3.2527275101878789e-01 3.7202409404007797e-01 1.1974806147333403e+01 6.4414938468908677e-06
-3.2527275101878789e-01 3.8207879928440447e-01 1.1957410426516310e+01 6.5093659299212214e-06
-3.2527275101878789e-01 3.9213350452873086e-01 1.1941610222350661e+01 6.5547022194667675e-06
-3.2527275101878789e-01 4.0218820977305736e-01 1.1927355271141860e+01 6.5759541343139969e-06
-3.2527275101878789e-01 4.1224291501738375e-01 1.1914600338056971e+01 6.5723637108310230e-06
-3.2527275101878789e-01 4.2229762026171014e-01 1.1903304743335310e+01 6.5442866226502360e-06
-3.2527275101878789e-01 4.3235232550603664e-01 1.1893431942563998e+01 6.4935462328994022e-06
-3.2527275101878789e-01 4.4240703075036303e-01 1.1884949166840533e+01 6.4237744747577063e-06
-3.2527275101878789e-01 4.5246173599468953e-01 1.1877827133824786e+01 6.3405978202791558e-06
-3.2527275101878789e-01 4.6251644123901592e-01 1.1872039107971128e+01 6.2465040578388379e-06
-3.2527275101878789e-01 4.7257114648334225e-01 1.1867539212392654e+01 5.9983931541323290e-06
-3.2527275101878789e-01 4.8262585172766881e-01 1.1864197612516447e+01 4.9634533188210386e-06
-3.2527275101878789e-01 4.9268055697199514e-01 1.1862176874115821e+01 6.2460818639463274e-06
-3.2527275101878789e-01 5.0273526221632159e-01 1.1861531245205873e+01 7.7522253575249873e-06
-3.0720204262885520e-01 -5.0273526221632159e-01 1.1866065349768428e+01 7.5079483506657814e-06
-3.0720204262885520e-01 -4.9268055697199509e-01 1.1866697450835982e+01 5.9373284047608075e-06
-3.0720204262885520e-01 -4.8262585172766864e-01 1.1868677308805346e+01 4.5738387332986765e-06
-3.0720204262885520e-01 -4.7257114648334225e-01 1.1871964982728635e+01 5.6135887020486915e-06
-3.0720204262885520e-01 -4.6251644123901581e-01 1.1876408747512883e+01 5.8754817027044263e-06
-3.0720204262885520e-01 -4.5246173599468936e-01 1.1882128118036078e+01 5.9844851086243647e-06
-3.0720204262885520e-01 -4.4240703075036292e-01 1.1889167011643679e+01 6.0818336525508472e-06
-3.0720204262885520e-01 -4.3235232550603647e-01 1.1897552258764154e+01 6.1642171016264743e-06
-3.0720204262885520e-01 -4.2229762026171014e-01 1.1907313255503501e+01 6.2256170886665864e-06
-3.0720204262885520e-01 -4.1224291501738369e-01 1.1918482842206156e+01 6.2623137946782964e-06
-3.0720204262885520e-01 -4.0218820977305725e-01 1.1931097607549271e+01 6.2725889919834674e-06
-3.0720204262885520e-01 -3.9213350452873080e-01 1.1945198264151927e+01 6.2562958626637326e-06
-3.0720204262885520e-01 -3.8207879928440436e-01 1.1960830082839253e+01 6.2144423301898736e-06
-3.0720204262885520e-01 -3.7202409404007797e-01 1.1978043379930595e+01 6.1488288322470396e-06
-3.0720204262885520e-01 -3.6196938879575147e-01 1.1996894061023273e+01 6.0617537514339652e-06
-3.0720204262885520e-01 -3.5191468355142508e-01 1.2017444230273467e+01 5.9557851767945646e-06
-3.0720204262885520e-01 -3.4185997830709863e-01 1.2039762877941563e+01 5.8335910757647016e-06
-3.0720204262885520e-01 -3.3180527306277219e-01 1.2063926662107704e+01 5.6978178138942813e-06
-3.0720204262885520e-01 -3.2175056781844580e-01 1.2090020803665521e+01 5.5510070808440719e-06
-3.0720204262885520e-01 -3.1169586257411935e-01 1.2118140117430132e+01 5.3955424041800236e-06
-3.0720204262885520e-01 -3.0164115732979291e-01 1.2148390206814247e+01 5.2336178793392599e-06
-3.0720204262885520e-01 -2.9158645208546646e-01 1.2180888855396114e+01 5.0672231795242972e-06
-3.0720204262885520e-01 -2.8153174684114002e-01 1.2215767656244875e+01 4.8981401866570024e-06
-3.0720204262885520e-01 -2.7147704159681363e-01 1.2253173929621294e+01 4.7279476588955569e-06
-3.0720204262885520e-01 -2.6142233635248718e-01 1.2293272992356711e+01 4.5580312210993145e-06
-3.0720204262885520e-01 -2.5136763110816074e-01 1.2336250858821264e+01 4.3895966559961367e-06
-3.0720204262885520e-01 -2.4131292586383432e-01 1.2382317475300919e+01 4.2236850128262198e-06
-3.0720204262885520e-01 -2.3125822061950788e-01 1.2431710618748525e+01 4.0611884657270865e-06
-3.0720204262885520e-01 -2.2120351537518143e-01 1.2484700630008840e+01 3.9028661705670990e-06
-3.0720204262885520e-01 -2.1114881013085501e-01 1.2541596204688023e+01 3.7493596082904125e-06
-3.0720204262885520e-01 -2.0109410488652857e-01 1.2602751537564762e+01 3.6012070811050860e-06
-3.0720204262885520e-01 -1.9103939964220218e-01 1.2668575217184497e+01 3.4588571599056601e-06
-3.0720204262885520e-01 -1.8098469439787573e-01 1.2739541408367328e+01 3.3226809772085114e-06
-3.0720204262885520e-01 -1.7092998915354929e-01 1.2816204060043733e+01 3.1929833288630358e-06
-3.0720204262885520e-01 -1.6087528390922284e-01 1.2899215161118851e+01 3.0700125956020197e-06
-3.0720204262885520e-01 -1.5082057866489645e-01 1.2989348477383778e+01 2.9539695286247753e-06
-3.0720204262885520e-01 -1.4076587342057001e-01 1.3087530793101184e+01 2.8450149638986571e-06
-3.0720204262885520e-01 -1.3071116817624356e-01 1.3194883520582012e+01 2.7432765430309377e-06
-3.0720204262885520e-01 -1.2065646293191713e-01 1.3312778683069308e+01 2.6488545247153413e-06
-3.0720204262885520e-01 -1.1060175768759069e-01 1.3442914623304871e+01 2.5618267731253484e-06
-3.0720204262885520e-01 -1.0054705244326431e-01 1.3587417550868425e+01 2.4822530079310635e-06
-3.0720204262885520e-01 -9.0492347198937867e-02 1.3748971535951835e+01 2.4101783984910034e-06
-3.0720204262885520e-01 -8.0437641954611422e-02 1.3930955730956180e+01 2.3456365788576687e-06
-3.0720204262885520e-01 -7.0382936710284977e-02 1.4137448652302682e+01 2.2886521559994590e-06
-3.0720204262885520e-01 -6.0328231465958525e-02 1.4372339986342803e+01 2.2392427756480322e-06
-3.0720204262885520e-01 -5.0273526221632080e-02 1.4632902452343258e+01 2.1974208061175764e-06
-3.0720204262885520e-01 -4.0218820977305711e-02 1.4864364895795370e+01 2.1631946917849588e-06
-3.0720204262885520e-01 -3.0164115732979262e-02 1.4949366553266172e+01 2.1365700445396563e-06
-3.0720204262885520e-01 -2.0109410488652817e-02 1.5192603064775637e+01 2.1175503676344462e-06
-3.0720204262885520e-01 -1.0054705244326374e-02 1.5415959743252587e+01 2.1061378245723842e-06
-3.0720204262885520e-01 7.1065644079062674e-17 1.5491762917546597e+01 2.1023335121569546e-06
-3.0720204262885520e-01 1.0054705244326445e-02 1.5415959743252564e+01 2.1061378173906278e-06
-3.0720204262885520e-01 2.0109410488652890e-02 1.5192603064775627e+01 2.1175503403479867e-06
-3.0720204262885520e-01 3.0164115732979335e-02 1.4949366553266175e+01 2.1365700146560324e-06
-3.0720204262885520e-01 4.0218820977305780e-02 1.4864364895795354e+01 2.1631946953147573e-06
-3.0720204262885520e-01 5.0273526221632225e-02 1.4632902452343261e+01 2.1974208078334869e-06
-3.0720204262885520e-01 6.0328231465958670e-02 1.4372339986342798e+01 2.2392427760364815e-06
-3.0720204262885520e-01 7.0382936710285046e-02 1.4137448652302687e+01 2.2886521559571675e-06
-3.0720204262885520e-01 8.0437641954611491e-02 1.3930955730956160e+01 2.3456365789027046e-06
-3.0720204262885520e-01 9.0492347198937936e-02 1.3748971535951839e+01 2.4101783984914701e-06
-3.0720204262885520e-01 1.0054705244326438e-01 1.3587417550868432e+01 2.4822530078850044e-06
-3.0720204262885520e-01 1.1060175768759083e-01 1.3442914623304874e+01 2.5618267731126941e-06
-3.0720204262885520e-01 1.2065646293191720e-01 1.3312778683069295e+01 2.6488545247325306e-06
-3.0720204262885520e-01 1.3071116817624365e-01 1.3194883520582003e+01 2.7432765430328134e-06
-3.0720204262885520e-01 1.4076587342057009e-01 1.3087530793101196e+01 2.8450149638961241e-06
-3.0720204262885520e-01 1.5082057866489645e-01 1.2989348477383773e+01 2.9539695286312716e-06
-3.0720204262885520e-01 1.6087528390922298e-01 1.2899215161118839e+01 3.0700125955951888e-06
-3.0720204262885520e-01 1.7092998915354934e-01 1.2816204060043747e+01 3.1929833288605256e-06
-3.0720204262885520e-01 1.8098469439787587e-01 1.2739541408367318e+01 3.3226809772124967e-06
-3.0720204262885520e-01 1.9103939964220223e-01 1.2668575217184486e+01 3.4588571599022533e-06
-3.0720204262885520e-01 2.0109410488652862e-01 1.2602751537564769e+01 3.6012070811030565e-06
-3.0720204262885520e-01 2.1114881013085512e-01 1.2541596204688028e+01 3.7493596082863976e-06
-3.0720204262885520e-01 2.2120351537518151e-01 1.2484700630008822e+01 3.9028661705662282e-06
-3.0720204262885520e-01 2.3125822061950801e-01 1.2431710618748525e+01 4.0611884657284417e-06
-3.0720204262885520e-01 2.4131292586383440e-01 1.2382317475300916e+01 4.2236850128234678e-06
-3.0720204262885520e-01 2.5136763110816079e-01 1.2336250858821257e+01 4.3895966559892571e-06
-3.0720204262885520e-01 2.6142233635248729e-01 1.2293272992356705e+01 4.5580312210992137e-06
-3.0720204262885520e-01 2.7147704159681368e-01 1.2253173929621289e+01 4.7279476588937163e-06
-3.0720204262885520e-01 2.8153174684114018e-01 1.2215767656244877e+01 4.8981401866562486e-06
-3.0720204262885520e-01 2.9158645208546657e-01 1.2180888855396114e+01 5.0672231795193666e-06
-3.0720204262885520e-01 3.0164115732979291e-01 1.2148390206814247e+01 5.2336178793401637e-06
-3.0720204262885520e-01 3.1169586257411946e-01 1.2118140117430123e+01 5.3955424041763890e-06
-3.0720204262885520e-01 3.2175056781844580e-01 1.2090020803665514e+01 5.5510070808457803e-06
-3.0720204262885520e-01 3.3180527306277235e-01 1.2063926662107704e+01 5.6978178138931251e-06
-3.0720204262885520e-01 3.4185997830709869e-01 1.2039762877941563e+01 5.8335910757621487e-06
-3.0720204262885520e-01 3.5191468355142524e-01 1.2017444230273464e+01 5.9557851767966305e-06
-3.0720204262885520e-01 3.6196938879575158e-01 1.1996894061023262e+01 6.0617537514348792e-06
-3.0720204262885520e-01 3.7202409404007797e-01 1.1978043379930591e+01 6.1488288322460130e-06
-3.0720204262885520e-01 3.8207879928440447e-01 1.1960830082839252e+01 6.2144423301876697e-06
-3.0720204262885520e-01 3.9213350452873086e-01 1.1945198264151934e+01 6.2562958626652082e-06
-3.0720204262885520e-01 4.0218820977305736e-01 1.1931097607549278e+01 6.2725889919852334e-06
-3.0720204262885520e-01 4.1224291501738375e-01 1.1918482842206155e+01 6.2623137946774773e-06
-3.0720204262885520e-01 4.2229762026171014e-01 1.1907313255503505e+01 6.2256170886651270e-06
-3.0720204262885520e-01 4.3235232550603664e-01 1.1897552258764154e+01 6.1642171016257544e-06
-3.0720204262885520e-01 4.4240703075036303e-01 1.1889167011643677e+01 6.0818336525499468e-06
-3.0720204262885520e-01 4.5246173599468953e-01 1.1882128118036078e+01 5.9844851086238379e-06
-3.0720204262885520e-01 4.6251644123901592e-01 1.1876408747512892e+01 5.8754817027039426e-06
-3.0720204262885520e-01 4.7257114648334225e-01 1.1871964982728642e+01 5.6135887020479842e-06
-3.0720204262885520e-01 4.8262585172766881e-01 1.1868677308805342e+01 4.5738387332985486e-06
-3.0720204262885520e-01 4.9268055697199514e-01 1.1866697450835987e+01 5.9373284047604620e-06
-3.0720204262885520e-01 5.0273526221632159e-01 1.1866065349768428e+01 7.5079483506668792e-06
-2.8913133423892251e-01 -5.0273526221632159e-01 1.1864898729276851e+01 7.3791203350755282e-06
-2.8913133423892251e-01 -4.9268055697199509e-01 1.1865505640573797e+01 5.7929822734825426e-06
-2.8913133423892251e-01 -4.8262585172766864e-01 1.1867417728984742e+01 4.4155514510897659e-06
-2.8913133423892251e-01 -4.7257114648334225e-01 1.1870617104798116e+01 5.4620947701996135e-06
-2.8913133423892251e-01 -4.6251644123901581e-01 1.1874956703600713e+01 5.7291777426454324e-06
-2.8913133423892251e-01 -4.5246173599468936e-01 1.1880544982931484e+01 5.8418959184639502e-06
-2.8913133423892251e-01 -4.4240703075036292e-01 1.1887423379343200e+01 5.9412684144785729e-06
-2.8913133423892251e-01 -4.3235232550603647e-01 1.1895618217985348e+01 6.0237487104287006e-06
-2.8913133423892251e-01 -4.2229762026171014e-01 1.1905158307897556e+01 6.0833648545163401e-06
-2.8913133423892251e-01 -4.1224291501738369e-01 1.1916075750483444e+01 6.1166277415542718e-06
-2.8913133423892251e-01 -4.0218820977305725e-01 1.1928406246830468e+01 6.1221354329123773e-06
-2.8913133423892251e-01 -3.9213350452873080e-01 1.1942189473998145e+01 6.1000737710266088e-06
-2.8913133423892251e-01 -3.8207879928440436e-01 1.1957469515741444e+01 6.0517586430534480e-06
-2.8913133423892251e-01 -3.7202409404007797e-01 1.1974295342063590e+01 5.9792538703730141e-06
-2.8913133423892251e-01 -3.6196938879575147e-01 1.1992721341317905e+01 5.8850706133882916e-06
-2.8913133423892251e-01 -3.5191468355142508e-01 1.2012807914041556e+01 5.7719411188084388e-06
-2.8913133423892251e-01 -3.4185997830709863e-01 1.2034622141288235e+01 5.6426548375359488e-06
-2.8913133423892251e-01 -3.3180527306277219e-01 1.2058238543142769e+01 5.4999443107892607e-06
-2.8913133423892251e-01 -3.2175056781844580e-01 1.2083739946064103e+01 5.3464094367403933e-06
-2.8913133423892251e-01 -3.1169586257411935e-01 1.2111218481170775e+01 5.1844705726409757e-06
-2.8913133423892251e-01 -3.0164115732979291e-01 1.2140776739907112e+01 5.0163428142520849e-06
-2.8913133423892251e-01 -2.9158645208546646e-01 1.2172529119043590e+01 4.8440254782275308e-06
-2.8913133423892251e-01 -2.8153174684114002e-01 1.2206603394063839e+01 4.6693022180590210e-06
-2.8913133423892251e-01 -2.7147704159681363e-01 1.2243142569167194e+01 4.4937483314889031e-06
-2.8913133423892251e-01 -2.6142233635248718e-01 1.2282307064037377e+01 4.3187427010137749e-06
-2.8913133423892251e-01 -2.5136763110816074e-01 1.2324277313104018e+01 4.1454824905263066e-06
-2.8913133423892251e-01 -2.4131292586383432e-01 1.2369256873515322e+01 3.9749992414398390e-06
-2.8913133423892251e-01 -2.3125822061950788e-01 1.2417476165215179e+01 3.8081754050403987e-06
-2.8913133423892251e-01 -2.2120351537518143e-01 1.2469197002867649e+01 3.6457606432670512e-06
-2.8913133423892251e-01 -2.1114881013085501e-01 1.2524718128454058e+01 3.4883874506005865e-06
-2.8913133423892251e-01 -2.0109410488652857e-01 1.2584382020285968e+01 3.3365858123624337e-06
-2.8913133423892251e-01 -1.9103939964220218e-01 1.2648583346324990e+01 3.1907967340221624e-06
-2.8913133423892251e-01 -1.8098469439787573e-01 1.2717779557831102e+01 3.0513845622372025e-06
-2.8913133423892251e-01 -1.7092998915354929e-01 1.2792504299143479e+01 2.9186480792929132e-06
-2.8913133423892251e-01 -1.6087528390922284e-01 1.2873384563504585e+01 2.7928303953416296e-06
-2.8913133423892251e-01 -1.5082057866489645e-01 1.2961162885323477e+01 2.6741276909773526e-06
-2.8913133423892251e-01 -1.4076587342057001e-01 1.3056726368703236e+01 2.5626968811209030e-06
-2.8913133423892251e-01 -1.3071116817624356e-01 1.3161145057448685e+01 2.4586622814067263e-06
-2.8913133423892251e-01 -1.2065646293191713e-01 1.3275723070360119e+01 2.3621213638391245e-06
-2.8913133423892251e-01 -1.1060175768759069e-01 1.3402066908795501e+01 2.2731496889500535e-06
-2.8913133423892251e-01 -1.0054705244326431e-01 1.3542175571063972e+01 2.1918051009170375e-06
-2.8913133423892251e-01 -9.0492347198937867e-02 1.3698553169250246e+01 2.1181312680062549e-06
-2.8913133423892251e-01 -8.0437641954611422e-02 1.3874322809010300e+01 2.0521606460394486e-06
-2.8913133423892251e-01 -7.0382936710284977e-02 1.4073220407431215e+01 1.9939169371705632e-06
-2.8913133423892251e-01 -6.0328231465958525e-02 1.4298867586815364e+01 1.9434171095827595e-06
-2.8913133423892251e-01 -5.0273526221632080e-02 1.4550000502770116e+01 1.9006730398859111e-06
-2.8913133423892251e-01 -4.0218820977305711e-02 1.4789653548832247e+01 1.8656928279297149e-06
-2.8913133423892251e-01 -3.0164115732979262e-02 1.4880648673034448e+01 1.8384818039502916e-06
-2.8913133423892251e-01 -2.0109410488652817e-02 1.5060467878349268e+01 1.8190434244495115e-06
-2.8913133423892251e-01 -1.0054705244326374e-02 1.5261934547305749e+01 1.8073796909743654e-06
-2.8913133423892251e-01 7.1065644079062674e-17 1.5338424840102803e+01 1.8034916489074077e-06
-2.8913133423892251e-01 1.0054705244326445e-02 1.5261934547305739e+01 1.8073797115959826e-06
-2.8913133423892251e-01 2.0109410488652890e-02 1.5060467878349282e+01 1.8190434151405504e-06
-2.8913133423892251e-01 3.0164115732979335e-02 1.4880648673034436e+01 1.8384817930559554e-06
-2.8913133423892251e-01 4.0218820977305780e-02 1.4789653548832254e+01 1.8656928313778204e-06
-2.8913133423892251e-01 5.0273526221632225e-02 1.4550000502770132e+01 1.9006730416258722e-06
-2.8913133423892251e-01 6.0328231465958670e-02 1.4298867586815367e+01 1.9434171102310747e-06
-2.8913133423892251e-01 7.0382936710285046e-02 1.4073220407431226e+01 1.9939169369294121e-06
-2.8913133423892251e-01 8.0437641954611491e-02 1.3874322809010300e+01 2.0521606459030768e-06
-2.8913133423892251e-01 9.0492347198937936e-02 1.3698553169250237e+01 2.1181312680217319e-06
-2.8913133423892251e-01 1.0054705244326438e-01 1.3542175571063968e+01 2.1918051009174182e-06
-2.8913133423892251e-01 1.1060175768759083e-01 1.3402066908795504e+01 2.2731496889493424e-06
-2.8913133423892251e-01 1.2065646293191720e-01 1.3275723070360119e+01 2.3621213638239724e-06
-2.8913133423892251e-01 1.3071116817624365e-01 1.3161145057448680e+01 2.4586622814114557e-06
-2.8913133423892251e-01 1.4076587342057009e-01 1.3056726368703236e+01 2.5626968811078312e-06
-2.8913133423892251e-01 1.5082057866489645e-01 1.2961162885323489e+01 2.6741276909662061e-06
-2.8913133423892251e-01 1.6087528390922298e-01 1.2873384563504581e+01 2.7928303953391977e-06
-2.8913133423892251e-01 1.7092998915354934e-01 1.2792504299143483e+01 2.9186480792871962e-06
-2.8913133423892251e-01 1.8098469439787587e-01 1.2717779557831101e+01 3.0513845622400375e-06
-2.8913133423892251e-01 1.9103939964220223e-01 1.2648583346324989e+01 3.1907967340180920e-06
-2.8913133423892251e-01 2.0109410488652862e-01 1.2584382020285968e+01 3.3365858123576141e-06
-2.8913133423892251e-01 2.1114881013085512e-01 1.2524718128454055e+01 3.4883874505996048e-06
-2.8913133423892251e-01 2.2120351537518151e-01 1.2469197002867650e+01 3.6457606432682439e-06
-2.8913133423892251e-01 2.3125822061950801e-01 1.2417476165215172e+01 3.8081754050415193e-06
-2.8913133423892251e-01 2.4131292586383440e-01 1.2369256873515315e+01 3.9749992414389132e-06
-2.8913133423892251e-01 2.5136763110816079e-01 1.2324277313104012e+01 4.1454824905219995e-06
-2.8913133423892251e-01 2.6142233635248729e-01 1.2282307064037392e+01 4.3187427010098794e-06
-2.8913133423892251e-01 2.7147704159681368e-01 1.2243142569167205e+01 4.4937483314876563e-06
-2.8913133423892251e-01 2.8153174684114018e-01 1.2206603394063839e+01 4.6693022180585881e-06
-2.8913133423892251e-01 2.9158645208546657e-01 1.2172529119043586e+01 4.8440254782309698e-06
-2.8913133423892251e-01 3.0164115732979291e-01 1.2140776739907110e+01 5.0163428142531928e-06
-2.8913133423892251e-01 3.1169586257411946e-01 1.2111218481170781e+01 5.1844705726424970e-06
-2.8913133423892251e-01 3.2175056781844580e-01 1.2083739946064087e+01 5.3464094367369188e-06
-2.8913133423892251e-01 3.3180527306277235e-01 1.2058238543142771e+01 5.4999443107918425e-06
-2.8913133423892251e-01 3.4185997830709869e-01 1.2034622141288239e+01 5.6426548375337482e-06
-2.8913133423892251e-01 3.5191468355142524e-01 1.2012807914041549e+01 5.7719411188080940e-06
-2.8913133423892251e-01 3.6196938879575158e-01 1.1992721341317898e+01 5.8850706133859512e-06
-2.8913133423892251e-01 3.7202409404007797e-01 1.1974295342063582e+01 5.9792538703725363e-06
-2.8913133423892251e-01 3.8207879928440447e-01 1.1957469515741433e+01 6.0517586430556605e-06
-2.8913133423892251e-01 3.9213350452873086e-01 1.1942189473998138e+01 6.1000737710244056e-06
-2.8913133423892251e-01 4.0218820977305736e-01 1.1928406246830475e+01 6.1221354329108603e-06
-2.8913133423892251e-01 4.1224291501738375e-01 1.1916075750483463e+01 6.1166277415531639e-06
-2.8913133423892251e-01 4.2229762026171014e-01 1.1905158307897576e+01 6.0833648545157870e-06
-2.8913133423892251e-01 4.3235232550603664e-01 1.1895618217985346e+01 6.0237487104284110e-06
-2.8913133423892251e-01 4.4240703075036303e-01 1.1887423379343202e+01 5.9412684144764469e-06
-2.8913133423892251e-01 4.5246173599468953e-01 1.1880544982931488e+01 5.8418959184636884e-06
-2.8913133423892251e-01 4.6251644123901592e-01 1.1874956703600711e+01 5.7291777426473069e-06
-2.8913133423892251e-01 4.7257114648334225e-01 1.1870617104798100e+01 5.4620947702002463e-06
-2.8913133423892251e-01 4.8262585172766881e-01 1.1867417728984746e+01 4.4155514510886283e-06
-2.8913133423892251e-01 4.9268055697199514e-01 1.1865505640573797e+01 5.7929822734835929e-06
-2.8913133423892251e-01 5.0273526221632159e-01 1.1864898729276851e+01 7.3791203350756434e-06
-2.7106062584898993e-01 -5.0273526221632159e-01 1.1858518040574962e+01 7.3642589344258139e-06
-2.7106062584898993e-01 -4.9268055697199509e-01 1.1859089264680104e+01 5.8094573843748159e-06
-2.7106062584898993e-01 -4.8262585172766864e-01 1.1860909539132084e+01 4.4816635099979999e-06
-2.7106062584898993e-01 -4.7257114648334225e-01 1.1863989945192770e+01 5.5369446836160198e-06
-2.7106062584898993e-01 -4.6251644123901581e-01 1.1868182463963684e+01 5.7997778859283778e-06
-2.7106062584898993e-01 -4.5246173599468936e-01 1.1873583805949194e+01 5.9041312457608716e-06
-2.7106062584898993e-01 -4.4240703075036292e-01 1.1880232433306249e+01 5.9927273244107481e-06
-2.7106062584898993e-01 -4.3235232550603647e-01 1.1888153607949530e+01 6.0624144534055157e-06
-2.7106062584898993e-01 -4.2229762026171014e-01 1.1897374909077197e+01 6.1076935738846220e-06
-2.7106062584898993e-01 -4.1224291501738369e-01 1.1907926961964783e+01 6.1255837277559390e-06
-2.7106062584898993e-01 -4.0218820977305725e-01 1.1919843736192284e+01 6.1151578800048789e-06
-2.7106062584898993e-01 -3.9213350452873080e-01 1.1933162907777842e+01 6.0770060944956082e-06
-2.7106062584898993e-01 -3.8207879928440436e-01 1.1947926269254257e+01 6.0127644857311267e-06
-2.7106062584898993e-01 -3.7202409404007797e-01 1.1964180181916513e+01 5.9247349447542980e-06
-2.7106062584898993e-01 -3.6196938879575147e-01 1.1981976073706884e+01 5.8155943023417843e-06
-2.7106062584898993e-01 -3.5191468355142508e-01 1.2001370991364219e+01 5.6881808950224767e-06
-2.7106062584898993e-01 -3.4185997830709863e-01 1.2022428218648876e+01 5.5453436927984511e-06
-2.7106062584898993e-01 -3.3180527306277219e-01 1.2045217974905446e+01 5.3898399158213599e-06
-2.7106062584898993e-01 -3.2175056781844580e-01 1.2069818210644366e+01 5.2242691585702525e-06
-2.7106062584898993e-01 -3.1169586257411935e-01 1.2096315519629252e+01 5.0510343825244447e-06
-2.7106062584898993e-01 -3.0164115732979291e-01 1.2124806190442564e+01 4.8723222786197618e-06
-2.7106062584898993e-01 -2.9158645208546646e-01 1.2155397424926699e+01 4.6900972909146977e-06
-2.7106062584898993e-01 -2.8153174684114002e-01 1.2188208756541083e+01 4.5061050210210262e-06
-2.7106062584898993e-01 -2.7147704159681363e-01 1.2223373708885665e+01 4.3218818419903591e-06
-2.7106062584898993e-01 -2.6142233635248718e-01 1.2261041743861533e+01 4.1387683971298363e-06
-2.7106062584898993e-01 -2.5136763110816074e-01 1.2301380560766477e+01 3.9579252994567915e-06
-2.7106062584898993e-01 -2.4131292586383432e-01 1.2344578822845097e+01 3.7803498278474192e-06
-2.7106062584898993e-01 -2.3125822061950788e-01 1.2390849407491185e+01 3.6068927747596297e-06
-2.7106062584898993e-01 -2.2120351537518143e-01 1.2440433301849357e+01 3.4382748666813798e-06
-2.7106062584898993e-01 -2.1114881013085501e-01 1.2493604298871558e+01 3.2751023757333459e-06
-2.7106062584898993e-01 -2.0109410488652857e-01 1.2550674692439317e+01 3.1178816851745834e-06
-2.7106062584898993e-01 -1.9103939964220218e-01 1.2612002227173432e+01 2.9670326769407996e-06
-2.7106062584898993e-01 -1.8098469439787573e-01 1.2677998632985203e+01 2.8229008849805829e-06
-2.7106062584898993e-01 -1.7092998915354929e-01 1.2749140170733178e+01 2.6857684114587218e-06
-2.7106062584898993e-01 -1.6087528390922284e-01 1.2825980737382375e+01 2.5558636400365433e-06
-2.7106062584898993e-01 -1.5082057866489645e-01 1.2909168226768656e+01 2.4333698047060786e-06
-2.7106062584898993e-01 -1.4076587342057001e-01 1.2999465002639990e+01 2.3184324886587505e-06
-2.7106062584898993e-01 -1.3071116817624356e-01 1.3097773465328613e+01 2.2111661356014008e-06
-2.7106062584898993e-01 -1.2065646293191713e-01 1.3205167636902470e+01 2.1116596611466614e-06
-2.7106062584898993e-01 -1.1060175768759069e-01 1.3322931048225279e+01 2.0199812511528678e-06
-2.7106062584898993e-01 -1.0054705244326431e-01 1.3452598874416136e+01 1.9361824332757722e-06
-2.7106062584898993e-01 -9.0492347198937867e-02 1.3595995106766381e+01 1.8603015035931910e-06
-2.7106062584898993e-01 -8.0437641954611422e-02 1.3755234342196276e+01 1.7923663851467460e-06
-2.7106062584898993e-01 -7.0382936710284977e-02 1.3932593281187058e+01 1.7323969915287168e-06
-2.7106062584898993e-01 -6.0328231465958525e-02 1.4129947313266488e+01 1.6804071601357863e-06
-2.7106062584898993e-01 -5.0273526221632080e-02 1.4346711926608734e+01 1.6364062151691196e-06
-2.7106062584898993e-01 -4.0218820977305711e-02 1.4572181649636351e+01 1.6004002171031970e-06
-2.7106062584898993e-01 -3.0164115732979262e-02 1.4757993255206834e+01 1.5723929325585271e-06
-2.7106062584898993e-01 -2.0109410488652817e-02 1.4818752917829912e+01 1.5523865811401182e-06
-2.7106062584898993e-01 -1.0054705244326374e-02 1.4872343031821410e+01 1.5403823919233439e-06
-2.7106062584898993e-01 7.1065644079062674e-17 1.4911796683836940e+01 1.5363809272078796e-06
-2.7106062584898993e-01 1.0054705244326445e-02 1.4872343031821410e+01 1.5403823799132155e-06
-2.7106062584898993e-01 2.0109410488652890e-02 1.4818752917829912e+01 1.5523865632767295e-06
-2.7106062584898993e-01 3.0164115732979335e-02 1.4757993255206827e+01 1.5723929345514809e-06
-2.7106062584898993e-01 4.0218820977305780e-02 1.4572181649636342e+01 1.6004002179233375e-06
-2.7106062584898993e-01 5.0273526221632225e-02 1.4346711926608725e+01 1.6364062155116688e-06
-2.7106062584898993e-01 6.0328231465958670e-02 1.4129947313266491e+01 1.6804071596630024e-06
-2.7106062584898993e-01 7.0382936710285046e-02 1.3932593281187073e+01 1.7323969911991983e-06
-2.7106062584898993e-01 8.0437641954611491e-02 1.3755234342196276e+01 1.7923663850030528e-06
-2.7106062584898993e-01 9.0492347198937936e-02 1.3595995106766368e+01 1.8603015035424353e-06
-2.7106062584898993e-01 1.0054705244326438e-01 1.3452598874416145e+01 1.9361824332537909e-06
-2.7106062584898993e-01 1.1060175768759083e-01 1.3322931048225284e+01 2.0199812511085036e-06
-2.7106062584898993e-01 1.2065646293191720e-01 1.3205167636902464e+01 2.1116596611163672e-06
-2.7106062584898993e-01 1.3071116817624365e-01 1.3097773465328618e+01 2.2111661356033274e-06
-2.7106062584898993e-01 1.4076587342057009e-01 1.2999465002639974e+01 2.3184324886599397e-06
-2.7106062584898993e-01 1.5082057866489645e-01 1.2909168226768642e+01 2.4333698047107183e-06
-2.7106062584898993e-01 1.6087528390922298e-01 1.2825980737382368e+01 2.5558636400260105e-06
-2.7106062584898993e-01 1.7092998915354934e-01 1.2749140170733181e+01 2.6857684114589538e-06
-2.7106062584898993e-01 1.8098469439787587e-01 1.2677998632985187e+01 2.8229008849771253e-06
-2.7106062584898993e-01 1.9103939964220223e-01 1.2612002227173440e+01 2.9670326769385401e-06
-2.7106062584898993e-01 2.0109410488652862e-01 1.2550674692439317e+01 3.1178816851652059e-06
-2.7106062584898993e-01 2.1114881013085512e-01 1.2493604298871562e+01 3.2751023757297295e-06
-2.7106062584898993e-01 2.2120351537518151e-01 1.2440433301849360e+01 3.4382748666790412e-06
-2.7106062584898993e-01 2.3125822061950801e-01 1.2390849407491199e+01 3.6068927747566249e-06
-2.7106062584898993e-01 2.4131292586383440e-01 1.2344578822845104e+01 3.7803498278477382e-06
-2.7106062584898993e-01 2.5136763110816079e-01 1.2301380560766479e+01 3.9579252994510817e-06
-2.7106062584898993e-01 2.6142233635248729e-01 1.2261041743861531e+01 4.1387683971293797e-06
-2.7106062584898993e-01 2.7147704159681368e-01 1.2223373708885658e+01 4.3218818419876529e-06
-2.7106062584898993e-01 2.8153174684114018e-01 1.2188208756541087e+01 4.5061050210196260e-06
-2.7106062584898993e-01 2.9158645208546657e-01 1.2155397424926694e+01 4.6900972909127986e-06
-2.7106062584898993e-01 3.0164115732979291e-01 1.2124806190442563e+01 4.8723222786191265e-06
-2.7106062584898993e-01 3.1169586257411946e-01 1.2096315519629234e+01 5.0510343825244125e-06
-2.7106062584898993e-01 3.2175056781844580e-01 1.2069818210644371e+01 5.2242691585680925e-06
-2.7106062584898993e-01 3.3180527306277235e-01 1.2045217974905455e+01 5.3898399158211143e-06
-2.7106062584898993e-01 3.4185997830709869e-01 1.2022428218648880e+01 5.5453436927988128e-06
-2.7106062584898993e-01 3.5191468355142524e-01 1.2001370991364212e+01 5.6881808950209936e-06
-2.7106062584898993e-01 3.6196938879575158e-01 1.1981976073706885e+01 5.8155943023451868e-06
-2.7106062584898993e-01 3.7202409404007797e-01 1.1964180181916518e+01 5.9247349447548359e-06
-2.7106062584898993e-01 3.8207879928440447e-01 1.1947926269254250e+01 6.0127644857311742e-06
-2.7106062584898993e-01 3.9213350452873086e-01 1.1933162907777833e+01 6.0770060944964518e-06
-2.7106062584898993e-01 4.0218820977305736e-01 1.1919843736192290e+01 6.1151578800070304e-06
-2.7106062584898993e-01 4.1224291501738375e-01 1.1907926961964789e+01 6.1255837277554562e-06
-2.7106062584898993e-01 4.2229762026171014e-01 1.1897374909077195e+01 6.1076935738846771e-06
-2.7106062584898993e-01 4.3235232550603664e-01 1.1888153607949526e+01 6.0624144534073572e-06
-2.7106062584898993e-01 4.4240703075036303e-01 1.1880232433306244e+01 5.9927273244133832e-06
-2.7106062584898993e-01 4.5246173599468953e-01 1.1873583805949188e+01 5.9041312457605395e-06
-2.7106062584898993e-01 4.6251644123901592e-01 1.1868182463963690e+01 5.7997778859282406e-06
-2.7106062584898993e-01 4.7257114648334225e-01 1.1863989945192769e+01 5.5369446836162748e-06
-2.7106062584898993e-01 4.8262585172766881e-01 1.1860909539132090e+01 4.4816635099976628e-06
-2.7106062584898993e-01 4.9268055697199514e-01 1.1859089264680110e+01 5.8094573843743788e-06
-2.7106062584898993e-01 5.0273526221632159e-01 1.1858518040574962e+01 7.3642589344253946e-06
-2.5298991745905725e-01 -5.0273526221632159e-01 1.1847565474729324e+01 7.4667894552530636e-06
-2.5298991745905725e-01 -4.9268055697199509e-01 1.1848092775800941e+01 5.9788160327432443e-06
-2.5298991745905725e-01 -4.8262585172766864e-01 1.1849801975128088e+01 4.7490518266311924e-06
-2.5298991745905725e-01 -4.7257114648334225e-01 1.1852738008104945e+01 5.8155228294198100e-06
-2.5298991745905725e-01 -4.6251644123901581e-01 1.1856747905703021e+01 6.0651093009622930e-06
-2.5298991745905725e-01 -4.5246173599468936e-01 1.1861916021354530e+01 6.1495678347720455e-06
-2.5298991745905725e-01 -4.4240703075036292e-01 1.1868277409544497e+01 6.2154017790903280e-06
-2.5298991745905725e-01 -4.3235232550603647e-01 1.1875855800787264e+01 6.2604489205967650e-06
-2.5298991745905725e-01 -4.2229762026171014e-01 1.1884677014519283e+01 6.2800444254276133e-06
-2.5298991745905725e-01 -4.1224291501738369e-01 1.1894769598626796e+01 6.2719233913250411e-06
-2.5298991745905725e-01 -4.0218820977305725e-01 1.1906165107353441e+01 6.2357302699990176e-06
-2.5298991745905725e-01 -3.9213350452873080e-01 1.1918898436548860e+01 6.1724816766653078e-06
-2.5298991745905725e-01 -3.8207879928440436e-01 1.1933008199122019e+01 6.0841107148237645e-06
-2.5298991745905725e-01 -3.7202409404007797e-01 1.1948537134583047e+01 5.9731088373507362e-06
-2.5298991745905725e-01 -3.6196938879575147e-01 1.1965532555456120e+01 5.8422581989698249e-06
-2.5298991745905725e-01 -3.5191468355142508e-01 1.1984046838048769e+01 5.6944394074280917e-06
-2.5298991745905725e-01 -3.4185997830709863e-01 1.2004137967724370e+01 5.5324985390075562e-06
-2.5298991745905725e-01 -3.3180527306277219e-01 1.2025870150677159e+01 5.3591590817163379e-06
-2.5298991745905725e-01 -3.2175056781844580e-01 1.2049314505911246e+01 5.1769670880988587e-06
-2.5298991745905725e-01 -3.1169586257411935e-01 1.2074549853038061e+01 4.9882603820216661e-06
-2.5298991745905725e-01 -3.0164115732979291e-01 1.2101663613843346e+01 4.7951548543263976e-06
-2.5298991745905725e-01 -2.9158645208546646e-01 1.2130752848486653e+01 4.5995426379532307e-06
-2.5298991745905725e-01 -2.8153174684114002e-01 1.2161925450821551e+01 4.4030983113946654e-06
-2.5298991745905725e-01 -2.7147704159681363e-01 1.2195301531802791e+01 4.2072903101344277e-06
-2.5298991745905725e-01 -2.6142233635248718e-01 1.2231015025437694e+01 4.0133954984627408e-06
-2.5298991745905725e-01 -2.5136763110816074e-01 1.2269215558415077e+01 3.8225154303210463e-06
-2.5298991745905725e-01 -2.4131292586383432e-01 1.2310070632585253e+01 3.6355932552201292e-06
-2.5298991745905725e-01 -2.3125822061950788e-01 1.2353768179018925e+01 3.4534305420890895e-06
-2.5298991745905725e-01 -2.2120351537518143e-01 1.2400519553500450e+01 3.2767035276024421e-06
-2.5298991745905725e-01 -2.1114881013085501e-01 1.2450563055835893e+01 3.1059784676723950e-06
-2.5298991745905725e-01 -2.0109410488652857e-01 1.2504168068610404e+01 2.9417258968183673e-06
-2.5298991745905725e-01 -1.9103939964220218e-01 1.2561639923324696e+01 2.7843336915600308e-06
-2.5298991745905725e-01 -1.8098469439787573e-01 1.2623325609463095e+01 2.6341188997652938e-06
-2.5298991745905725e-01 -1.7092998915354929e-01 1.2689620437301228e+01 2.4913383442619656e-06
-2.5298991745905725e-01 -1.6087528390922284e-01 1.2760975732616091e+01 2.3561980409648659e-06
-2.5298991745905725e-01 -1.5082057866489645e-01 1.2837907549918864e+01 2.2288614933989131e-06
-2.5298991745905725e-01 -1.4076587342057001e-01 1.2921006178570829e+01 2.1094569383037856e-06
-2.5298991745905725e-01 -1.3071116817624356e-01 1.3010945759177851e+01 1.9980836250036623e-06
-2.5298991745905725e-01 -1.2065646293191713e-01 1.3108492374843173e+01 1.8948172144254490e-06
-2.5298991745905725e-01 -1.1060175768759069e-01 1.3214507018261974e+01 1.7997143837119205e-06
-2.5298991745905725e-01 -1.0054705244326431e-01 1.3329935792784342e+01 1.7128167208402237e-06
-2.5298991745905725e-01 -9.0492347198937867e-02 1.3455771348488355e+01 1.6341539899737493e-06
-2.5298991745905725e-01 -8.0437641954611422e-02 1.3592952223224898e+01 1.5637468436689000e-06
-2.5298991745905725e-01 -7.0382936710284977e-02 1.3742131034968830e+01 1.5016090536336919e-06
-2.5298991745905725e-01 -6.0328231465958525e-02 1.3903171239088509e+01 1.4477493248686565e-06
-2.5298991745905725e-01 -5.0273526221632080e-02 1.4074104898083775e+01 1.4021727531877436e-06
-2.5298991745905725e-01 -4.0218820977305711e-02 1.4249135501105078e+01 1.3648819783911667e-06
-2.5298991745905725e-01 -3.0164115732979262e-02 1.4415513750721141e+01 1.3358780831750156e-06
-2.5298991745905725e-01 -2.0109410488652817e-02 1.4551588030338953e+01 1.3151612662955353e-06
-2.5298991745905725e-01 -1.0054705244326374e-02 1.4634955855154193e+01 1.3027313410641559e-06
-2.5298991745905725e-01 7.1065644079062674e-17 1.4661035292213503e+01 1.2985880670014492e-06
-2.5298991745905725e-01 1.0054705244326445e-02 1.4634955855154196e+01 1.3027313381582757e-06
-2.5298991745905725e-01 2.0109410488652890e-02 1.4551588030338957e+01 1.3151612661957913e-06
-2.5298991745905725e-01 3.0164115732979335e-02 1.4415513750721130e+01 1.3358780830590892e-06
-2.5298991745905725e-01 4.0218820977305780e-02 1.4249135501105076e+01 1.3648819787105172e-06
-2.5298991745905725e-01 5.0273526221632225e-02 1.4074104898083778e+01 1.4021727528582531e-06
-2.5298991745905725e-01 6.0328231465958670e-02 1.3903171239088509e+01 1.4477493247404189e-06
-2.5298991745905725e-01 7.0382936710285046e-02 1.3742131034968825e+01 1.5016090534743095e-06
-2.5298991745905725e-01 8.0437641954611491e-02 1.3592952223224895e+01 1.5637468436396974e-06
-2.5298991745905725e-01 9.0492347198937936e-02 1.3455771348488348e+01 1.6341539899754944e-06
-2.5298991745905725e-01 1.0054705244326438e-01 1.3329935792784331e+01 1.7128167208435364e-06
-2.5298991745905725e-01 1.1060175768759083e-01 1.3214507018261980e+01 1.7997143837069507e-06
-2.5298991745905725e-01 1.2065646293191720e-01 1.3108492374843170e+01 1.8948172144118207e-06
-2.5298991745905725e-01 1.3071116817624365e-01 1.3010945759177851e+01 1.9980836250179547e-06
-2.5298991745905725e-01 1.4076587342057009e-01 1.2921006178570822e+01 2.1094569383046682e-06
-2.5298991745905725e-01 1.5082057866489645e-01 1.2837907549918866e+01 2.2288614934008011e-06
-2.5298991745905725e-01 1.6087528390922298e-01 1.2760975732616082e+01 2.3561980409605376e-06
-2.5298991745905725e-01 1.7092998915354934e-01 1.2689620437301219e+01 2.4913383442545020e-06
-2.5298991745905725e-01 1.8098469439787587e-01 1.2623325609463098e+01 2.6341188997673783e-06
-2.5298991745905725e-01 1.9103939964220223e-01 1.2561639923324691e+01 2.7843336915588462e-06
-2.5298991745905725e-01 2.0109410488652862e-01 1.2504168068610396e+01 2.9417258968122826e-06
-2.5298991745905725e-01 2.1114881013085512e-01 1.2450563055835884e+01 3.1059784676681200e-06
-2.5298991745905725e-01 2.2120351537518151e-01 1.2400519553500446e+01 3.2767035276017056e-06
-2.5298991745905725e-01 2.3125822061950801e-01 1.2353768179018925e+01 3.4534305420906023e-06
-2.5298991745905725e-01 2.4131292586383440e-01 1.2310070632585262e+01 3.6355932552144236e-06
-2.5298991745905725e-01 2.5136763110816079e-01 1.2269215558415091e+01 3.8225154303166485e-06
-2.5298991745905725e-01 2.6142233635248729e-01 1.2231015025437685e+01 4.0133954984605301e-06
-2.5298991745905725e-01 2.7147704159681368e-01 1.2195301531802789e+01 4.2072903101335883e-06
-2.5298991745905725e-01 2.8153174684114018e-01 1.2161925450821553e+01 4.4030983113947823e-06
-2.5298991745905725e-01 2.9158645208546657e-01 1.2130752848486653e+01 4.5995426379510369e-06
-2.5298991745905725e-01 3.0164115732979291e-01 1.2101663613843339e+01 4.7951548543269608e-06
-2.5298991745905725e-01 3.1169586257411946e-01 1.2074549853038070e+01 4.9882603820202253e-06
-2.5298991745905725e-01 3.2175056781844580e-01 1.2049314505911255e+01 5.1769670880989968e-06
-2.5298991745905725e-01 3.3180527306277235e-01 1.2025870150677166e+01 5.3591590817140704e-06
-2.5298991745905725e-01 3.4185997830709869e-01 1.2004137967724361e+01 5.5324985390077841e-06
-2.5298991745905725e-01 3.5191468355142524e-01 1.1984046838048775e+01 5.6944394074287693e-06
-2.5298991745905725e-01 3.6196938879575158e-01 1.1965532555456125e+01 5.8422581989676150e-06
-2.5298991745905725e-01 3.7202409404007797e-01 1.1948537134583049e+01 5.9731088373523337e-06
-2.5298991745905725e-01 3.8207879928440447e-01 1.1933008199122023e+01 6.0841107148248911e-06
-2.5298991745905725e-01 3.9213350452873086e-01 1.1918898436548869e+01 6.1724816766628200e-06
-2.5298991745905725e-01 4.0218820977305736e-01 1.1906165107353431e+01 6.2357302699974997e-06
-2.5298991745905725e-01 4.1224291501738375e-01 1.1894769598626798e+01 6.2719233913244999e-06
-2.5298991745905725e-01 4.2229762026171014e-01 1.1884677014519280e+01 6.2800444254297978e-06
-2.5298991745905725e-01 4.3235232550603664e-01 1.1875855800787265e+01 6.2604489205966566e-06
-2.5298991745905725e-01 4.4240703075036303e-01 1.1868277409544511e+01 6.2154017790891701e-06
-2.5298991745905725e-01 4.5246173599468953e-01 1.1861916021354533e+01 6.1495678347702998e-06
-2.5298991745905725e-01 4.6251644123901592e-01 1.1856747905703015e+01 6.0651093009628512e-06
-2.5298991745905725e-01 4.7257114648334225e-01 1.1852738008104954e+01 5.8155228294204368e-06
-2.5298991745905725e-01 4.8262585172766881e-01 1.1849801975128100e+01 4.7490518266295881e-06
-2.5298991745905725e-01 4.9268055697199514e-01 1.1848092775800943e+01 5.9788160327433341e-06
-2.5298991745905725e-01 5.0273526221632159e-01 1.1847565474729324e+01 7.4667894552527815e-06
-2.3491920906912456e-01 -5.0273526221632159e-01 1.1832813675641688e+01 7.6822533378095913e-06
-2.3491920906912456e-01 -4.9268055697199509e-01 1.1833291649145774e+01 6.2819418182162007e-06
-2.3491920906912456e-01 -4.8262585172766864e-01 1.1834876340981921e+01 5.1801176703295429e-06
-2.3491920906912456e-01 -4.7257114648334225e-01 1.1837648924519909e+01 6.2618259070770004e-06
-2.3491920906912456e-01 -4.6251644123901581e-01 1.1841449591861531e+01 6.4909841855324880e-06
-2.3491920906912456e-01 -4.5246173599468936e-01 1.1846349815033062e+01 6.5460026170153653e-06
-2.3491920906912456e-01 -4.4240703075036292e-01 1.1852380889741507e+01 6.5793011739147987e-06
-2.3491920906912456e-01 -4.3235232550603647e-01 1.1859564667910170e+01 6.5901942437009888e-06
-2.3491920906912456e-01 -4.2229762026171014e-01 1.1867924826197886e+01 6.5751118620545989e-06
-2.3491920906912456e-01 -4.1224291501738369e-01 1.1877487407563210e+01 6.5326339426013278e-06
-2.3491920906912456e-01 -4.0218820977305725e-01 1.1888281070061337e+01 6.4630173755034271e-06
-2.3491920906912456e-01 -3.9213350452873080e-01 1.1900337385972049e+01 6.3676931291235779e-06
-2.3491920906912456e-01 -3.8207879928440436e-01 1.1913691173192346e+01 6.2488503834487290e-06
-2.3491920906912456e-01 -3.7202409404007797e-01 1.1928380852309374e+01 6.1091163368082664e-06
-2.3491920906912456e-01 -3.6196938879575147e-01 1.1944448831163992e+01 5.9513212432581131e-06
-2.3491920906912456e-01 -3.5191468355142508e-01 1.1961941922903259e+01 5.7783326023405832e-06
-2.3491920906912456e-01 -3.4185997830709863e-01 1.1980911805640577e+01 5.5929426414477783e-06
-2.3491920906912456e-01 -3.3180527306277219e-01 1.2001415533082747e+01 5.3977955730584412e-06
-2.3491920906912456e-01 -3.2175056781844580e-01 1.2023516106451742e+01 5.1953438752178264e-06
-2.3491920906912456e-01 -3.1169586257411935e-01 1.2047283119020904e+01 4.9878253586790610e-06
-2.3491920906912456e-01 -3.0164115732979291e-01 1.2072793485733834e+01 4.7772548468881758e-06
-2.3491920906912456e-01 -2.9158645208546646e-01 1.2100132271732930e+01 4.5654259032109747e-06
-2.3491920906912456e-01 -2.8153174684114002e-01 1.2129393635190459e+01 4.3539192590683204e-06
-2.3491920906912456e-01 -2.7147704159681363e-01 1.2160681901562205e+01 4.1441155080861744e-06
-2.3491920906912456e-01 -2.6142233635248718e-01 1.2194112788167685e+01 3.9372103072584479e-06
-2.3491920906912456e-01 -2.5136763110816074e-01 1.2229814799641739e+01 3.7342308257488780e-06
-2.3491920906912456e-01 -2.4131292586383432e-01 1.2267930815948501e+01 3.5360525509775293e-06
-2.3491920906912456e-01 -2.3125822061950788e-01 1.2308619894692285e+01 3.3434158338194868e-06
-2.3491920906912456e-01 -2.2120351537518143e-01 1.2352059307360051e+01 3.1569417558497830e-06
-2.3491920906912456e-01 -2.1114881013085501e-01 1.2398446823127015e+01 2.9771470492914866e-06
-2.3491920906912456e-01 -2.0109410488652857e-01 1.2448003240974275e+01 2.8044579088235483e-06
-2.3491920906912456e-01 -1.9103939964220218e-01 1.2500975146072816e+01 2.6392226135121621e-06
-2.3491920906912456e-01 -1.8098469439787573e-01 1.2557637821150983e+01 2.4817229339229969e-06
-2.3491920906912456e-01 -1.7092998915354929e-01 1.2618298163346132e+01 2.3321843399453696e-06
-2.3491920906912456e-01 -1.6087528390922284e-01 1.2683297316951998e+01 2.1907850527703348e-06
-2.3491920906912456e-01 -1.5082057866489645e-01 1.2753012489614576e+01 2.0576640031412353e-06
-2.3491920906912456e-01 -1.4076587342057001e-01 1.2827856999645434e+01 1.9329277699962382e-06
-2.3491920906912456e-01 -1.3071116817624356e-01 1.2908276876370467e+01 1.8166565798342843e-06
-2.3491920906912456e-01 -1.2065646293191713e-01 1.2994741080964880e+01 1.7089094506606427e-06
-2.3491920906912456e-01 -1.1060175768759069e-01 1.3087720251765617e+01 1.6097285642729082e-06
-2.3491920906912456e-01 -1.0054705244326431e-01 1.3187645178451962e+01 1.5191429490348000e-06
-2.3491920906912456e-01 -9.0492347198937867e-02 1.3294830018731849e+01 1.4371715523712849e-06
-2.3491920906912456e-01 -8.0437641954611422e-02 1.3409335410264633e+01 1.3638257775916000e-06
-2.3491920906912456e-01 -7.0382936710284977e-02 1.3530732614536923e+01 1.2991115558940878e-06
-2.3491920906912456e-01 -6.0328231465958525e-02 1.3657715420168365e+01 1.2430310177664780e-06
-2.3491920906912456e-01 -5.0273526221632080e-02 1.3787509904822905e+01 1.1955838237471217e-06
-2.3491920906912456e-01 -4.0218820977305711e-02 1.3915106219233261e+01 1.1567682067134058e-06
-2.3491920906912456e-01 -3.0164115732979262e-02 1.4032579648365907e+01 1.1265817736304663e-06
-2.3491920906912456e-01 -2.0109410488652817e-02 1.4129213869130279e+01 1.1050221052289516e-06
-2.3491920906912456e-01 -1.0054705244326374e-02 1.4193352626971636e+01 1.0920871872519321e-06
-2.3491920906912456e-01 7.1065644079062674e-17 1.4215873246696862e+01 1.0877757006463824e-06
-2.3491920906912456e-01 1.0054705244326445e-02 1.4193352626971636e+01 1.0920871868288128e-06
-2.3491920906912456e-01 2.0109410488652890e-02 1.4129213869130275e+01 1.1050221049512920e-06
-2.3491920906912456e-01 3.0164115732979335e-02 1.4032579648365912e+01 1.1265817738074767e-06
-2.3491920906912456e-01 4.0218820977305780e-02 1.3915106219233248e+01 1.1567682068683565e-06
-2.3491920906912456e-01 5.0273526221632225e-02 1.3787509904822906e+01 1.1955838236971406e-06
-2.3491920906912456e-01 6.0328231465958670e-02 1.3657715420168369e+01 1.2430310176417460e-06
-2.3491920906912456e-01 7.0382936710285046e-02 1.3530732614536927e+01 1.2991115557221156e-06
-2.3491920906912456e-01 8.0437641954611491e-02 1.3409335410264628e+01 1.3638257775240845e-06
-2.3491920906912456e-01 9.0492347198937936e-02 1.3294830018731833e+01 1.4371715523405417e-06
-2.3491920906912456e-01 1.0054705244326438e-01 1.3187645178451952e+01 1.5191429490376041e-06
-2.3491920906912456e-01 1.1060175768759083e-01 1.3087720251765608e+01 1.6097285642479129e-06
-2.3491920906912456e-01 1.2065646293191720e-01 1.2994741080964879e+01 1.7089094506382152e-06
-2.3491920906912456e-01 1.3071116817624365e-01 1.2908276876370468e+01 1.8166565798282104e-06
-2.3491920906912456e-01 1.4076587342057009e-01 1.2827856999645434e+01 1.9329277700022898e-06
-2.3491920906912456e-01 1.5082057866489645e-01 1.2753012489614578e+01 2.0576640031417842e-06
-2.3491920906912456e-01 1.6087528390922298e-01 1.2683297316952009e+01 2.1907850527644115e-06
-2.3491920906912456e-01 1.7092998915354934e-01 1.2618298163346125e+01 2.3321843399411789e-06
-2.3491920906912456e-01 1.8098469439787587e-01 1.2557637821150967e+01 2.4817229339172549e-06
-2.3491920906912456e-01 1.9103939964220223e-01 1.2500975146072809e+01 2.6392226135064853e-06
-2.3491920906912456e-01 2.0109410488652862e-01 1.2448003240974280e+01 2.8044579088157793e-06
-2.3491920906912456e-01 2.1114881013085512e-01 1.2398446823127028e+01 2.9771470492877076e-06
-2.3491920906912456e-01 2.2120351537518151e-01 1.2352059307360056e+01 3.1569417558477239e-06
-2.3491920906912456e-01 2.3125822061950801e-01 1.2308619894692280e+01 3.3434158338160394e-06
-2.3491920906912456e-01 2.4131292586383440e-01 1.2267930815948501e+01 3.5360525509757179e-06
-2.3491920906912456e-01 2.5136763110816079e-01 1.2229814799641742e+01 3.7342308257527062e-06
-2.3491920906912456e-01 2.6142233635248729e-01 1.2194112788167685e+01 3.9372103072552529e-06
-2.3491920906912456e-01 2.7147704159681368e-01 1.2160681901562207e+01 4.1441155080870451e-06
-2.3491920906912456e-01 2.8153174684114018e-01 1.2129393635190461e+01 4.3539192590690531e-06
-2.3491920906912456e-01 2.9158645208546657e-01 1.2100132271732935e+01 4.5654259032106740e-06
-2.3491920906912456e-01 3.0164115732979291e-01 1.2072793485733834e+01 4.7772548468881978e-06
-2.3491920906912456e-01 3.1169586257411946e-01 1.2047283119020905e+01 4.9878253586790009e-06
-2.3491920906912456e-01 3.2175056781844580e-01 1.2023516106451741e+01 5.1953438752177079e-06
-2.3491920906912456e-01 3.3180527306277235e-01 1.2001415533082749e+01 5.3977955730546710e-06
-2.3491920906912456e-01 3.4185997830709869e-01 1.1980911805640597e+01 5.5929426414484771e-06
-2.3491920906912456e-01 3.5191468355142524e-01 1.1961941922903256e+01 5.7783326023406569e-06
-2.3491920906912456e-01 3.6196938879575158e-01 1.1944448831163980e+01 5.9513212432584181e-06
-2.3491920906912456e-01 3.7202409404007797e-01 1.1928380852309379e+01 6.1091163368083308e-06
-2.3491920906912456e-01 3.8207879928440447e-01 1.1913691173192344e+01 6.2488503834476304e-06
-2.3491920906912456e-01 3.9213350452873086e-01 1.1900337385972042e+01 6.3676931291227325e-06
-2.3491920906912456e-01 4.0218820977305736e-01 1.1888281070061344e+01 6.4630173755047637e-06
-2.3491920906912456e-01 4.1224291501738375e-01 1.1877487407563203e+01 6.5326339426017072e-06
-2.3491920906912456e-01 4.2229762026171014e-01 1.1867924826197880e+01 6.5751118620540907e-06
-2.3491920906912456e-01 4.3235232550603664e-01 1.1859564667910169e+01 6.5901942436987967e-06
-2.3491920906912456e-01 4.4240703075036303e-01 1.1852380889741502e+01 6.5793011739148445e-06
-2.3491920906912456e-01 4.5246173599468953e-01 1.1846349815033060e+01 6.5460026170136874e-06
-2.3491920906912456e-01 4.6251644123901592e-01 1.1841449591861547e+01 6.4909841855311793e-06
-2.3491920906912456e-01 4.7257114648334225e-01 1.1837648924519907e+01 6.2618259070755477e-06
-2.3491920906912456e-01 4.8262585172766881e-01 1.1834876340981920e+01 5.1801176703299825e-06
-2.3491920906912456e-01 4.9268055697199514e-01 1.1833291649145767e+01 6.2819418182186520e-06
-2.3491920906912456e-01 5.0273526221632159e-01 1.1832813675641688e+01 7.6822533378105654e-06
-2.1684850067919187e-01 -5.0273526221632159e-01 1.1815128831895009e+01 7.9893455684380829e-06
-2.1684850067919187e-01 -4.9268055697199509e-01 1.1815554896369992e+01 6.6853328423411532e-06
-2.1684850067919187e-01 -4.8262585172766864e-01 1.1817007565492862e+01 5.7272004525808490e-06
-2.1684850067919187e-01 -4.7257114648334225e-01 1.1819604413106971e+01 6.8310504916607795e-06
-2.1684850067919187e-01 -4.6251644123901581e-01 1.1823178911913207e+01 7.0355039301766541e-06
-2.1684850067919187e-01 -4.5246173599468936e-01 1.1827789190281221e+01 7.0545907272654026e-06
-2.1684850067919187e-01 -4.4240703075036292e-01 1.1833462523063625e+01 7.0487846588013366e-06
-2.1684850067919187e-01 -4.3235232550603647e-01 1.1840218668439508e+01 7.0192135166621332e-06
-2.1684850067919187e-01 -4.2229762026171014e-01 1.1848078933956511e+01 6.9635495647200188e-06
-2.1684850067919187e-01 -4.1224291501738369e-01 1.1857066613071773e+01 6.8812735319980482e-06
-2.1684850067919187e-01 -4.0218820977305725e-01 1.1867207199373670e+01 6.7732556775535446e-06
-2.1684850067919187e-01 -3.9213350452873080e-01 1.1878528644530681e+01 6.6413130723161079e-06
-2.1684850067919187e-01 -3.8207879928440436e-01 1.1891061641185743e+01 6.4878502098389017e-06
-2.1684850067919187e-01 -3.7202409404007797e-01 1.1904839923702538e+01 6.3155864770062622e-06
-2.1684850067919187e-01 -3.6196938879575147e-01 1.1919900587488977e+01 6.1273589565316425e-06
-2.1684850067919187e-01 -3.5191468355142508e-01 1.1936284431318395e+01 5.9259852945839436e-06
-2.1684850067919187e-01 -3.4185997830709863e-01 1.1954036328711268e+01 5.7141722787441175e-06
-2.1684850067919187e-01 -3.3180527306277219e-01 1.1973205635155772e+01 5.4944582050240384e-06
-2.1684850067919187e-01 -3.2175056781844580e-01 1.1993846638284722e+01 5.2691797105586874e-06
-2.1684850067919187e-01 -3.1169586257411935e-01 1.2016019058331150e+01 5.0404560118543082e-06
-2.1684850067919187e-01 -3.0164115732979291e-01 1.2039788606328834e+01 4.8101852989262398e-06
-2.1684850067919187e-01 -2.9158645208546646e-01 1.2065227607582321e+01 4.5800494232506917e-06
-2.1684850067919187e-01 -2.8153174684114002e-01 1.2092415697804720e+01 4.3515240575974810e-06
-2.1684850067919187e-01 -2.7147704159681363e-01 1.2121440598833608e+01 4.1258922771891420e-06
-2.1684850067919187e-01 -2.6142233635248718e-01 1.2152398979704575e+01 3.9042600806540823e-06
-2.1684850067919187e-01 -2.5136763110816074e-01 1.2185397406650159e+01 3.6875727895150904e-06
-2.1684850067919187e-01 -2.4131292586383432e-01 1.2220553381627564e+01 3.4766315749475968e-06
-2.1684850067919187e-01 -2.3125822061950788e-01 1.2257996462218793e+01 3.2721095900478563e-06
-2.1684850067919187e-01 -2.2120351537518143e-01 1.2297869444577511e+01 3.0745673558307128e-06
-2.1684850067919187e-01 -2.1114881013085501e-01 1.2340329573007477e+01 2.8844671749296418e-06
-2.1684850067919187e-01 -2.0109410488652857e-01 1.2385549710826391e+01 2.7021864398440385e-06
-2.1684850067919187e-01 -1.9103939964220218e-01 1.2433719361257003e+01 2.5280297705394634e-06
-2.1684850067919187e-01 -1.8098469439787573e-01 1.2485045354543427e+01 2.3622399658990463e-06
-2.1684850067919187e-01 -1.7092998915354929e-01 1.2539751903128321e+01 2.2050077886434172e-06
-2.1684850067919187e-01 -1.6087528390922284e-01 1.2598079546634631e+01 2.0564806282736833e-06
-2.1684850067919187e-01 -1.5082057866489645e-01 1.2660282225088064e+01 1.9167701031681535e-06
-2.1684850067919187e-01 -1.4076587342057001e-01 1.2726621274103971e+01 1.7859586736730008e-06
-2.1684850067919187e-01 -1.3071116817624356e-01 1.2797354441255095e+01 1.6641053442650999e-06
-2.1684850067919187e-01 -1.2065646293191713e-01 1.2872716949911032e+01 1.5512505357908267e-06
-2.1684850067919187e-01 -1.1060175768759069e-01 1.2952890014397315e+01 1.4474202089321148e-06
-2.1684850067919187e-01 -1.0054705244326431e-01 1.3037949856453983e+01 1.3526293191650521e-06
-2.1684850067919187e-01 -9.0492347198937867e-02 1.3127787131111006e+01 1.2668846804730508e-06
-2.1684850067919187e-01 -8.0437641954611422e-02 1.3221983216292628e+01 1.1901873114706258e-06
-2.1684850067919187e-01 -7.0382936710284977e-02 1.3319628067288809e+01 1.1225343336514308e-06
-2.1684850067919187e-01 -6.0328231465958525e-02 1.3419069835005509e+01 1.0639204859587775e-06
-2.1684850067919187e-01 -5.0273526221632080e-02 1.3517610903020053e+01 1.0143393152321260e-06
-2.1684850067919187e-01 -4.0218820977305711e-02 1.3611225392333177e+01 9.7378409545921394e-07
-2.1684850067919187e-01 -3.0164115732979262e-02 1.3694474941866845e+01 9.4224852336708513e-07
-2.1684850067919187e-01 -2.0109410488652817e-02 1.3760890654212000e+01 9.1972723067306694e-07
-2.1684850067919187e-01 -1.0054705244326374e-02 1.3804022890163472e+01 9.0621614665534327e-07
-2.1684850067919187e-01 7.1065644079062674e-17 1.3819007191414157e+01 9.0171273827210587e-07
-2.1684850067919187e-01 1.0054705244326445e-02 1.3804022890163466e+01 9.0621614669968259e-07
-2.1684850067919187e-01 2.0109410488652890e-02 1.3760890654212009e+01 9.1972723077240305e-07
-2.1684850067919187e-01 3.0164115732979335e-02 1.3694474941866845e+01 9.4224852356922541e-07
-2.1684850067919187e-01 4.0218820977305780e-02 1.3611225392333171e+01 9.7378409556374882e-07
-2.1684850067919187e-01 5.0273526221632225e-02 1.3517610903020042e+01 1.0143393152561900e-06
-2.1684850067919187e-01 6.0328231465958670e-02 1.3419069835005500e+01 1.0639204859760360e-06
-2.1684850067919187e-01 7.0382936710285046e-02 1.3319628067288816e+01 1.1225343336156462e-06
-2.1684850067919187e-01 8.0437641954611491e-02 1.3221983216292625e+01 1.1901873114789362e-06
-2.1684850067919187e-01 9.0492347198937936e-02 1.3127787131110992e+01 1.2668846804639735e-06
-2.1684850067919187e-01 1.0054705244326438e-01 1.3037949856453983e+01 1.3526293191620096e-06
-2.1684850067919187e-01 1.1060175768759083e-01 1.2952890014397312e+01 1.4474202089215330e-06
-2.1684850067919187e-01 1.2065646293191720e-01 1.2872716949911030e+01 1.5512505357793166e-06
-2.1684850067919187e-01 1.3071116817624365e-01 1.2797354441255095e+01 1.6641053442612548e-06
-2.1684850067919187e-01 1.4076587342057009e-01 1.2726621274103977e+01 1.7859586736654891e-06
-2.1684850067919187e-01 1.5082057866489645e-01 1.2660282225088066e+01 1.9167701031637498e-06
-2.1684850067919187e-01 1.6087528390922298e-01 1.2598079546634624e+01 2.0564806282693956e-06
-2.1684850067919187e-01 1.7092998915354934e-01 1.2539751903128320e+01 2.2050077886403238e-06
-2.1684850067919187e-01 1.8098469439787587e-01 1.2485045354543432e+01 2.3622399658985834e-06
-2.1684850067919187e-01 1.9103939964220223e-01 1.2433719361256992e+01 2.5280297705407217e-06
-2.1684850067919187e-01 2.0109410488652862e-01 1.2385549710826391e+01 2.7021864398416930e-06
-2.1684850067919187e-01 2.1114881013085512e-01 1.2340329573007475e+01 2.8844671749308280e-06
-2.1684850067919187e-01 2.2120351537518151e-01 1.2297869444577524e+01 3.0745673558246450e-06
-2.1684850067919187e-01 2.3125822061950801e-01 1.2257996462218790e+01 3.2721095900504093e-06
-2.1684850067919187e-01 2.4131292586383440e-01 1.2220553381627555e+01 3.4766315749459735e-06
-2.1684850067919187e-01 2.5136763110816079e-01 1.2185397406650155e+01 3.6875727895104554e-06
-2.1684850067919187e-01 2.6142233635248729e-01 1.2152398979704584e+01 3.9042600806496947e-06
-2.1684850067919187e-01 2.7147704159681368e-01 1.2121440598833619e+01 4.1258922771863392e-06
-2.1684850067919187e-01 2.8153174684114018e-01 1.2092415697804725e+01 4.3515240575994741e-06
-2.1684850067919187e-01 2.9158645208546657e-01 1.2065227607582328e+01 4.5800494232496448e-06
-2.1684850067919187e-01 3.0164115732979291e-01 1.2039788606328834e+01 4.8101852989281719e-06
-2.1684850067919187e-01 3.1169586257411946e-01 1.2016019058331137e+01 5.0404560118537127e-06
-2.1684850067919187e-01 3.2175056781844580e-01 1.1993846638284733e+01 5.2691797105573754e-06
-2.1684850067919187e-01 3.3180527306277235e-01 1.1973205635155775e+01 5.4944582050226628e-06
-2.1684850067919187e-01 3.4185997830709869e-01 1.1954036328711267e+01 5.7141722787437990e-06
-2.1684850067919187e-01 3.5191468355142524e-01 1.1936284431318397e+01 5.9259852945856647e-06
-2.1684850067919187e-01 3.6196938879575158e-01 1.1919900587488977e+01 6.1273589565308150e-06
-2.1684850067919187e-01 3.7202409404007797e-01 1.1904839923702532e+01 6.3155864770069619e-06
-2.1684850067919187e-01 3.8207879928440447e-01 1.1891061641185754e+01 6.4878502098383190e-06
-2.1684850067919187e-01 3.9213350452873086e-01 1.1878528644530689e+01 6.6413130723162290e-06
-2.1684850067919187e-01 4.0218820977305736e-01 1.1867207199373663e+01 6.7732556775545229e-06
-2.1684850067919187e-01 4.1224291501738375e-01 1.1857066613071781e+01 6.8812735319965693e-06
-2.1684850067919187e-01 4.2229762026171014e-01 1.1848078933956506e+01 6.9635495647202102e-06
-2.1684850067919187e-01 4.3235232550603664e-01 1.1840218668439499e+01 7.0192135166620782e-06
-2.1684850067919187e-01 4.4240703075036303e-01 1.1833462523063620e+01 7.0487846587999229e-06
-2.1684850067919187e-01 4.5246173599468953e-01 1.1827789190281219e+01 7.0545907272666376e-06
-2.1684850067919187e-01 4.6251644123901592e-01 1.1823178911913212e+01 7.0355039301765262e-06
-2.1684850067919187e-01 4.7257114648334225e-01 1.1819604413106978e+01 6.8310504916620340e-06
-2.1684850067919187e-01 4.8262585172766881e-01 1.1817007565492867e+01 5.7272004525799130e-06
-2.1684850067919187e-01 4.9268055697199514e-01 1.1815554896369990e+01 6.6853328423413429e-06
-2.1684850067919187e-01 5.0273526221632159e-01 1.1815128831895011e+01 7.9893455684392281e-06
-1.9877779228925918e-01 -5.0273526221632159e-01 1.1795423212412082e+01 8.3505479233680166e-06
-1.9877779228925918e-01 -4.9268055697199509e-01 1.1795797210278025e+01 7.1442988712892823e-06
-1.9877779228925918e-01 -4.8262585172766864e-01 1.1797115667337076e+01 6.3386926862801103e-06
-1.9877779228925918e-01 -4.7257114648334225e-01 1.1799531173299130e+01 7.4754290147097154e-06
-1.9877779228925918e-01 -4.6251644123901581e-01 1.1802872168536220e+01 7.6543281821076186e-06
-1.9877779228925918e-01 -4.5246173599468936e-01 1.1807182993995815e+01 7.6344878286979609e-06
-1.9877779228925918e-01 -4.4240703075036292e-01 1.1812486723058978e+01 7.5865794208336369e-06
-1.9877779228925918e-01 -4.3235232550603647e-01 1.1818800930091875e+01 7.5137221576568854e-06
-1.9877779228925918e-01 -4.2229762026171014e-01 1.1826144472783259e+01 7.4148714527863195e-06
-1.9877779228925918e-01 -4.1224291501738369e-01 1.1834537818542714e+01 7.2904064784741755e-06
-1.9877779228925918e-01 -4.0218820977305725e-01 1.1844003222256637e+01 7.1417876516535039e-06
-1.9877779228925918e-01 -3.9213350452873080e-01 1.1854564942101904e+01 6.9711880649218304e-06
-1.9877779228925918e-01 -3.8207879928440436e-01 1.1866249474103212e+01 6.7811982902492487e-06
-1.9877779228925918e-01 -3.7202409404007797e-01 1.1879085797885844e+01 6.5746050377054515e-06
-1.9877779228925918e-01 -3.6196938879575147e-01 1.1893105633313036e+01 6.3542327745727787e-06
-1.9877779228925918e-01 -3.5191468355142508e-01 1.1908343710970385e+01 6.1228350332837149e-06
-1.9877779228925918e-01 -3.4185997830709863e-01 1.1924838060734611e+01 5.8830232848138644e-06
-1.9877779228925918e-01 -3.3180527306277219e-01 1.1942630322990958e+01 5.6372234594471229e-06
-1.9877779228925918e-01 -3.2175056781844580e-01 1.1961766086947328e+01 5.3876524247944452e-06
-1.9877779228925918e-01 -3.1169586257411935e-01 1.1982295260133954e+01 5.1363086249839543e-06
-1.9877779228925918e-01 -3.0164115732979291e-01 1.2004272472612866e+01 4.8849725788929905e-06
-1.9877779228925918e-01 -2.9158645208546646e-01 1.2027757518584089e+01 4.6352140708394195e-06
-1.9877779228925918e-01 -2.8153174684114002e-01 1.2052815836814995e+01 4.3884037144333733e-06
-1.9877779228925918e-01 -2.7147704159681363e-01 1.2079519029398554e+01 4.1457271978596337e-06
-1.9877779228925918e-01 -2.6142233635248718e-01 1.2107945415403433e+01 3.9082009826275918e-06
-1.9877779228925918e-01 -2.5136763110816074e-01 1.2138180611486835e+01 3.6766885713473081e-06
-1.9877779228925918e-01 -2.4131292586383432e-01 1.2170318124718106e+01 3.4519167153740588e-06
-1.9877779228925918e-01 -2.3125822061950788e-01 1.2204459932554428e+01 3.2344911233887744e-06
-1.9877779228925918e-01 -2.2120351537518143e-01 1.2240717009405024e+01 3.0249113742624172e-06
-1.9877779228925918e-01 -2.1114881013085501e-01 1.2279209735978421e+01 2.8235848438716271e-06
-1.9877779228925918e-01 -2.0109410488652857e-01 1.2320068092839001e+01 2.6308395348588193e-06
-1.9877779228925918e-01 -1.9103939964220218e-01 1.2363431487680639e+01 2.4469357571403553e-06
-1.9877779228925918e-01 -1.8098469439787573e-01 1.2409447988406605e+01 2.2720766502666727e-06
-1.9877779228925918e-01 -1.7092998915354929e-01 1.2458272618881528e+01 2.1064175699492982e-06
-1.9877779228925918e-01 -1.6087528390922284e-01 1.2510064203273808e+01 1.9500743832953228e-06
-1.9877779228925918e-01 -1.5082057866489645e-01 1.2564979992700087e+01 1.8031307324189377e-06
-1.9877779228925918e-01 -1.4076587342057001e-01 1.2623166939447444e+01 1.6656443361232656e-06
-1.9877779228925918e-01 -1.3071116817624356e-01 1.2684747954990261e+01 1.5376524050560867e-06
-1.9877779228925918e-01 -1.2065646293191713e-01 1.2749800750792875e+01 1.4191762490239243e-06
-1.9877779228925918e-01 -1.1060175768759069e-01 1.2818325887917714e+01 1.3102251553747973e-06
-1.9877779228925918e-01 -1.0054705244326431e-01 1.2890199508239723e+01 1.2107996169801742e-06
-1.9877779228925918e-01 -9.0492347198937867e-02 1.2965105173474985e+01 1.1208939857525615e-06
-1.9877779228925918e-01 -8.0437641954611422e-02 1.3042439121494256e+01 1.0404986246102327e-06
-1.9877779228925918e-01 -7.0382936710284977e-02 1.3121185941871929e+01 9.6960162715436548e-07
-1.9877779228925918e-01 -6.0328231465958525e-02 1.3199770689047520e+01 9.0819016956983195e-07
-1.9877779228925918e-01 -5.0273526221632080e-02 1.3275913649367173e+01 8.5625155422088595e-07
-1.9877779228925918e-01 -4.0218820977305711e-02 1.3346547888014848e+01 8.1377399926926919e-07
-1.9877779228925918e-01 -3.0164115732979262e-02 1.3407897411291005e+01 7.8074722228450649e-07
-1.9877779228925918e-01 -2.0109410488652817e-02 1.3455820659465031e+01 7.5716285888273017e-07
-1.9877779228925918e-01 -1.0054705244326374e-02 1.3486450430482867e+01 7.4301475197552431e-07
-1.9877779228925918e-01 7.1065644079062674e-17 1.3497000072658727e+01 7.3829913819067160e-07
-1.9877779228925918e-01 1.0054705244326445e-02 1.3486450430482876e+01 7.4301475195288661e-07
-1.9877779228925918e-01 2.0109410488652890e-02 1.3455820659465040e+01 7.5716285884876913e-07
-1.9877779228925918e-01 3.0164115732979335e-02 1.3407897411290998e+01 7.8074722226705973e-07
-1.9877779228925918e-01 4.0218820977305780e-02 1.3346547888014852e+01 8.1377399924090799e-07
-1.9877779228925918e-01 5.0273526221632225e-02 1.3275913649367167e+01 8.5625155416979070e-07
-1.9877779228925918e-01 6.0328231465958670e-02 1.3199770689047520e+01 9.0819016956900588e-07
-1.9877779228925918e-01 7.0382936710285046e-02 1.3121185941871934e+01 9.6960162712351463e-07
-1.9877779228925918e-01 8.0437641954611491e-02 1.3042439121494260e+01 1.0404986246008343e-06
-1.9877779228925918e-01 9.0492347198937936e-02 1.2965105173474987e+01 1.1208939857429089e-06
-1.9877779228925918e-01 1.0054705244326438e-01 1.2890199508239723e+01 1.2107996169759497e-06
-1.9877779228925918e-01 1.1060175768759083e-01 1.2818325887917732e+01 1.3102251553777560e-06
-1.9877779228925918e-01 1.2065646293191720e-01 1.2749800750792883e+01 1.4191762490186358e-06
-1.9877779228925918e-01 1.3071116817624365e-01 1.2684747954990266e+01 1.5376524050529927e-06
-1.9877779228925918e-01 1.4076587342057009e-01 1.2623166939447435e+01 1.6656443361187939e-06
-1.9877779228925918e-01 1.5082057866489645e-01 1.2564979992700069e+01 1.8031307324210707e-06
-1.9877779228925918e-01 1.6087528390922298e-01 1.2510064203273810e+01 1.9500743832907954e-06
-1.9877779228925918e-01 1.7092998915354934e-01 1.2458272618881546e+01 2.1064175699485367e-06
-1.9877779228925918e-01 1.8098469439787587e-01 1.2409447988406617e+01 2.2720766502673910e-06
-1.9877779228925918e-01 1.9103939964220223e-01 1.2363431487680641e+01 2.4469357571395324e-06
-1.9877779228925918e-01 2.0109410488652862e-01 1.2320068092838998e+01 2.6308395348529358e-06
-1.9877779228925918e-01 2.1114881013085512e-01 1.2279209735978426e+01 2.8235848438692863e-06
-1.9877779228925918e-01 2.2120351537518151e-01 1.2240717009405024e+01 3.0249113742601010e-06
-1.9877779228925918e-01 2.3125822061950801e-01 1.2204459932554437e+01 3.2344911233893893e-06
-1.9877779228925918e-01 2.4131292586383440e-01 1.2170318124718124e+01 3.4519167153746915e-06
-1.9877779228925918e-01 2.5136763110816079e-01 1.2138180611486828e+01 3.6766885713463078e-06
-1.9877779228925918e-01 2.6142233635248729e-01 1.2107945415403433e+01 3.9082009826261916e-06
-1.9877779228925918e-01 2.7147704159681368e-01 1.2079519029398549e+01 4.1457271978581539e-06
-1.9877779228925918e-01 2.8153174684114018e-01 1.2052815836814995e+01 4.3884037144343432e-06
-1.9877779228925918e-01 2.9158645208546657e-01 1.2027757518584105e+01 4.6352140708397083e-06
-1.9877779228925918e-01 3.0164115732979291e-01 1.2004272472612875e+01 4.8849725788941636e-06
-1.9877779228925918e-01 3.1169586257411946e-01 1.1982295260133951e+01 5.1363086249832979e-06
-1.9877779228925918e-01 3.2175056781844580e-01 1.1961766086947327e+01 5.3876524247946409e-06
-1.9877779228925918e-01 3.3180527306277235e-01 1.1942630322990960e+01 5.6372234594479522e-06
-1.9877779228925918e-01 3.4185997830709869e-01 1.1924838060734608e+01 5.8830232848127277e-06
-1.9877779228925918e-01 3.5191468355142524e-01 1.1908343710970378e+01 6.1228350332821403e-06
-1.9877779228925918e-01 3.6196938879575158e-01 1.1893105633313029e+01 6.3542327745729921e-06
-1.9877779228925918e-01 3.7202409404007797e-01 1.1879085797885848e+01 6.5746050377062756e-06
-1.9877779228925918e-01 3.8207879928440447e-01 1.1866249474103219e+01 6.7811982902491674e-06
-1.9877779228925918e-01 3.9213350452873086e-01 1.1854564942101918e+01 6.9711880649213738e-06
-1.9877779228925918e-01 4.0218820977305736e-01 1.1844003222256637e+01 7.1417876516535039e-06
-1.9877779228925918e-01 4.1224291501738375e-01 1.1834537818542705e+01 7.2904064784750496e-06
-1.9877779228925918e-01 4.2229762026171014e-01 1.1826144472783264e+01 7.4148714527869886e-06
-1.9877779228925918e-01 4.3235232550603664e-01 1.1818800930091880e+01 7.5137221576575927e-06
-1.9877779228925918e-01 4.4240703075036303e-01 1.1812486723058983e+01 7.5865794208328949e-06
-1.9877779228925918e-01 4.5246173599468953e-01 1.1807182993995806e+01 7.6344878287005850e-06
-1.9877779228925918e-01 4.6251644123901592e-01 1.1802872168536208e+01 7.6543281821104358e-06
-1.9877779228925918e-01 4.7257114648334225e-01 1.1799531173299126e+01 7.4754290147086625e-06
-1.9877779228925918e-01 4.8262585172766881e-01 1.1797115667337076e+01 6.3386926862800349e-06
-1.9877779228925918e-01 4.9268055697199514e-01 1.1795797210278028e+01 7.1442988712885580e-06
-1.9877779228925918e-01 5.0273526221632159e-01 1.1795423212412082e+01 8.3505479233673474e-06
-1.8070708389932660e-01 -5.0273526221632159e-01 1.1774604471911724e+01 8.7197538795212963e-06
-1.8070708389932660e-01 -4.9268055697199509e-01 1.1774928112729583e+01 7.6101492588995777e-06
-1.8070708389932660e-01 -4.8262585172766864e-01 1.1776114566258173e+01 6.9651628434252315e-06
-1.8070708389932660e-01 -4.7257114648334225e-01 1.1778349231583402e+01 8.1498216314826492e-06
-1.8070708389932660e-01 -4.6251644123901581e-01 1.1781458249221201e+01 8.3056282089526186e-06
-1.8070708389932660e-01 -4.5246173599468936e-01 1.1785471698052401e+01 8.2471352036692891e-06
-1.8070708389932660e-01 -4.4240703075036292e-01 1.1790408333113158e+01 8.1574287702348339e-06
-1.8070708389932660e-01 -4.3235232550603647e-01 1.1796283560846252e+01 8.0416600177862437e-06
-1.8070708389932660e-01 -4.2229762026171014e-01 1.1803113829487636e+01 7.9000208199460740e-06
-1.8070708389932660e-01 -4.1224291501738369e-01 1.1810916841883436e+01 7.7337431170498341e-06
-1.8070708389932660e-01 -4.0218820977305725e-01 1.1819711698081253e+01 7.5448405103814011e-06
-1.8070708389932660e-01 -3.9213350452873080e-01 1.1829519071478275e+01 7.3358162360254891e-06
-1.8070708389932660e-01 -3.8207879928440436e-01 1.1840361398829359e+01 7.1094318211312446e-06
-1.8070708389932660e-01 -3.7202409404007797e-01 1.1852263076246324e+01 6.8685352494895857e-06
-1.8070708389932660e-01 -3.6196938879575147e-01 1.1865250660013508e+01 6.6159392833172163e-06
-1.8070708389932660e-01 -3.5191468355142508e-01 1.1879353073985429e+01 6.3543391650947626e-06
-1.8070708389932660e-01 -3.4185997830709863e-01 1.1894601826358707e+01 6.0862600350442461e-06
-1.8070708389932660e-01 -3.3180527306277219e-01 1.1911031238699428e+01 5.8140262180829031e-06
-1.8070708389932660e-01 -3.2175056781844580e-01 1.1928678689721776e+01 5.5397463105771659e-06
-1.8070708389932660e-01 -3.1169586257411935e-01 1.1947584875632709e+01 5.2653094865516651e-06
-1.8070708389932660e-01 -3.0164115732979291e-01 1.1967794087898348e+01 4.9923896102099567e-06
-1.8070708389932660e-01 -2.9158645208546646e-01 1.1989354507974635e+01 4.7224546273614619e-06
-1.8070708389932660e-01 -2.8153174684114002e-01 1.2012318516715069e+01 4.4567793703108236e-06
-1.8070708389932660e-01 -2.7147704159681363e-01 1.2036743013578258e+01 4.1964604034996732e-06
-1.8070708389932660e-01 -2.6142233635248718e-01 1.2062689737047354e+01 3.9424319041507255e-06
-1.8070708389932660e-01 -2.5136763110816074e-01 1.2090225572331827e+01 3.6954818467213625e-06
-1.8070708389932660e-01 -2.4131292586383432e-01 1.2119422824712274e+01 3.4562679664560306e-06
-1.8070708389932660e-01 -2.3125822061950788e-01 1.2150359425757731e+01 3.2253331333196064e-06
-1.8070708389932660e-01 -2.2120351537518143e-01 1.2183119023577921e+01 3.0031198859353756e-06
-1.8070708389932660e-01 -2.1114881013085501e-01 1.2217790885094624e+01 2.7899839648887246e-06
-1.8070708389932660e-01 -2.0109410488652857e-01 1.2254469504914365e+01 2.5862067526235601e-06
-1.8070708389932660e-01 -1.9103939964220218e-01 1.2293253767317555e+01 2.3920065784403661e-06
-1.8070708389932660e-01 -1.8098469439787573e-01 1.2334245438886848e+01 2.2075488849665763e-06
-1.8070708389932660e-01 -1.7092998915354929e-01 1.2377546670676999e+01 2.0329552806966455e-06
-1.8070708389932660e-01 -1.6087528390922284e-01 1.2423256048828298e+01 1.8683115230546954e-06
-1.8070708389932660e-01 -1.5082057866489645e-01 1.2471462536009891e+01 1.7136744906332664e-06
-1.8070708389932660e-01 -1.4076587342057001e-01 1.2522236375268459e+01 1.5690782124794570e-06
-1.8070708389932660e-01 -1.3071116817624356e-01 1.2575615665919361e+01 1.4345390281147966e-06
-1.8070708389932660e-01 -1.2065646293191713e-01 1.2631586862473116e+01 1.3100599550127778e-06
-1.8070708389932660e-01 -1.1060175768759069e-01 1.2690056922716243e+01 1.1956343413854199e-06
-1.8070708389932660e-01 -1.0054705244326431e-01 1.2750814360138788e+01 1.0912488812978100e-06
-1.8070708389932660e-01 -9.0492347198937867e-02 1.2813476353614423e+01 9.9688606787503533e-07
-1.8070708389932660e-01 -8.0437641954611422e-02 1.2877420020610343e+01 9.1252615723012145e-07
-1.8070708389932660e-01 -7.0382936710284977e-02 1.2941699254638763e+01 8.3814871267813729e-07
-1.8070708389932660e-01 -6.0328231465958525e-02 1.3004956108746647e+01 7.7373379462193254e-07
-1.8070708389932660e-01 -5.0273526221632080e-02 1.3065349407656342e+01 7.1926285658499206e-07
-1.8070708389932660e-01 -4.0218820977305711e-02 1.3120541997556865e+01 6.7471940281230962e-07
-1.8070708389932660e-01 -3.0164115732979262e-02 1.3167802598712562e+01 6.4008945697914361e-07
-1.8070708389932660e-01 -2.0109410488652817e-02 1.3204268662413655e+01 6.1536188461851222e-07
-1.8070708389932660e-01 -1.0054705244326374e-02 1.3227364012442600e+01 6.0052860572099202e-07
-1.8070708389932660e-01 7.1065644079062674e-17 1.3235280004379602e+01 5.9558472569460283e-07
-1.8070708389932660e-01 1.0054705244326445e-02 1.3227364012442596e+01 6.0052860571002888e-07
-1.8070708389932660e-01 2.0109410488652890e-02 1.3204268662413654e+01 6.1536188462042567e-07
-1.8070708389932660e-01 3.0164115732979335e-02 1.3167802598712552e+01 6.4008945696815770e-07
-1.8070708389932660e-01 4.0218820977305780e-02 1.3120541997556879e+01 6.7471940279030752e-07
-1.8070708389932660e-01 5.0273526221632225e-02 1.3065349407656345e+01 7.1926285655626960e-07
-1.8070708389932660e-01 6.0328231465958670e-02 1.3004956108746644e+01 7.7373379462145185e-07
-1.8070708389932660e-01 7.0382936710285046e-02 1.2941699254638758e+01 8.3814871266641234e-07
-1.8070708389932660e-01 8.0437641954611491e-02 1.2877420020610343e+01 9.1252615721827284e-07
-1.8070708389932660e-01 9.0492347198937936e-02 1.2813476353614412e+01 9.9688606787184858e-07
-1.8070708389932660e-01 1.0054705244326438e-01 1.2750814360138802e+01 1.0912488812938414e-06
-1.8070708389932660e-01 1.1060175768759083e-01 1.2690056922716238e+01 1.1956343413731311e-06
-1.8070708389932660e-01 1.2065646293191720e-01 1.2631586862473103e+01 1.3100599550145828e-06
-1.8070708389932660e-01 1.3071116817624365e-01 1.2575615665919356e+01 1.4345390281070240e-06
-1.8070708389932660e-01 1.4076587342057009e-01 1.2522236375268468e+01 1.5690782124796545e-06
-1.8070708389932660e-01 1.5082057866489645e-01 1.2471462536009879e+01 1.7136744906355716e-06
-1.8070708389932660e-01 1.6087528390922298e-01 1.2423256048828296e+01 1.8683115230552570e-06
-1.8070708389932660e-01 1.7092998915354934e-01 1.2377546670677011e+01 2.0329552806940015e-06
-1.8070708389932660e-01 1.8098469439787587e-01 1.2334245438886846e+01 2.2075488849621302e-06
-1.8070708389932660e-01 1.9103939964220223e-01 1.2293253767317550e+01 2.3920065784380521e-06
-1.8070708389932660e-01 2.0109410488652862e-01 1.2254469504914367e+01 2.5862067526203930e-06
-1.8070708389932660e-01 2.1114881013085512e-01 1.2217790885094628e+01 2.7899839648856393e-06
-1.8070708389932660e-01 2.2120351537518151e-01 1.2183119023577918e+01 3.0031198859337955e-06
-1.8070708389932660e-01 2.3125822061950801e-01 1.2150359425757737e+01 3.2253331333193760e-06
-1.8070708389932660e-01 2.4131292586383440e-01 1.2119422824712267e+01 3.4562679664563304e-06
-1.8070708389932660e-01 2.5136763110816079e-01 1.2090225572331823e+01 3.6954818467229748e-06
-1.8070708389932660e-01 2.6142233635248729e-01 1.2062689737047362e+01 3.9424319041518030e-06
-1.8070708389932660e-01 2.7147704159681368e-01 1.2036743013578254e+01 4.1964604035003102e-06
-1.8070708389932660e-01 2.8153174684114018e-01 1.2012318516715068e+01 4.4567793703102340e-06
-1.8070708389932660e-01 2.9158645208546657e-01 1.1989354507974621e+01 4.7224546273604480e-06
-1.8070708389932660e-01 3.0164115732979291e-01 1.1967794087898344e+01 4.9923896102092468e-06
-1.8070708389932660e-01 3.1169586257411946e-01 1.1947584875632709e+01 5.2653094865493247e-06
-1.8070708389932660e-01 3.2175056781844580e-01 1.1928678689721776e+01 5.5397463105781569e-06
-1.8070708389932660e-01 3.3180527306277235e-01 1.1911031238699433e+01 5.8140262180822018e-06
-1.8070708389932660e-01 3.4185997830709869e-01 1.1894601826358718e+01 6.0862600350434626e-06
-1.8070708389932660e-01 3.5191468355142524e-01 1.1879353073985438e+01 6.3543391650956715e-06
-1.8070708389932660e-01 3.6196938879575158e-01 1.1865250660013510e+01 6.6159392833161829e-06
-1.8070708389932660e-01 3.7202409404007797e-01 1.1852263076246334e+01 6.8685352494879908e-06
-1.8070708389932660e-01 3.8207879928440447e-01 1.1840361398829359e+01 7.1094318211318476e-06
-1.8070708389932660e-01 3.9213350452873086e-01 1.1829519071478284e+01 7.3358162360267054e-06
-1.8070708389932660e-01 4.0218820977305736e-01 1.1819711698081248e+01 7.5448405103830714e-06
-1.8070708389932660e-01 4.1224291501738375e-01 1.1810916841883433e+01 7.7337431170459801e-06
-1.8070708389932660e-01 4.2229762026171014e-01 1.1803113829487636e+01 7.9000208199473598e-06
-1.8070708389932660e-01 4.3235232550603664e-01 1.1796283560846257e+01 8.0416600177860980e-06
-1.8070708389932660e-01 4.4240703075036303e-01 1.1790408333113160e+01 8.1574287702361231e-06
-1.8070708389932660e-01 4.5246173599468953e-01 1.1785471698052392e+01 8.2471352036690452e-06
-1.8070708389932660e-01 4.6251644123901592e-01 1.1781458249221194e+01 8.3056282089522950e-06
-1.8070708389932660e-01 4.7257114648334225e-01 1.1778349231583402e+01 8.1498216314832421e-06
-1.8070708389932660e-01 4.8262585172766881e-01 1.1776114566258181e+01 6.9651628434223423e-06
-1.8070708389932660e-01 4.9268055697199514e-01 1.1774928112729583e+01 7.6101492588998886e-06
-1.8070708389932660e-01 5.0273526221632159e-01 1.1774604471911724e+01 8.7197538795215639e-06
-1.6263637550939394e-01 -5.0273526221632159e-01 1.1753530707923021e+01 9.0512059087591157e-06
-1.6263637550939394e-01 -4.9268055697199509e-01 1.1753807014381124e+01 8.0373829298041355e-06
-1.6263637550939394e-01 -4.8262585172766864e-01 1.1754867058470424e+01 7.5639469093655730e-06
-1.6263637550939394e-01 -4.7257114648334225e-01 1.1756926608184052e+01 8.8157835929152175e-06
-1.6263637550939394e-01 -4.6251644123901581e-01 1.1759812823307330e+01 8.9536650739876940e-06
-1.6263637550939394e-01 -4.5246173599468936e-01 1.1763540974409317e+01 8.8593446943926351e-06
-1.6263637550939394e-01 -4.4240703075036292e-01 1.1768125423384395e+01 8.7307168391280747e-06
-1.6263637550939394e-01 -4.3235232550603647e-01 1.1773579505882704e+01 8.5749073603294495e-06
-1.6263637550939394e-01 -4.2229762026171014e-01 1.1779917392428535e+01 8.3932343749243458e-06
-1.6263637550939394e-01 -4.1224291501738369e-01 1.1787154185230531e+01 8.1877062869892546e-06
-1.6263637550939394e-01 -4.0218820977305725e-01 1.1795306029294341e+01 7.9608435639736345e-06
-1.6263637550939394e-01 -3.9213350452873080e-01 1.1804390253802959e+01 7.7154568996365670e-06
-1.6263637550939394e-01 -3.8207879928440436e-01 1.1814425523790142e+01 7.4544735235501980e-06
-1.6263637550939394e-01 -3.7202409404007797e-01 1.1825431994102839e+01 7.1808095417533305e-06
-1.6263637550939394e-01 -3.6196938879575147e-01 1.1837431463859817e+01 6.8972807069987367e-06
-1.6263637550939394e-01 -3.5191468355142508e-01 1.1850447532309296e+01 6.6065432929941661e-06
-1.6263637550939394e-01 -3.4185997830709863e-01 1.1864505757875683e+01 6.3110577167886257e-06
-1.6263637550939394e-01 -3.3180527306277219e-01 1.1879633822170780e+01 6.0130689587332065e-06
-1.6263637550939394e-01 -3.2175056781844580e-01 1.1895861700261344e+01 5.7145991660959443e-06
-1.6263637550939394e-01 -3.1169586257411935e-01 1.1913221837694842e+01 5.4174489362442475e-06
-1.6263637550939394e-01 -3.0164115732979291e-01 1.1931749333711135e+01 5.1232046440350983e-06
-1.6263637550939394e-01 -2.9158645208546646e-01 1.1951482128637714e+01 4.8332498391523370e-06
-1.6263637550939394e-01 -2.8153174684114002e-01 1.1972461191537679e+01 4.5487792372211081e-06
-1.6263637550939394e-01 -2.7147704159681363e-01 1.1994730701536044e+01 4.2708142034230978e-06
-1.6263637550939394e-01 -2.6142233635248718e-01 1.2018338212583203e+01 4.0002189104528675e-06
-1.6263637550939394e-01 -2.5136763110816074e-01 1.2043334786288067e+01 3.7377165683425183e-06
-1.6263637550939394e-01 -2.4131292586383432e-01 1.2069775070258917e+01 3.4839052886830303e-06
-1.6263637550939394e-01 -2.3125822061950788e-01 1.2097717289273515e+01 3.2392732730839664e-06
-1.6263637550939394e-01 -2.2120351537518143e-01 1.2127223102358403e+01 3.0042131140206679e-06
-1.6263637550939394e-01 -2.1114881013085501e-01 1.2158357258817182e+01 2.7790350722288905e-06
-1.6263637550939394e-01 -2.0109410488652857e-01 1.2191186958066236e+01 2.5639792534907234e-06
-1.6263637550939394e-01 -1.9103939964220218e-01 1.2225780778584443e+01 2.3592266522034644e-06
-1.6263637550939394e-01 -1.8098469439787573e-01 1.2262206985955164e+01 2.1649090634699125e-06
-1.6263637550939394e-01 -1.7092998915354929e-01 1.2300530952995471e+01 1.9811178902142801e-06
-1.6263637550939394e-01 -1.6087528390922284e-01 1.2340811318778082e+01 1.8079118906574240e-06
-1.6263637550939394e-01 -1.5082057866489645e-01 1.2383094368858920e+01 1.6453239243404576e-06
-1.6263637550939394e-01 -1.4076587342057001e-01 1.2427405926667845e+01 1.4933667639066865e-06
-1.6263637550939394e-01 -1.3071116817624356e-01 1.2473739799035636e+01 1.3520380452936259e-06
-1.6263637550939394e-01 -1.2065646293191713e-01 1.2522041521300814e+01 1.2213244324946666e-06
-1.6263637550939394e-01 -1.1060175768759069e-01 1.2572185832273545e+01 1.1012050740400057e-06
-1.6263637550939394e-01 -1.0054705244326431e-01 1.2623946075501355e+01 9.9165442836761509e-07
-1.6263637550939394e-01 -9.0492347198937867e-02 1.2676953807122549e+01 8.9264453395850302e-07
-1.6263637550939394e-01 -8.0437641954611422e-02 1.2730647785709881e+01 8.0414679766620072e-07
-1.6263637550939394e-01 -7.0382936710284977e-02 1.2784214126738149e+01 7.2613337210604583e-07
-1.6263637550939394e-01 -6.0328231465958525e-02 1.2836525054869831e+01 6.5857818860683632e-07
-1.6263637550939394e-01 -5.0273526221632080e-02 1.2886093542715658e+01 6.0145770849308031e-07
-1.6263637550939394e-01 -4.0218820977305711e-02 1.2931074092343747e+01 5.5475144947055097e-07
-1.6263637550939394e-01 -3.0164115732979262e-02 1.2969349026546036e+01 5.1844233919587027e-07
-1.6263637550939394e-01 -2.0109410488652817e-02 1.2998730790834101e+01 4.9251694012491543e-07
-1.6263637550939394e-01 -1.0054705244326374e-02 1.3017271914368189e+01 4.7696558423263764e-07
-1.6263637550939394e-01 7.1065644079062674e-17 1.3023614973542335e+01 4.7178244722450718e-07
-1.6263637550939394e-01 1.0054705244326445e-02 1.3017271914368209e+01 4.7696558420494093e-07
-1.6263637550939394e-01 2.0109410488652890e-02 1.2998730790834106e+01 4.9251694011082747e-07
-1.6263637550939394e-01 3.0164115732979335e-02 1.2969349026546043e+01 5.1844233919849141e-07
-1.6263637550939394e-01 4.0218820977305780e-02 1.2931074092343753e+01 5.5475144948585760e-07
-1.6263637550939394e-01 5.0273526221632225e-02 1.2886093542715654e+01 6.0145770846836929e-07
-1.6263637550939394e-01 6.0328231465958670e-02 1.2836525054869840e+01 6.5857818860459264e-07
-1.6263637550939394e-01 7.0382936710285046e-02 1.2784214126738156e+01 7.2613337208977316e-07
-1.6263637550939394e-01 8.0437641954611491e-02 1.2730647785709881e+01 8.0414679765626873e-07
-1.6263637550939394e-01 9.0492347198937936e-02 1.2676953807122572e+01 8.9264453394787816e-07
-1.6263637550939394e-01 1.0054705244326438e-01 1.2623946075501349e+01 9.9165442836443575e-07
-1.6263637550939394e-01 1.1060175768759083e-01 1.2572185832273549e+01 1.1012050740250679e-06
-1.6263637550939394e-01 1.2065646293191720e-01 1.2522041521300817e+01 1.2213244324856478e-06
-1.6263637550939394e-01 1.3071116817624365e-01 1.2473739799035640e+01 1.3520380452918193e-06
-1.6263637550939394e-01 1.4076587342057009e-01 1.2427405926667848e+01 1.4933667639013809e-06
-1.6263637550939394e-01 1.5082057866489645e-01 1.2383094368858917e+01 1.6453239243397933e-06
-1.6263637550939394e-01 1.6087528390922298e-01 1.2340811318778094e+01 1.8079118906514793e-06
-1.6263637550939394e-01 1.7092998915354934e-01 1.2300530952995462e+01 1.9811178902120512e-06
-1.6263637550939394e-01 1.8098469439787587e-01 1.2262206985955162e+01 2.1649090634709475e-06
-1.6263637550939394e-01 1.9103939964220223e-01 1.2225780778584447e+01 2.3592266522042208e-06
-1.6263637550939394e-01 2.0109410488652862e-01 1.2191186958066229e+01 2.5639792534868775e-06
-1.6263637550939394e-01 2.1114881013085512e-01 1.2158357258817180e+01 2.7790350722304181e-06
-1.6263637550939394e-01 2.2120351537518151e-01 1.2127223102358405e+01 3.0042131140190107e-06
-1.6263637550939394e-01 2.3125822061950801e-01 1.2097717289273513e+01 3.2392732730856714e-06
-1.6263637550939394e-01 2.4131292586383440e-01 1.2069775070258919e+01 3.4839052886848417e-06
-1.6263637550939394e-01 2.5136763110816079e-01 1.2043334786288060e+01 3.7377165683435318e-06
-1.6263637550939394e-01 2.6142233635248729e-01 1.2018338212583210e+01 4.0002189104544861e-06
-1.6263637550939394e-01 2.7147704159681368e-01 1.1994730701536035e+01 4.2708142034223685e-06
-1.6263637550939394e-01 2.8153174684114018e-01 1.1972461191537670e+01 4.5487792372204635e-06
-1.6263637550939394e-01 2.9158645208546657e-01 1.1951482128637730e+01 4.8332498391516195e-06
-1.6263637550939394e-01 3.0164115732979291e-01 1.1931749333711144e+01 5.1232046440333009e-06
-1.6263637550939394e-01 3.1169586257411946e-01 1.1913221837694842e+01 5.4174489362442238e-06
-1.6263637550939394e-01 3.2175056781844580e-01 1.1895861700261342e+01 5.7145991660959621e-06
-1.6263637550939394e-01 3.3180527306277235e-01 1.1879633822170776e+01 6.0130689587332166e-06
-1.6263637550939394e-01 3.4185997830709869e-01 1.1864505757875687e+01 6.3110577167871519e-06
-1.6263637550939394e-01 3.5191468355142524e-01 1.1850447532309298e+01 6.6065432929947539e-06
-1.6263637550939394e-01 3.6196938879575158e-01 1.1837431463859813e+01 6.8972807069970960e-06
-1.6263637550939394e-01 3.7202409404007797e-01 1.1825431994102848e+01 7.1808095417533440e-06
-1.6263637550939394e-01 3.8207879928440447e-01 1.1814425523790124e+01 7.4544735235506122e-06
-1.6263637550939394e-01 3.9213350452873086e-01 1.1804390253802950e+01 7.7154568996350338e-06
-1.6263637550939394e-01 4.0218820977305736e-01 1.1795306029294343e+01 7.9608435639741123e-06
-1.6263637550939394e-01 4.1224291501738375e-01 1.1787154185230518e+01 8.1877062869885498e-06
-1.6263637550939394e-01 4.2229762026171014e-01 1.1779917392428530e+01 8.3932343749229482e-06
-1.6263637550939394e-01 4.3235232550603664e-01 1.1773579505882704e+01 8.5749073603297866e-06
-1.6263637550939394e-01 4.4240703075036303e-01 1.1768125423384394e+01 8.7307168391278782e-06
-1.6263637550939394e-01 4.5246173599468953e-01 1.1763540974409315e+01 8.8593446943922471e-06
-1.6263637550939394e-01 4.6251644123901592e-01 1.1759812823307335e+01 8.9536650739868046e-06
-1.6263637550939394e-01 4.7257114648334225e-01 1.1756926608184047e+01 8.8157835929143620e-06
-1.6263637550939394e-01 4.8262585172766881e-01 1.1754867058470410e+01 7.5639469093646997e-06
-1.6263637550939394e-01 4.9268055697199514e-01 1.1753807014381120e+01 8.0373829298029836e-06
-1.6263637550939394e-01 5.0273526221632159e-01 1.1753530707923021e+01 9.0512059087590157e-06
-1.4456566711946126e-01 -5.0273526221632159e-01 1.1732977225519159e+01 9.3060472226127800e-06
-1.4456566711946126e-01 -4.9268055697199509e-01 1.1733210059424660e+01 8.3885161905443812e-06
-1.4456566711946126e-01 -4.8262585172766864e-01 1.1734151729231176e+01 8.1015391778212268e-06
-1.4456566711946126e-01 -4.7257114648334225e-01 1.1736046090186225e+01 9.4435359749929112e-06
-1.4456566711946126e-01 -4.6251644123901581e-01 1.1738724867097222e+01 9.5705278141804133e-06
-1.4456566711946126e-01 -4.5246173599468936e-01 1.1742187888381686e+01 9.4448268008773402e-06
-1.4456566711946126e-01 -4.4240703075036292e-01 1.1746445071294847e+01 9.2818033149288485e-06
-1.4456566711946126e-01 -4.3235232550603647e-01 1.1751507834074808e+01 9.0904485582779399e-06
-1.4456566711946126e-01 -4.2229762026171014e-01 1.1757388263389402e+01 8.8730580069946150e-06
-1.4456566711946126e-01 -4.1224291501738369e-01 1.1764099092993929e+01 8.6323202687794259e-06
-1.4456566711946126e-01 -4.0218820977305725e-01 1.1771653788489273e+01 8.3712084361542177e-06
-1.4456566711946126e-01 -3.9213350452873080e-01 1.1780066660221156e+01 8.0928171198473876e-06
-1.4456566711946126e-01 -3.8207879928440436e-01 1.1789352984117841e+01 7.8002369613375553e-06
-1.4456566711946126e-01 -3.7202409404007797e-01 1.1799529122528657e+01 7.4964638345671182e-06
-1.4456566711946126e-01 -3.6196938879575147e-01 1.1810612642928549e+01 7.1843366708525558e-06
-1.4456566711946126e-01 -3.5191468355142508e-01 1.1822622434882961e+01 6.8664976675221411e-06
-1.4456566711946126e-01 -3.4185997830709863e-01 1.1835578826507382e+01 6.5453694682669804e-06
-1.4456566711946126e-01 -3.3180527306277219e-01 1.1849503701650782e+01 6.2231449494899968e-06
-1.4456566711946126e-01 -3.2175056781844580e-01 1.1864420618589838e+01 5.9017862087788603e-06
-1.4456566711946126e-01 -3.1169586257411935e-01 1.1880354930301166e+01 5.5830301418955592e-06
-1.4456566711946126e-01 -3.0164115732979291e-01 1.1897333905414502e+01 5.2683986131947907e-06
-1.4456566711946126e-01 -2.9158645208546646e-01 1.1915386847689868e+01 4.9592116987248211e-06
-1.4456566711946126e-01 -2.8153174684114002e-01 1.1934545210198445e+01 4.6566028436614572e-06
-1.4456566711946126e-01 -2.7147704159681363e-01 1.1954842698153932e+01 4.3615350533701615e-06
-1.4456566711946126e-01 -2.6142233635248718e-01 1.1976315351301000e+01 4.0748174521286954e-06
-1.4456566711946126e-01 -2.5136763110816074e-01 1.1999001592594540e+01 3.7971217109740165e-06
-1.4456566711946126e-01 -2.4131292586383432e-01 1.2022942224143133e+01 3.5289979777893557e-06
-1.4456566711946126e-01 -2.3125822061950788e-01 1.2048180343414536e+01 3.2708900467507431e-06
-1.4456566711946126e-01 -2.2120351537518143e-01 1.2074761141645098e+01 3.0231495867351208e-06
-1.4456566711946126e-01 -2.1114881013085501e-01 1.2102731531056035e+01 2.7860493133130021e-06
-1.4456566711946126e-01 -2.0109410488652857e-01 1.2132139526207030e+01 2.5597950401127852e-06
-1.4456566711946126e-01 -1.9103939964220218e-01 1.2163033275340384e+01 2.3445365852295919e-06
-1.4456566711946126e-01 -1.8098469439787573e-01 1.2195459596797145e+01 2.1403775389252437e-06
-1.4456566711946126e-01 -1.7092998915354929e-01 1.2229461819352462e+01 1.9473839219900572e-06
-1.4456566711946126e-01 -1.6087528390922284e-01 1.2265076648109263e+01 1.7655917813329647e-06
-1.4456566711946126e-01 -1.5082057866489645e-01 1.2302329672315455e+01 1.5950137815271108e-06
-1.4456566711946126e-01 -1.4076587342057001e-01 1.2341228989494651e+01 1.4356448598476211e-06
-1.4456566711946126e-01 -1.3071116817624356e-01 1.2381756232228746e+01 1.2874670175030906e-06
-1.4456566711946126e-01 -1.2065646293191713e-01 1.2423854042686978e+01 1.1504533235597579e-06
-1.4456566711946126e-01 -1.1060175768759069e-01 1.2467408749352895e+01 1.0245712091882103e-06
-1.4456566711946126e-01 -1.0054705244326431e-01 1.2512226697838649e+01 9.0978513021231210e-07
-1.4456566711946126e-01 -9.0492347198937867e-02 1.2558002499731996e+01 8.0605867512673912e-07
-1.4456566711946126e-01 -8.0437641954611422e-02 1.2604277726380753e+01 7.1335619363703255e-07
-1.4456566711946126e-01 -7.0382936710284977e-02 1.2650390049814558e+01 6.3164401834725188e-07
-1.4456566711946126e-01 -6.0328231465958525e-02 1.2695416937791098e+01 5.6089134873719369e-07
-1.4456566711946126e-01 -5.0273526221632080e-02 1.2738126586541821e+01 5.0107086224635406e-07
-1.4456566711946126e-01 -4.0218820977305711e-02 1.2776962243209070e+01 4.5215911228165931e-07
-1.4456566711946126e-01 -3.0164115732979262e-02 1.2810099088811597e+01 4.1413676753100739e-07
-1.4456566711946126e-01 -2.0109410488652817e-02 1.2835610797960880e+01 3.8698873942154101e-07
-1.4456566711946126e-01 -1.0054705244326374e-02 1.2851749126983311e+01 3.7070423831035750e-07
-1.4456566711946126e-01 7.1065644079062674e-17 1.2857277861610575e+01 3.6527679043966124e-07
-1.4456566711946126e-01 1.0054705244326445e-02 1.2851749126983302e+01 3.7070423829738080e-07
-1.4456566711946126e-01 2.0109410488652890e-02 1.2835610797960877e+01 3.8698873939017078e-07
-1.4456566711946126e-01 3.0164115732979335e-02 1.2810099088811597e+01 4.1413676753670549e-07
-1.4456566711946126e-01 4.0218820977305780e-02 1.2776962243209086e+01 4.5215911228655427e-07
-1.4456566711946126e-01 5.0273526221632225e-02 1.2738126586541828e+01 5.0107086223067643e-07
-1.4456566711946126e-01 6.0328231465958670e-02 1.2695416937791093e+01 5.6089134872533862e-07
-1.4456566711946126e-01 7.0382936710285046e-02 1.2650390049814561e+01 6.3164401833629709e-07
-1.4456566711946126e-01 8.0437641954611491e-02 1.2604277726380749e+01 7.1335619362659414e-07
-1.4456566711946126e-01 9.0492347198937936e-02 1.2558002499732023e+01 8.0605867512689011e-07
-1.4456566711946126e-01 1.0054705244326438e-01 1.2512226697838653e+01 9.0978513020774141e-07
-1.4456566711946126e-01 1.1060175768759083e-01 1.2467408749352895e+01 1.0245712091811934e-06
-1.4456566711946126e-01 1.2065646293191720e-01 1.2423854042686996e+01 1.1504533235573524e-06
-1.4456566711946126e-01 1.3071116817624365e-01 1.2381756232228742e+01 1.2874670174977109e-06
-1.4456566711946126e-01 1.4076587342057009e-01 1.2341228989494653e+01 1.4356448598448549e-06
-1.4456566711946126e-01 1.5082057866489645e-01 1.2302329672315457e+01 1.5950137815271422e-06
-1.4456566711946126e-01 1.6087528390922298e-01 1.2265076648109252e+01 1.7655917813269901e-06
-1.4456566711946126e-01 1.7092998915354934e-01 1.2229461819352460e+01 1.9473839219914463e-06
-1.4456566711946126e-01 1.8098469439787587e-01 1.2195459596797138e+01 2.1403775389247977e-06
-1.4456566711946126e-01 1.9103939964220223e-01 1.2163033275340387e+01 2.3445365852287656e-06
-1.4456566711946126e-01 2.0109410488652862e-01 1.2132139526207025e+01 2.5597950401130131e-06
-1.4456566711946126e-01 2.1114881013085512e-01 1.2102731531056042e+01 2.7860493133125379e-06
-1.4456566711946126e-01 2.2120351537518151e-01 1.2074761141645100e+01 3.0231495867365773e-06
-1.4456566711946126e-01 2.3125822061950801e-01 1.2048180343414542e+01 3.2708900467509464e-06
-1.4456566711946126e-01 2.4131292586383440e-01 1.2022942224143142e+01 3.5289979777888449e-06
-1.4456566711946126e-01 2.5136763110816079e-01 1.1999001592594547e+01 3.7971217109761290e-06
-1.4456566711946126e-01 2.6142233635248729e-01 1.1976315351300999e+01 4.0748174521269234e-06
-1.4456566711946126e-01 2.7147704159681368e-01 1.1954842698153938e+01 4.3615350533692069e-06
-1.4456566711946126e-01 2.8153174684114018e-01 1.1934545210198454e+01 4.6566028436640042e-06
-1.4456566711946126e-01 2.9158645208546657e-01 1.1915386847689870e+01 4.9592116987261645e-06
-1.4456566711946126e-01 3.0164115732979291e-01 1.1897333905414502e+01 5.2683986131939479e-06
-1.4456566711946126e-01 3.1169586257411946e-01 1.1880354930301159e+01 5.5830301418958361e-06
-1.4456566711946126e-01 3.2175056781844580e-01 1.1864420618589831e+01 5.9017862087769019e-06
-1.4456566711946126e-01 3.3180527306277235e-01 1.1849503701650782e+01 6.2231449494906210e-06
-1.4456566711946126e-01 3.4185997830709869e-01 1.1835578826507394e+01 6.5453694682672895e-06
-1.4456566711946126e-01 3.5191468355142524e-01 1.1822622434882968e+01 6.8664976675215609e-06
-1.4456566711946126e-01 3.6196938879575158e-01 1.1810612642928536e+01 7.1843366708521205e-06
-1.4456566711946126e-01 3.7202409404007797e-01 1.1799529122528657e+01 7.4964638345669725e-06
-1.4456566711946126e-01 3.8207879928440447e-01 1.1789352984117842e+01 7.8002369613384735e-06
-1.4456566711946126e-01 3.9213350452873086e-01 1.1780066660221163e+01 8.0928171198456156e-06
-1.4456566711946126e-01 4.0218820977305736e-01 1.1771653788489271e+01 8.3712084361560930e-06
-1.4456566711946126e-01 4.1224291501738375e-01 1.1764099092993927e+01 8.6323202687804424e-06
-1.4456566711946126e-01 4.2229762026171014e-01 1.1757388263389398e+01 8.8730580069947895e-06
-1.4456566711946126e-01 4.3235232550603664e-01 1.1751507834074815e+01 9.0904485582777637e-06
-1.4456566711946126e-01 4.4240703075036303e-01 1.1746445071294849e+01 9.2818033149296836e-06
-1.4456566711946126e-01 4.5246173599468953e-01 1.1742187888381679e+01 9.4448268008768438e-06
-1.4456566711946126e-01 4.6251644123901592e-01 1.1738724867097217e+01 9.5705278141796358e-06
-1.4456566711946126e-01 4.7257114648334225e-01 1.1736046090186205e+01 9.4435359749926741e-06
-1.4456566711946126e-01 4.8262585172766881e-01 1.1734151729231177e+01 8.1015391778221009e-06
-1.4456566711946126e-01 4.9268055697199514e-01 1.1733210059424652e+01 8.3885161905444354e-06
-1.4456566711946126e-01 5.0273526221632159e-01 1.1732977225519159e+01 9.3060472226131798e-06
-1.2649495872952857e-01 -5.0273526221632159e-01 1.1713616266482475e+01 9.4559202624194028e-06
-1.2649495872952857e-01 -4.9268055697199509e-01 1.1713809964396749e+01 8.6364540432599431e-06
-1.2649495872952857e-01 -4.8262585172766864e-01 1.1714642953483240e+01 8.5541272238240167e-06
-1.2649495872952857e-01 -4.7257114648334225e-01 1.1716385246260540e+01 1.0012049918348719e-05
-1.2649495872952857e-01 -4.6251644123901581e-01 1.1718876618567236e+01 1.0136199380169697e-05
-1.2649495872952857e-01 -4.5246173599468936e-01 1.1722100765355220e+01 9.9843048428714417e-06
-1.2649495872952857e-01 -4.4240703075036292e-01 1.1726063122384742e+01 9.7921860174785783e-06
-1.2649495872952857e-01 -4.3235232550603647e-01 1.1730773378321352e+01 9.5705774410011783e-06
-1.2649495872952857e-01 -4.2229762026171014e-01 1.1736241766825806e+01 9.3225869968239642e-06
-1.2649495872952857e-01 -4.1224291501738369e-01 1.1742478924789600e+01 9.0514770492383726e-06
-1.2649495872952857e-01 -4.0218820977305725e-01 1.1749495956450877e+01 8.7606126609483010e-06
-1.2649495872952857e-01 -3.9213350452873080e-01 1.1757304524601535e+01 8.4533446386324299e-06
-1.2649495872952857e-01 -3.8207879928440436e-01 1.1765916948445401e+01 8.1329218596713180e-06
-1.2649495872952857e-01 -3.7202409404007797e-01 1.1775346300424937e+01 7.8024294940078864e-06
-1.2649495872952857e-01 -3.6196938879575147e-01 1.1785606499809504e+01 7.4647482134844530e-06
-1.2649495872952857e-01 -3.5191468355142508e-01 1.1796712403271803e+01 7.1225297598497376e-06
-1.2649495872952857e-01 -3.4185997830709863e-01 1.1808679893548303e+01 6.7781849700957156e-06
-1.2649495872952857e-01 -3.3180527306277219e-01 1.1821525967378101e+01 6.4338811287342552e-06
-1.2649495872952857e-01 -3.2175056781844580e-01 1.1835268823629102e+01 6.0915461875858994e-06
-1.2649495872952857e-01 -3.1169586257411935e-01 1.1849927952020474e+01 5.7528779343955468e-06
-1.2649495872952857e-01 -3.0164115732979291e-01 1.1865524222183058e+01 5.4193566144432596e-06
-1.2649495872952857e-01 -2.9158645208546646e-01 1.1882079971948130e+01 5.0922598375208527e-06
-1.2649495872952857e-01 -2.8153174684114002e-01 1.1899619092656609e+01 4.7726788585364626e-06
-1.2649495872952857e-01 -2.7147704159681363e-01 1.1918167107834011e+01 4.4615355219740472e-06
-1.2649495872952857e-01 -2.6142233635248718e-01 1.1937751239634407e+01 4.1595993216184733e-06
-1.2649495872952857e-01 -2.5136763110816074e-01 1.1958400454819150e+01 3.8675041571243474e-06
-1.2649495872952857e-01 -2.4131292586383432e-01 1.1980145478422864e+01 3.5857644748021382e-06
-1.2649495872952857e-01 -2.3125822061950788e-01 1.2003018758287203e+01 3.3147905663366794e-06
-1.2649495872952857e-01 -2.2120351537518143e-01 1.2027054356776699e+01 3.0549028692878263e-06
-1.2649495872952857e-01 -2.1114881013085501e-01 1.2052287736487438e+01 2.8063451701894282e-06
-1.2649495872952857e-01 -2.0109410488652857e-01 1.2078755393564981e+01 2.5692966566156577e-06
-1.2649495872952857e-01 -1.9103939964220218e-01 1.2106494273869695e+01 2.3438828006443900e-06
-1.2649495872952857e-01 -1.8098469439787573e-01 1.2135540881495633e+01 2.1301850844083398e-06
-1.2649495872952857e-01 -1.7092998915354929e-01 1.2165929952853563e+01 1.9282495999371980e-06
-1.2649495872952857e-01 -1.6087528390922284e-01 1.2197692517779950e+01 1.7380945716238527e-06
-1.2649495872952857e-01 -1.5082057866489645e-01 1.2230853094252653e+01 1.5597168614613447e-06
-1.2649495872952857e-01 -1.4076587342057001e-01 1.2265425652870380e+01 1.3930975254281958e-06
-1.2649495872952857e-01 -1.3071116817624356e-01 1.2301407820899630e+01 1.2382064949962621e-06
-1.2649495872952857e-01 -1.2065646293191713e-01 1.2338772540224259e+01 1.0950064611212849e-06
-1.2649495872952857e-01 -1.1060175768759069e-01 1.2377455998006814e+01 9.6345603989652832e-07
-1.2649495872952857e-01 -1.0054705244326431e-01 1.2417340047473711e+01 8.4351229944337663e-07
-1.2649495872952857e-01 -9.0492347198937867e-02 1.2458226486141344e+01 7.3513272719112672e-07
-1.2649495872952857e-01 -8.0437641954611422e-02 1.2499799583777842e+01 6.3827671503324617e-07
-1.2649495872952857e-01 -7.0382936710284977e-02 1.2541572826528609e+01 5.5290663764926957e-07
-1.2649495872952857e-01 -6.0328231465958525e-02 1.2582817923776048e+01 4.7898859607120542e-07
-1.2649495872952857e-01 -5.0273526221632080e-02 1.2622482611718725e+01 4.1649289449552265e-07
-1.2649495872952857e-01 -4.0218820977305711e-02 1.2659123203974683e+01 3.6539431346657205e-07
-1.2649495872952857e-01 -3.0164115732979262e-02 1.2690906232751907e+01 3.2567223686386163e-07
-1.2649495872952857e-01 -2.0109410488652817e-02 1.2715750852998644e+01 2.9731068284595890e-07
-1.2649495872952857e-01 -1.0054705244326374e-02 1.2731652865235656e+01 2.8029828172848783e-07
-1.2649495872952857e-01 7.1065644079062674e-17 1.2737135130294401e+01 2.7462823526910096e-07
-1.2649495872952857e-01 1.0054705244326445e-02 1.2731652865235670e+01 2.8029828173328278e-07
-1.2649495872952857e-01 2.0109410488652890e-02 1.2715750852998653e+01 2.9731068283201367e-07
-1.2649495872952857e-01 3.0164115732979335e-02 1.2690906232751898e+01 3.2567223686420139e-07
-1.2649495872952857e-01 4.0218820977305780e-02 1.2659123203974676e+01 3.6539431343934127e-07
-1.2649495872952857e-01 5.0273526221632225e-02 1.2622482611718723e+01 4.1649289447118241e-07
-1.2649495872952857e-01 6.0328231465958670e-02 1.2582817923776036e+01 4.7898859607136646e-07
-1.2649495872952857e-01 7.0382936710285046e-02 1.2541572826528606e+01 5.5290663764780145e-07
-1.2649495872952857e-01 8.0437641954611491e-02 1.2499799583777827e+01 6.3827671502551657e-07
-1.2649495872952857e-01 9.0492347198937936e-02 1.2458226486141335e+01 7.3513272717909981e-07
-1.2649495872952857e-01 1.0054705244326438e-01 1.2417340047473706e+01 8.4351229943222216e-07
-1.2649495872952857e-01 1.1060175768759083e-01 1.2377455998006809e+01 9.6345603988919830e-07
-1.2649495872952857e-01 1.2065646293191720e-01 1.2338772540224259e+01 1.0950064611195627e-06
-1.2649495872952857e-01 1.3071116817624365e-01 1.2301407820899627e+01 1.2382064949911335e-06
-1.2649495872952857e-01 1.4076587342057009e-01 1.2265425652870384e+01 1.3930975254255283e-06
-1.2649495872952857e-01 1.5082057866489645e-01 1.2230853094252653e+01 1.5597168614599462e-06
-1.2649495872952857e-01 1.6087528390922298e-01 1.2197692517779966e+01 1.7380945716225781e-06
-1.2649495872952857e-01 1.7092998915354934e-01 1.2165929952853563e+01 1.9282495999357186e-06
-1.2649495872952857e-01 1.8098469439787587e-01 1.2135540881495638e+01 2.1301850844080124e-06
-1.2649495872952857e-01 1.9103939964220223e-01 1.2106494273869696e+01 2.3438828006425427e-06
-1.2649495872952857e-01 2.0109410488652862e-01 1.2078755393564983e+01 2.5692966566137379e-06
-1.2649495872952857e-01 2.1114881013085512e-01 1.2052287736487438e+01 2.8063451701873170e-06
-1.2649495872952857e-01 2.2120351537518151e-01 1.2027054356776693e+01 3.0549028692840842e-06
-1.2649495872952857e-01 2.3125822061950801e-01 1.2003018758287212e+01 3.3147905663391303e-06
-1.2649495872952857e-01 2.4131292586383440e-01 1.1980145478422877e+01 3.5857644748028366e-06
-1.2649495872952857e-01 2.5136763110816079e-01 1.1958400454819149e+01 3.8675041571231293e-06
-1.2649495872952857e-01 2.6142233635248729e-01 1.1937751239634405e+01 4.1595993216167352e-06
-1.2649495872952857e-01 2.7147704159681368e-01 1.1918167107834009e+01 4.4615355219737990e-06
-1.2649495872952857e-01 2.8153174684114018e-01 1.1899619092656614e+01 4.7726788585378162e-06
-1.2649495872952857e-01 2.9158645208546657e-01 1.1882079971948123e+01 5.0922598375199684e-06
-1.2649495872952857e-01 3.0164115732979291e-01 1.1865524222183057e+01 5.4193566144431512e-06
-1.2649495872952857e-01 3.1169586257411946e-01 1.1849927952020479e+01 5.7528779343947921e-06
-1.2649495872952857e-01 3.2175056781844580e-01 1.1835268823629114e+01 6.0915461875857588e-06
-1.2649495872952857e-01 3.3180527306277235e-01 1.1821525967378104e+01 6.4338811287350015e-06
-1.2649495872952857e-01 3.4185997830709869e-01 1.1808679893548302e+01 6.7781849700942139e-06
-1.2649495872952857e-01 3.5191468355142524e-01 1.1796712403271796e+01 7.1225297598506566e-06
-1.2649495872952857e-01 3.6196938879575158e-01 1.1785606499809504e+01 7.4647482134833350e-06
-1.2649495872952857e-01 3.7202409404007797e-01 1.1775346300424927e+01 7.8024294940078559e-06
-1.2649495872952857e-01 3.8207879928440447e-01 1.1765916948445396e+01 8.1329218596717110e-06
-1.2649495872952857e-01 3.9213350452873086e-01 1.1757304524601532e+01 8.4533446386317811e-06
-1.2649495872952857e-01 4.0218820977305736e-01 1.1749495956450877e+01 8.7606126609480656e-06
-1.2649495872952857e-01 4.1224291501738375e-01 1.1742478924789602e+01 9.0514770492380914e-06
-1.2649495872952857e-01 4.2229762026171014e-01 1.1736241766825795e+01 9.3225869968228969e-06
-1.2649495872952857e-01 4.3235232550603664e-01 1.1730773378321363e+01 9.5705774410015104e-06
-1.2649495872952857e-01 4.4240703075036303e-01 1.1726063122384742e+01 9.7921860174778380e-06
-1.2649495872952857e-01 4.5246173599468953e-01 1.1722100765355215e+01 9.9843048428710352e-06
-1.2649495872952857e-01 4.6251644123901592e-01 1.1718876618567235e+01 1.0136199380169278e-05
-1.2649495872952857e-01 4.7257114648334225e-01 1.1716385246260547e+01 1.0012049918349144e-05
-1.2649495872952857e-01 4.8262585172766881e-01 1.1714642953483240e+01 8.5541272238246147e-06
-1.2649495872952857e-01 4.9268055697199514e-01 1.1713809964396749e+01 8.6364540432608680e-06
-1.2649495872952857e-01 5.0273526221632159e-01 1.1713616266482475e+01 9.4559202624200229e-06
-1.0842425033959587e-01 -5.0273526221632159e-01 1.1696007292821625e+01 9.4850273605151442e-06
-1.0842425033959587e-01 -4.9268055697199509e-01 1.1696166422907886e+01 8.7657348399710992e-06
-1.0842425033959587e-01 -4.8262585172766864e-01 1.1696901531333253e+01 8.9072726063893677e-06
-1.0842425033959587e-01 -4.7257114648334225e-01 1.1698507201282574e+01 1.0507936869099594e-05
-1.0842425033959587e-01 -4.6251644123901581e-01 1.1700834422378353e+01 1.0637503645865618e-05
-1.0842425033959587e-01 -4.5246173599468936e-01 1.1703850112504741e+01 1.0464663639087699e-05
-1.0842425033959587e-01 -4.4240703075036292e-01 1.1707555213096974e+01 1.0248845845503339e-05
-1.0842425033959587e-01 -4.3235232550603647e-01 1.1711957888922511e+01 1.0002418600918107e-05
-1.0842425033959587e-01 -4.2229762026171014e-01 1.1717066769067964e+01 9.7291392438001106e-06
-1.0842425033959587e-01 -4.1224291501738369e-01 1.1722890682638768e+01 9.4327362009708882e-06
-1.0842425033959587e-01 -4.0218820977305725e-01 1.1729438707897057e+01 9.1169022913617930e-06
-1.0842425033959587e-01 -3.9213350452873080e-01 1.1736720248407792e+01 8.7852117464645902e-06
-1.0842425033959587e-01 -3.8207879928440436e-01 1.1744745115451458e+01 8.4410606485204390e-06
-1.0842425033959587e-01 -3.7202409404007797e-01 1.1753523609429715e+01 8.0876268547246635e-06
-1.0842425033959587e-01 -3.6196938879575147e-01 1.1763066598222267e+01 7.7278452915434809e-06
-1.0842425033959587e-01 -3.5191468355142508e-01 1.1773385592855446e+01 7.3643951513370175e-06
-1.0842425033959587e-01 -3.4185997830709863e-01 1.1784492821809236e+01 6.9996961962782387e-06
-1.0842425033959587e-01 -3.3180527306277219e-01 1.1796401305568272e+01 6.6359119509122890e-06
-1.0842425033959587e-01 -3.2175056781844580e-01 1.1809124932997644e+01 6.2749580238830462e-06
-1.0842425033959587e-01 -3.1169586257411935e-01 1.1822678540972264e+01 5.9185141561573282e-06
-1.0842425033959587e-01 -3.0164115732979291e-01 1.1837077998489033e+01 5.5680388705145247e-06
-1.0842425033959587e-01 -2.9158645208546646e-01 1.1852340296267409e+01 5.2247858161502058e-06
-1.0842425033959587e-01 -2.8153174684114002e-01 1.1868483642595262e+01 4.8898210786783080e-06
-1.0842425033959587e-01 -2.7147704159681363e-01 1.1885527565885779e+01 4.5640408711776596e-06
-1.0842425033959587e-01 -2.6142233635248718e-01 1.1903493024047398e+01 4.2481891433166746e-06
-1.0842425033959587e-01 -2.5136763110816074e-01 1.1922402520292765e+01 3.9428747481695068e-06
-1.0842425033959587e-01 -2.4131292586383432e-01 1.1942280224364618e+01 3.6485878932628510e-06
-1.0842425033959587e-01 -2.3125822061950788e-01 1.1963152097257131e+01 3.3657156757370949e-06
-1.0842425033959587e-01 -2.2120351537518143e-01 1.1985046016238751e+01 3.0945565630871928e-06
-1.0842425033959587e-01 -2.1114881013085501e-01 1.2007991895150617e+01 2.8353337319694727e-06
-1.0842425033959587e-01 -2.0109410488652857e-01 1.2032021792250916e+01 2.5882072192888540e-06
-1.0842425033959587e-01 -1.9103939964220218e-01 1.2057169993750820e+01 2.3532848734048577e-06
-1.0842425033959587e-01 -1.8098469439787573e-01 1.2083473054611165e+01 2.1306321197120749e-06
-1.0842425033959587e-01 -1.7092998915354929e-01 1.2110969767133222e+01 1.9202805754768821e-06
-1.0842425033959587e-01 -1.6087528390922284e-01 1.2139701008340484e+01 1.7222355642921290e-06
-1.0842425033959587e-01 -1.5082057866489645e-01 1.2169709380862185e+01 1.5364825918680829e-06
-1.0842425033959587e-01 -1.4076587342057001e-01 1.2201038492060290e+01 1.3629928532029507e-06
-1.0842425033959587e-01 -1.3071116817624356e-01 1.2233731577979697e+01 1.2017278465390963e-06
-1.0842425033959587e-01 -1.2065646293191713e-01 1.2267828903327098e+01 1.0526431732738992e-06
-1.0842425033959587e-01 -1.1060175768759069e-01 1.2303362823073948e+01 9.1569160494383072e-07
-1.0842425033959587e-01 -1.0054705244326431e-01 1.2340348335684146e+01 7.9082549907824411e-07
-1.0842425033959587e-01 -9.0492347198937867e-02 1.2378765012875009e+01 6.7799864568138260e-07
-1.0842425033959587e-01 -8.0437641954611422e-02 1.2418522916585369e+01 5.7716762483713276e-07
-1.0842425033959587e-01 -7.0382936710284977e-02 1.2459400496112638e+01 4.8829275373852138e-07
-1.0842425033959587e-01 -6.0328231465958525e-02 1.2500938464370590e+01 4.1133869911901265e-07
-1.0842425033959587e-01 -5.0273526221632080e-02 1.2542277684805716e+01 3.4627482631660871e-07
-1.0842425033959587e-01 -4.0218820977305711e-02 1.2581956076182632e+01 2.9307535214991663e-07
-1.0842425033959587e-01 -3.0164115732979262e-02 1.2617752095043153e+01 2.5171936267889097e-07
-1.0842425033959587e-01 -2.0109410488652817e-02 1.2646747708627823e+01 2.2219074937311346e-07
-1.0842425033959587e-01 -1.0054705244326374e-02 1.2665797356343063e+01 2.0447810940312081e-07
-1.0842425033959587e-01 7.1065644079062674e-17 1.2672437409291431e+01 1.9857464826326603e-07
-1.0842425033959587e-01 1.0054705244326445e-02 1.2665797356343063e+01 2.0447810940806184e-07
-1.0842425033959587e-01 2.0109410488652890e-02 1.2646747708627831e+01 2.2219074933611895e-07
-1.0842425033959587e-01 3.0164115732979335e-02 1.2617752095043160e+01 2.5171936273137313e-07
-1.0842425033959587e-01 4.0218820977305780e-02 1.2581956076182641e+01 2.9307535211020391e-07
-1.0842425033959587e-01 5.0273526221632225e-02 1.2542277684805716e+01 3.4627482626982819e-07
-1.0842425033959587e-01 6.0328231465958670e-02 1.2500938464370593e+01 4.1133869911953633e-07
-1.0842425033959587e-01 7.0382936710285046e-02 1.2459400496112639e+01 4.8829275374377933e-07
-1.0842425033959587e-01 8.0437641954611491e-02 1.2418522916585372e+01 5.7716762482783096e-07
-1.0842425033959587e-01 9.0492347198937936e-02 1.2378765012875000e+01 6.7799864567494684e-07
-1.0842425033959587e-01 1.0054705244326438e-01 1.2340348335684144e+01 7.9082549906031528e-07
-1.0842425033959587e-01 1.1060175768759083e-01 1.2303362823073950e+01 9.1569160493443321e-07
-1.0842425033959587e-01 1.2065646293191720e-01 1.2267828903327104e+01 1.0526431732726196e-06
-1.0842425033959587e-01 1.3071116817624365e-01 1.2233731577979704e+01 1.2017278465350939e-06
-1.0842425033959587e-01 1.4076587342057009e-01 1.2201038492060283e+01 1.3629928532026917e-06
-1.0842425033959587e-01 1.5082057866489645e-01 1.2169709380862177e+01 1.5364825918670126e-06
-1.0842425033959587e-01 1.6087528390922298e-01 1.2139701008340491e+01 1.7222355642859251e-06
-1.0842425033959587e-01 1.7092998915354934e-01 1.2110969767133222e+01 1.9202805754781700e-06
-1.0842425033959587e-01 1.8098469439787587e-01 1.2083473054611154e+01 2.1306321197115192e-06
-1.0842425033959587e-01 1.9103939964220223e-01 1.2057169993750808e+01 2.3532848734049390e-06
-1.0842425033959587e-01 2.0109410488652862e-01 1.2032021792250925e+01 2.5882072192868431e-06
-1.0842425033959587e-01 2.1114881013085512e-01 1.2007991895150614e+01 2.8353337319661032e-06
-1.0842425033959587e-01 2.2120351537518151e-01 1.1985046016238751e+01 3.0945565630882825e-06
-1.0842425033959587e-01 2.3125822061950801e-01 1.1963152097257137e+01 3.3657156757389444e-06
-1.0842425033959587e-01 2.4131292586383440e-01 1.1942280224364627e+01 3.6485878932615821e-06
-1.0842425033959587e-01 2.5136763110816079e-01 1.1922402520292762e+01 3.9428747481700023e-06
-1.0842425033959587e-01 2.6142233635248729e-01 1.1903493024047405e+01 4.2481891433156336e-06
-1.0842425033959587e-01 2.7147704159681368e-01 1.1885527565885775e+01 4.5640408711775156e-06
-1.0842425033959587e-01 2.8153174684114018e-01 1.1868483642595262e+01 4.8898210786779683e-06
-1.0842425033959587e-01 2.9158645208546657e-01 1.1852340296267407e+01 5.2247858161503015e-06
-1.0842425033959587e-01 3.0164115732979291e-01 1.1837077998489040e+01 5.5680388705150490e-06
-1.0842425033959587e-01 3.1169586257411946e-01 1.1822678540972278e+01 5.9185141561565057e-06
-1.0842425033959587e-01 3.2175056781844580e-01 1.1809124932997648e+01 6.2749580238841736e-06
-1.0842425033959587e-01 3.3180527306277235e-01 1.1796401305568278e+01 6.6359119509121247e-06
-1.0842425033959587e-01 3.4185997830709869e-01 1.1784492821809231e+01 6.9996961962779296e-06
-1.0842425033959587e-01 3.5191468355142524e-01 1.1773385592855446e+01 7.3643951513373072e-06
-1.0842425033959587e-01 3.6196938879575158e-01 1.1763066598222263e+01 7.7278452915434199e-06
-1.0842425033959587e-01 3.7202409404007797e-01 1.1753523609429720e+01 8.0876268547253191e-06
-1.0842425033959587e-01 3.8207879928440447e-01 1.1744745115451455e+01 8.4410606485198427e-06
-1.0842425033959587e-01 3.9213350452873086e-01 1.1736720248407797e+01 8.7852117464655372e-06
-1.0842425033959587e-01 4.0218820977305736e-01 1.1729438707897042e+01 9.1169022913619235e-06
-1.0842425033959587e-01 4.1224291501738375e-01 1.1722890682638772e+01 9.4327362009702376e-06
-1.0842425033959587e-01 4.2229762026171014e-01 1.1717066769067969e+01 9.7291392437994702e-06
-1.0842425033959587e-01 4.3235232550603664e-01 1.1711957888922500e+01 1.0002418600917863e-05
-1.0842425033959587e-01 4.4240703075036303e-01 1.1707555213096978e+01 1.0248845845502734e-05
-1.0842425033959587e-01 4.5246173599468953e-01 1.1703850112504737e+01 1.0464663639087642e-05
-1.0842425033959587e-01 4.6251644123901592e-01 1.1700834422378339e+01 1.0637503645865181e-05
-1.0842425033959587e-01 4.7257114648334225e-01 1.1698507201282577e+01 1.0507936869099829e-05
-1.0842425033959587e-01 4.8262585172766881e-01 1.1696901531333253e+01 8.9072726063901673e-06
-1.0842425033959587e-01 4.9268055697199514e-01 1.1696166422907892e+01 8.7657348399719818e-06
-1.0842425033959587e-01 5.0273526221632159e-01 1.1696007292821628e+01 9.4850273605159879e-06
-9.0353541949663177e-02 -5.0273526221632159e-01 1.1680593986671767e+01 9.3925218872264235e-06
-9.0353541949663177e-02 -4.9268055697199509e-01 1.1680723231231605e+01 8.7742699089216520e-06
-9.0353541949663177e-02 -4.8262585172766864e-01 1.1681372098199633e+01 9.1558450628587210e-06
-9.0353541949663177e-02 -4.7257114648334225e-01 1.1682858282926881e+01 1.0923915949912334e-05
-9.0353541949663177e-02 -4.6251644123901581e-01 1.1685046526842536e+01 1.1066553860888661e-05
-9.0353541949663177e-02 -4.5246173599468936e-01 1.1687886588025547e+01 1.0877640869880257e-05
-9.0353541949663177e-02 -4.4240703075036292e-01 1.1691374960501816e+01 1.0643181132329277e-05
-9.0353541949663177e-02 -4.3235232550603647e-01 1.1695518498222780e+01 1.0377084465455164e-05
-9.0353541949663177e-02 -4.2229762026171014e-01 1.1700324478550320e+01 1.0083608877272052e-05
-9.0353541949663177e-02 -4.1224291501738369e-01 1.1705800214686398e+01 9.7668471924433441e-06
-9.0353541949663177e-02 -4.0218820977305725e-01 1.1711953095022439e+01 9.4307559286063365e-06
-9.0353541949663177e-02 -3.9213350452873080e-01 1.1718790650225952e+01 9.0790962670674824e-06
-9.0353541949663177e-02 -3.8207879928440436e-01 1.1726320626924114e+01 8.7153944482075347e-06
-9.0353541949663177e-02 -3.7202409404007797e-01 1.1734551061221948e+01 8.3429171942384284e-06
-9.0353541949663177e-02 -3.6196938879575147e-01 1.1743490350362492e+01 7.9646585518952624e-06
-9.0353541949663177e-02 -3.5191468355142508e-01 1.1753147323266630e+01 7.5833354862589592e-06
-9.0353541949663177e-02 -3.4185997830709863e-01 1.1763531311808382e+01 7.2013902065829556e-06
-9.0353541949663177e-02 -3.3180527306277219e-01 1.1774652225208936e+01 6.8209976508206709e-06
-9.0353541949663177e-02 -3.2175056781844580e-01 1.1786520630253881e+01 6.4440768670400773e-06
-9.0353541949663177e-02 -3.1169586257411935e-01 1.1799147840351020e+01 6.0723052562838279e-06
-9.0353541949663177e-02 -3.0164115732979291e-01 1.1812546016869357e+01 5.7071348148620926e-06
-9.0353541949663177e-02 -2.9158645208546646e-01 1.1826728286815905e+01 5.3498096547024568e-06
-9.0353541949663177e-02 -2.8153174684114002e-01 1.1841708881793936e+01 5.0013841996473772e-06
-9.0353541949663177e-02 -2.7147704159681363e-01 1.1857503304447949e+01 4.6627415602128842e-06
-9.0353541949663177e-02 -2.6142233635248718e-01 1.1874128530363564e+01 4.3346116824215046e-06
-9.0353541949663177e-02 -2.5136763110816074e-01 1.1891603255848549e+01 4.0175889493637997e-06
-9.0353541949663177e-02 -2.4131292586383432e-01 1.1909948205436987e+01 3.7121489878897589e-06
-9.0353541949663177e-02 -2.3125822061950788e-01 1.1929186517714109e+01 3.4186644974356018e-06
-9.0353541949663177e-02 -2.2120351537518143e-01 1.1949344234690528e+01 3.1374199737001368e-06
-9.0353541949663177e-02 -2.1114881013085501e-01 1.1970450929211101e+01 2.8686252472786562e-06
-9.0353541949663177e-02 -2.0109410488652857e-01 1.1992540517794819e+01 2.6124277965304686e-06
-9.0353541949663177e-02 -1.9103939964220218e-01 1.2015652324215674e+01 2.3689238261692119e-06
-9.0353541949663177e-02 -1.8098469439787573e-01 1.2039832483705894e+01 2.1381681285341899e-06
-9.0353541949663177e-02 -1.7092998915354929e-01 1.2065135810577930e+01 1.9201827644517858e-06
-9.0353541949663177e-02 -1.6087528390922284e-01 1.2091628294192647e+01 1.7149646159552001e-06
-9.0353541949663177e-02 -1.5082057866489645e-01 1.2119390437263908e+01 1.5224918741925092e-06
-9.0353541949663177e-02 -1.4076587342057001e-01 1.2148521695307581e+01 1.3427295342581979e-06
-9.0353541949663177e-02 -1.3071116817624356e-01 1.2179146283141645e+01 1.1756339741939911e-06
-9.0353541949663177e-02 -1.2065646293191713e-01 1.2211420497935817e+01 1.0211566992502595e-06
-9.0353541949663177e-02 -1.1060175768759069e-01 1.2245541266059220e+01 8.7924733483229124e-07
-9.0353541949663177e-02 -1.0054705244326431e-01 1.2281754404511465e+01 7.4985595243149997e-07
-9.0353541949663177e-02 -9.0492347198937867e-02 1.2320358160087277e+01 6.3293481324000126e-07
-9.0353541949663177e-02 -8.0437641954611422e-02 1.2361691077022524e+01 5.2843961314327119e-07
-9.0353541949663177e-02 -7.0382936710284977e-02 1.2406079485148529e+01 4.3633031092502531e-07
-9.0353541949663177e-02 -6.0328231465958525e-02 1.2453692709705329e+01 3.5657161955353245e-07
-9.0353541949663177e-02 -5.0273526221632080e-02 1.2504216295726906e+01 2.8913323556715921e-07
-9.0353541949663177e-02 -4.0218820977305711e-02 1.2556264043739365e+01 2.3398987804863388e-07
-9.0353541949663177e-02 -3.0164115732979262e-02 1.2606612160962001e+01 1.9112120138380465e-07
-9.0353541949663177e-02 -2.0109410488652817e-02 1.2649874968365783e+01 1.6051164131887158e-07
-9.0353541949663177e-02 -1.0054705244326374e-02 1.2679189291806289e+01 1.4215023950539031e-07
-9.0353541949663177e-02 7.1065644079062674e-17 1.2689174188323307e+01 1.3603049088761325e-07
-9.0353541949663177e-02 1.0054705244326445e-02 1.2679189291806290e+01 1.4215024013794539e-07
-9.0353541949663177e-02 2.0109410488652890e-02 1.2649874968365779e+01 1.6051164168974276e-07
-9.0353541949663177e-02 3.0164115732979335e-02 1.2606612160962001e+01 1.9112120157539189e-07
-9.0353541949663177e-02 4.0218820977305780e-02 1.2556264043739370e+01 2.3398987792099509e-07
-9.0353541949663177e-02 5.0273526221632225e-02 1.2504216295726899e+01 2.8913323549860619e-07
-9.0353541949663177e-02 6.0328231465958670e-02 1.2453692709705326e+01 3.5657161956261905e-07
-9.0353541949663177e-02 7.0382936710285046e-02 1.2406079485148529e+01 4.3633031095066913e-07
-9.0353541949663177e-02 8.0437641954611491e-02 1.2361691077022522e+01 5.2843961313265585e-07
-9.0353541949663177e-02 9.0492347198937936e-02 1.2320358160087272e+01 6.3293481323253551e-07
-9.0353541949663177e-02 1.0054705244326438e-01 1.2281754404511462e+01 7.4985595241327860e-07
-9.0353541949663177e-02 1.1060175768759083e-01 1.2245541266059218e+01 8.7924733482087779e-07
-9.0353541949663177e-02 1.2065646293191720e-01 1.2211420497935826e+01 1.0211566992515859e-06
-9.0353541949663177e-02 1.3071116817624365e-01 1.2179146283141636e+01 1.1756339741923771e-06
-9.0353541949663177e-02 1.4076587342057009e-01 1.2148521695307565e+01 1.3427295342599001e-06
-9.0353541949663177e-02 1.5082057866489645e-01 1.2119390437263910e+01 1.5224918741905653e-06
-9.0353541949663177e-02 1.6087528390922298e-01 1.2091628294192661e+01 1.7149646159513005e-06
-9.0353541949663177e-02 1.7092998915354934e-01 1.2065135810577917e+01 1.9201827644521106e-06
-9.0353541949663177e-02 1.8098469439787587e-01 1.2039832483705885e+01 2.1381681285321520e-06
-9.0353541949663177e-02 1.9103939964220223e-01 1.2015652324215667e+01 2.3689238261689387e-06
-9.0353541949663177e-02 2.0109410488652862e-01 1.1992540517794829e+01 2.6124277965271173e-06
-9.0353541949663177e-02 2.1114881013085512e-01 1.1970450929211108e+01 2.8686252472752638e-06
-9.0353541949663177e-02 2.2120351537518151e-01 1.1949344234690521e+01 3.1374199737007675e-06
-9.0353541949663177e-02 2.3125822061950801e-01 1.1929186517714109e+01 3.4186644974358216e-06
-9.0353541949663177e-02 2.4131292586383440e-01 1.1909948205436972e+01 3.7121489878880962e-06
-9.0353541949663177e-02 2.5136763110816079e-01 1.1891603255848551e+01 4.0175889493624699e-06
-9.0353541949663177e-02 2.6142233635248729e-01 1.1874128530363564e+01 4.3346116824200222e-06
-9.0353541949663177e-02 2.7147704159681368e-01 1.1857503304447942e+01 4.6627415602127800e-06
-9.0353541949663177e-02 2.8153174684114018e-01 1.1841708881793927e+01 5.0013841996481251e-06
-9.0353541949663177e-02 2.9158645208546657e-01 1.1826728286815891e+01 5.3498096547030218e-06
-9.0353541949663177e-02 3.0164115732979291e-01 1.1812546016869369e+01 5.7071348148615056e-06
-9.0353541949663177e-02 3.1169586257411946e-01 1.1799147840351004e+01 6.0723052562827352e-06
-9.0353541949663177e-02 3.2175056781844580e-01 1.1786520630253898e+01 6.4440768670402789e-06
-9.0353541949663177e-02 3.3180527306277235e-01 1.1774652225208936e+01 6.8209976508192504e-06
-9.0353541949663177e-02 3.4185997830709869e-01 1.1763531311808386e+01 7.2013902065824144e-06
-9.0353541949663177e-02 3.5191468355142524e-01 1.1753147323266640e+01 7.5833354862595682e-06
-9.0353541949663177e-02 3.6196938879575158e-01 1.1743490350362494e+01 7.9646585518949592e-06
-9.0353541949663177e-02 3.7202409404007797e-01 1.1734551061221950e+01 8.3429171942385995e-06
-9.0353541949663177e-02 3.8207879928440447e-01 1.1726320626924114e+01 8.7153944482074720e-06
-9.0353541949663177e-02 3.9213350452873086e-01 1.1718790650225964e+01 9.0790962670665625e-06
-9.0353541949663177e-02 4.0218820977305736e-01 1.1711953095022427e+01 9.4307559286063348e-06
-9.0353541949663177e-02 4.1224291501738375e-01 1.1705800214686406e+01 9.7668471924427885e-06
-9.0353541949663177e-02 4.2229762026171014e-01 1.1700324478550330e+01 1.0083608877271981e-05
-9.0353541949663177e-02 4.3235232550603664e-01 1.1695518498222782e+01 1.0377084465454500e-05
-9.0353541949663177e-02 4.4240703075036303e-01 1.1691374960501818e+01 1.0643181132329106e-05
-9.0353541949663177e-02 4.5246173599468953e-01 1.1687886588025552e+01 1.0877640869880945e-05
-9.0353541949663177e-02 4.6251644123901592e-01 1.1685046526842548e+01 1.1066553860888878e-05
-9.0353541949663177e-02 4.7257114648334225e-01 1.1682858282926878e+01 1.0923915949913135e-05
-9.0353541949663177e-02 4.8262585172766881e-01 1.1681372098199637e+01 9.1558450628582551e-06
-9.0353541949663177e-02 4.9268055697199514e-01 1.1680723231231603e+01 8.7742699089215419e-06
-9.0353541949663177e-02 5.0273526221632159e-01 1.1680593986671767e+01 9.3925218872265777e-06
-7.2282833559730628e-02 -5.0273526221632159e-01 1.1667705093647697e+01 9.1961417628226990e-06
-7.2282833559730628e-02 -4.9268055697199509e-01 1.1667809250689805e+01 8.6763762473962483e-06
-7.2282833559730628e-02 -4.8262585172766864e-01 1.1668384394957430e+01 9.3048442756010766e-06
-7.2282833559730628e-02 -4.7257114648334225e-01 1.1669769595410372e+01 1.1257413553564900e-05
-7.2282833559730628e-02 -4.6251644123901581e-01 1.1671844865590989e+01 1.1419176342143004e-05
-7.2282833559730628e-02 -4.5246173599468936e-01 1.1674543022707628e+01 1.1218460394275722e-05
-7.2282833559730628e-02 -4.4240703075036292e-01 1.1677856287641863e+01 1.0969860828572071e-05
-7.2282833559730628e-02 -4.3235232550603647e-01 1.1681790420135291e+01 1.0688735131383074e-05
-7.2282833559730628e-02 -4.2229762026171014e-01 1.1686351596086505e+01 1.0379713449895118e-05
-7.2282833559730628e-02 -4.1224291501738369e-01 1.1691545899627915e+01 1.0047162130498589e-05
-7.2282833559730628e-02 -4.0218820977305725e-01 1.1697379357091359e+01 9.6952409071273745e-06
-7.2282833559730628e-02 -3.9213350452873080e-01 1.1703858000029109e+01 9.3278600986357990e-06
-7.2282833559730628e-02 -3.8207879928440436e-01 1.1710987935650586e+01 8.9486545977477902e-06
-7.2282833559730628e-02 -3.7202409404007797e-01 1.1718775418465373e+01 8.5609698953156837e-06
-7.2282833559730628e-02 -3.6196938879575147e-01 1.1727226921903060e+01 8.1678568485423411e-06
-7.2282833559730628e-02 -3.5191468355142508e-01 1.1736349211188490e+01 7.7720730573849329e-06
-7.2282833559730628e-02 -3.4185997830709863e-01 1.1746149420061940e+01 7.3760893570969648e-06
-7.2282833559730628e-02 -3.3180527306277219e-01 1.1756635134759019e+01 6.9821002954434780e-06
-7.2282833559730628e-02 -3.2175056781844580e-01 1.1767814489395086e+01 6.5920376745898600e-06
-7.2282833559730628e-02 -3.1169586257411935e-01 1.1779696277765350e+01 6.2075863740651076e-06
-7.2282833559730628e-02 -3.0164115732979291e-01 1.1792290087742323e+01 5.8302017724616810e-06
-7.2282833559730628e-02 -2.9158645208546646e-01 1.1805606466082255e+01 5.4611281713145193e-06
-7.2282833559730628e-02 -2.8153174684114002e-01 1.1819657123732666e+01 5.1014177040059994e-06
-7.2282833559730628e-02 -2.7147704159681363e-01 1.1834455194916377e+01 4.7519492889562556e-06
-7.2282833559730628e-02 -2.6142233635248718e-01 1.1850015567711047e+01 4.4134472598315699e-06
-7.2282833559730628e-02 -2.5136763110816074e-01 1.1866355310065254e+01 4.0864993755126503e-06
-7.2282833559730628e-02 -2.4131292586383432e-01 1.1883494223940694e+01 3.7715739774699347e-06
-7.2282833559730628e-02 -2.3125822061950788e-01 1.1901455572649638e+01 3.4690361212736876e-06
-7.2282833559730628e-02 -2.2120351537518143e-01 1.1920267044087486e+01 3.1791625611295842e-06
-7.2282833559730628e-02 -2.1114881013085501e-01 1.1939962037853441e+01 2.9021555114559989e-06
-7.2282833559730628e-02 -2.0109410488652857e-01 1.1960581400789387e+01 2.6381551476395023e-06
-7.2282833559730628e-02 -1.9103939964220218e-01 1.1982175788601211e+01 2.3872508392962418e-06
-7.2282833559730628e-02 -1.8098469439787573e-01 1.2004808908938598e+01 2.1494911346792016e-06
-7.2282833559730628e-02 -1.7092998915354929e-01 1.2028562015443955e+01 1.9248925346076430e-06
-7.2282833559730628e-02 -1.6087528390922284e-01 1.2053540190187693e+01 1.7134471094133149e-06
-7.2282833559730628e-02 -1.5082057866489645e-01 1.2079881198305289e+01 1.5151290238720516e-06
-7.2282833559730628e-02 -1.4076587342057001e-01 1.2107768056868307e+01 1.3299000432508632e-06
-7.2282833559730628e-02 -1.3071116817624356e-01 1.2137446969823021e+01 1.1577140994511257e-06
-7.2282833559730628e-02 -1.2065646293191713e-01 1.2169252975380425e+01 9.9852100048860481e-07
-7.2282833559730628e-02 -1.1060175768759069e-01 1.2203646515123674e+01 8.5226936864766038e-07
-7.2282833559730628e-02 -1.0054705244326431e-01 1.2241264965576208e+01 7.1890889446427377e-07
-7.2282833559730628e-02 -9.0492347198937867e-02 1.2282993059675645e+01 5.9839199407270458e-07
-7.2282833559730628e-02 -8.0437641954611422e-02 1.2330050945496843e+01 4.9067495659750087e-07
-7.2282833559730628e-02 -7.0382936710284977e-02 1.2384068372034863e+01 3.9571866742223537e-07
-7.2282833559730628e-02 -6.0328231465958525e-02 1.2446983471476557e+01 3.1348899037823009e-07
-7.2282833559730628e-02 -5.0273526221632080e-02 1.2520288056156479e+01 2.4395688877536015e-07
-7.2282833559730628e-02 -4.0218820977305711e-02 1.2602971506115237e+01 1.8709835856087359e-07
-7.2282833559730628e-02 -3.0164115732979262e-02 1.2688739834725032e+01 1.4289424692715491e-07
-7.2282833559730628e-02 -2.0109410488652817e-02 1.2765101586987281e+01 1.1133001246578507e-07
-7.2282833559730628e-02 -1.0054705244326374e-02 1.2815677852661025e+01 9.2395476018556951e-08
-7.2282833559730628e-02 7.1065644079062674e-17 1.2828834532398565e+01 8.6084625175807679e-08
-7.2282833559730628e-02 1.0054705244326445e-02 1.2815677852661032e+01 9.2395475689649650e-08
-7.2282833559730628e-02 2.0109410488652890e-02 1.2765101586987271e+01 1.1133001345056781e-07
-7.2282833559730628e-02 3.0164115732979335e-02 1.2688739834725029e+01 1.4289424800868824e-07
-7.2282833559730628e-02 4.0218820977305780e-02 1.2602971506115232e+01 1.8709835861110428e-07
-7.2282833559730628e-02 5.0273526221632225e-02 1.2520288056156479e+01 2.4395688839866840e-07
-7.2282833559730628e-02 6.0328231465958670e-02 1.2446983471476560e+01 3.1348899034377200e-07
-7.2282833559730628e-02 7.0382936710285046e-02 1.2384068372034866e+01 3.9571866736925399e-07
-7.2282833559730628e-02 8.0437641954611491e-02 1.2330050945496845e+01 4.9067495652509342e-07
-7.2282833559730628e-02 9.0492347198937936e-02 1.2282993059675645e+01 5.9839199401826408e-07
-7.2282833559730628e-02 1.0054705244326438e-01 1.2241264965576214e+01 7.1890889440767757e-07
-7.2282833559730628e-02 1.1060175768759083e-01 1.2203646515123676e+01 8.5226936860402505e-07
-7.2282833559730628e-02 1.2065646293191720e-01 1.2169252975380415e+01 9.9852100047473846e-07
-7.2282833559730628e-02 1.3071116817624365e-01 1.2137446969823023e+01 1.1577140994429435e-06
-7.2282833559730628e-02 1.4076587342057009e-01 1.2107768056868300e+01 1.3299000432373780e-06
-7.2282833559730628e-02 1.5082057866489645e-01 1.2079881198305298e+01 1.5151290238713676e-06
-7.2282833559730628e-02 1.6087528390922298e-01 1.2053540190187695e+01 1.7134471094031458e-06
-7.2282833559730628e-02 1.7092998915354934e-01 1.2028562015443944e+01 1.9248925346036814e-06
-7.2282833559730628e-02 1.8098469439787587e-01 1.2004808908938587e+01 2.1494911346781788e-06
-7.2282833559730628e-02 1.9103939964220223e-01 1.1982175788601216e+01 2.3872508392923454e-06
-7.2282833559730628e-02 2.0109410488652862e-01 1.1960581400789385e+01 2.6381551476372500e-06
-7.2282833559730628e-02 2.1114881013085512e-01 1.1939962037853446e+01 2.9021555114519399e-06
-7.2282833559730628e-02 2.2120351537518151e-01 1.1920267044087476e+01 3.1791625611289532e-06
-7.2282833559730628e-02 2.3125822061950801e-01 1.1901455572649638e+01 3.4690361212731349e-06
-7.2282833559730628e-02 2.4131292586383440e-01 1.1883494223940710e+01 3.7715739774684274e-06
-7.2282833559730628e-02 2.5136763110816079e-01 1.1866355310065247e+01 4.0864993755108580e-06
-7.2282833559730628e-02 2.6142233635248729e-01 1.1850015567711061e+01 4.4134472598312972e-06
-7.2282833559730628e-02 2.7147704159681368e-01 1.1834455194916371e+01 4.7519492889557855e-06
-7.2282833559730628e-02 2.8153174684114018e-01 1.1819657123732670e+01 5.1014177040055352e-06
-7.2282833559730628e-02 2.9158645208546657e-01 1.1805606466082263e+01 5.4611281713139671e-06
-7.2282833559730628e-02 3.0164115732979291e-01 1.1792290087742336e+01 5.8302017724608145e-06
-7.2282833559730628e-02 3.1169586257411946e-01 1.1779696277765346e+01 6.2075863740649661e-06
-7.2282833559730628e-02 3.2175056781844580e-01 1.1767814489395075e+01 6.5920376745902047e-06
-7.2282833559730628e-02 3.3180527306277235e-01 1.1756635134759037e+01 6.9821002954429173e-06
-7.2282833559730628e-02 3.4185997830709869e-01 1.1746149420061947e+01 7.3760893570958306e-06
-7.2282833559730628e-02 3.5191468355142524e-01 1.1736349211188490e+01 7.7720730573858274e-06
-7.2282833559730628e-02 3.6196938879575158e-01 1.1727226921903066e+01 8.1678568485415687e-06
-7.2282833559730628e-02 3.7202409404007797e-01 1.1718775418465365e+01 8.5609698953160564e-06
-7.2282833559730628e-02 3.8207879928440447e-01 1.1710987935650580e+01 8.9486545977481325e-06
-7.2282833559730628e-02 3.9213350452873086e-01 1.1703858000029101e+01 9.3278600986353331e-06
-7.2282833559730628e-02 4.0218820977305736e-01 1.1697379357091371e+01 9.6952409071277607e-06
-7.2282833559730628e-02 4.1224291501738375e-01 1.1691545899627910e+01 1.0047162130498352e-05
-7.2282833559730628e-02 4.2229762026171014e-01 1.1686351596086503e+01 1.0379713449895489e-05
-7.2282833559730628e-02 4.3235232550603664e-01 1.1681790420135293e+01 1.0688735131383511e-05
-7.2282833559730628e-02 4.4240703075036303e-01 1.1677856287641868e+01 1.0969860828571820e-05
-7.2282833559730628e-02 4.5246173599468953e-01 1.1674543022707635e+01 1.1218460394276134e-05
-7.2282833559730628e-02 4.6251644123901592e-01 1.1671844865590993e+01 1.1419176342142586e-05
-7.2282833559730628e-02 4.7257114648334225e-01 1.1669769595410376e+01 1.1257413553565363e-05
-7.2282833559730628e-02 4.8262585172766881e-01 1.1668384394957437e+01 9.3048442756006463e-06
-7.2282833559730628e-02 4.9268055697199514e-01 1.1667809250689801e+01 8.6763762473957842e-06
-7.2282833559730628e-02 5.0273526221632159e-01 1.1667705093647697e+01 9.1961417628223805e-06
-5.4212125169797933e-02 -5.0273526221632159e-01 1.1657559175290530e+01 8.9356438133702509e-06
-5.4212125169797933e-02 -4.9268055697199509e-01 1.1657643248522954e+01 8.5058740935078412e-06
-5.4212125169797933e-02 -4.8262585172766864e-01 1.1658158365795597e+01 9.3706232850882229e-06
-5.4212125169797933e-02 -4.7257114648334225e-01 1.1659462428597795e+01 1.1509483401270640e-05
-5.4212125169797933e-02 -4.6251644123901581e-01 1.1661450736050844e+01 1.1693570846733354e-05
-5.4212125169797933e-02 -4.5246173599468936e-01 1.1664040422916843e+01 1.1484641872288785e-05
-5.4212125169797933e-02 -4.4240703075036292e-01 1.1667219832791975e+01 1.1225799969018476e-05
-5.4212125169797933e-02 -4.3235232550603647e-01 1.1670993853250012e+01 1.0933714530928056e-05
-5.4212125169797933e-02 -4.2229762026171014e-01 1.1675367804744562e+01 1.0613280459773681e-05
-5.4212125169797933e-02 -4.1224291501738369e-01 1.1680346821971870e+01 1.0269059497181619e-05
-5.4212125169797933e-02 -4.0218820977305725e-01 1.1685935885796425e+01 9.9053598906137440e-06
-5.4212125169797933e-02 -3.9213350452873080e-01 1.1692139885835022e+01 9.5262041507837701e-06
-5.4212125169797933e-02 -3.8207879928440436e-01 1.1698963691501271e+01 9.1353119089048726e-06
-5.4212125169797933e-02 -3.7202409404007797e-01 1.1706412225826778e+01 8.7360928694346807e-06
-5.4212125169797933e-02 -3.6196938879575147e-01 1.1714490541328454e+01 8.3316467604944379e-06
-5.4212125169797933e-02 -3.5191468355142508e-01 1.1723203899803931e+01 7.9247684922703072e-06
-5.4212125169797933e-02 -3.4185997830709863e-01 1.1732557859461892e+01 7.5179573784506148e-06
-5.4212125169797933e-02 -3.3180527306277219e-01 1.1742558373932628e+01 7.1134295818661903e-06
-5.4212125169797933e-02 -3.2175056781844580e-01 1.1753211908865895e+01 6.7131330908125686e-06
-5.4212125169797933e-02 -3.1169586257411935e-01 1.1764525583275987e+01 6.3187646088205233e-06
-5.4212125169797933e-02 -3.0164115732979291e-01 1.1776507344762100e+01 5.9317877930955358e-06
-5.4212125169797933e-02 -2.9158645208546646e-01 1.1789166190460744e+01 5.5534523256756926e-06
-5.4212125169797933e-02 -2.8153174684114002e-01 1.1802512449391243e+01 5.1848133537172060e-06
-5.4212125169797933e-02 -2.7147704159681363e-01 1.1816558147176663e+01 4.8267508928730896e-06
-5.4212125169797933e-02 -2.6142233635248718e-01 1.1831317481599369e+01 4.4799888482353833e-06
-5.4212125169797933e-02 -2.5136763110816074e-01 1.1846807448018156e+01 4.1451133687803178e-06
-5.4212125169797933e-02 -2.4131292586383432e-01 1.1863048668729659e+01 3.8225903107980171e-06
-5.4212125169797933e-02 -2.3125822061950788e-01 1.1880066501999709e+01 3.5127816413678129e-06
-5.4212125169797933e-02 -2.2120351537518143e-01 1.1897892537916956e+01 3.2159606633377348e-06
-5.4212125169797933e-02 -2.1114881013085501e-01 1.1916566634368390e+01 2.9323259871783604e-06
-5.4212125169797933e-02 -2.0109410488652857e-01 1.1936139715012445e+01 2.6620142127803647e-06
-5.4212125169797933e-02 -1.9103939964220218e-01 1.1956677654366626e+01 2.4051113152250187e-06
-5.4212125169797933e-02 -1.8098469439787573e-01 1.1978266732742645e+01 2.1616627538469375e-06
-5.4212125169797933e-02 -1.7092998915354929e-01 1.2001021388065162e+01 1.9316823437486629e-06
-5.4212125169797933e-02 -1.6087528390922284e-01 1.2025095376573480e+01 1.7151599441391674e-06
-5.4212125169797933e-02 -1.5082057866489645e-01 1.2050698072152311e+01 1.5120680295284984e-06
-5.4212125169797933e-02 -1.4076587342057001e-01 1.2078118645840854e+01 1.3223672181562423e-06
-5.4212125169797933e-02 -1.3071116817624356e-01 1.2107762564470240e+01 1.1460108380479555e-06
-5.4212125169797933e-02 -1.2065646293191713e-01 1.2140207781227499e+01 9.8294861572307518e-07
-5.4212125169797933e-02 -1.1060175768759069e-01 1.2176293264138435e+01 8.3312957479729479e-07
-5.4212125169797933e-02 -1.0054705244326431e-01 1.2217262370244303e+01 6.9650423394965387e-07
-5.4212125169797933e-02 -9.0492347198937867e-02 1.2265001104017077e+01 5.7302619449776315e-07
-5.4212125169797933e-02 -8.0437641954611422e-02 1.2322425370151050e+01 4.6265320694202760e-07
-5.4212125169797933e-02 -7.0382936710284977e-02 1.2393971510432959e+01 3.6534780570297234e-07
-5.4212125169797933e-02 -6.0328231465958525e-02 1.2485605841482506e+01 2.8107759896834601e-07
-5.4212125169797933e-02 -5.0273526221632080e-02 1.2602145375063449e+01 2.0981529529830564e-07
-5.4212125169797933e-02 -4.0218820977305711e-02 1.2739044542279320e+01 1.5153854307327589e-07
-5.4212125169797933e-02 -3.0164115732979262e-02 1.2877067450614376e+01 1.0622967607042884e-07
-5.4212125169797933e-02 -2.0109410488652817e-02 1.2991680509582016e+01 7.3875402460750011e-08
-5.4212125169797933e-02 -1.0054705244326374e-02 1.3065145755217811e+01 5.4466464878351668e-08
-5.4212125169797933e-02 7.1065644079062674e-17 1.3074424249322805e+01 4.7997419909108545e-08
-5.4212125169797933e-02 1.0054705244326445e-02 1.3065145755217806e+01 5.4466460390375390e-08
-5.4212125169797933e-02 2.0109410488652890e-02 1.2991680509582025e+01 7.3875408408984289e-08
-5.4212125169797933e-02 3.0164115732979335e-02 1.2877067450614375e+01 1.0622969273933373e-07
-5.4212125169797933e-02 4.0218820977305780e-02 1.2739044542279322e+01 1.5153854648915045e-07
-5.4212125169797933e-02 5.0273526221632225e-02 1.2602145375063438e+01 2.0981529343520696e-07
-5.4212125169797933e-02 6.0328231465958670e-02 1.2485605841482498e+01 2.8107759832829080e-07
-5.4212125169797933e-02 7.0382936710285046e-02 1.2393971510432950e+01 3.6534780566789173e-07
-5.4212125169797933e-02 8.0437641954611491e-02 1.2322425370151050e+01 4.6265320680819089e-07
-5.4212125169797933e-02 9.0492347198937936e-02 1.2265001104017077e+01 5.7302619444050753e-07
-5.4212125169797933e-02 1.0054705244326438e-01 1.2217262370244320e+01 6.9650423389864788e-07
-5.4212125169797933e-02 1.1060175768759083e-01 1.2176293264138433e+01 8.3312957474669050e-07
-5.4212125169797933e-02 1.2065646293191720e-01 1.2140207781227508e+01 9.8294861570477991e-07
-5.4212125169797933e-02 1.3071116817624365e-01 1.2107762564470242e+01 1.1460108380392452e-06
-5.4212125169797933e-02 1.4076587342057009e-01 1.2078118645840844e+01 1.3223672181403149e-06
-5.4212125169797933e-02 1.5082057866489645e-01 1.2050698072152310e+01 1.5120680295280008e-06
-5.4212125169797933e-02 1.6087528390922298e-01 1.2025095376573487e+01 1.7151599441276738e-06
-5.4212125169797933e-02 1.7092998915354934e-01 1.2001021388065171e+01 1.9316823437448745e-06
-5.4212125169797933e-02 1.8098469439787587e-01 1.1978266732742650e+01 2.1616627538449953e-06
-5.4212125169797933e-02 1.9103939964220223e-01 1.1956677654366633e+01 2.4051113152213082e-06
-5.4212125169797933e-02 2.0109410488652862e-01 1.1936139715012438e+01 2.6620142127787511e-06
-5.4212125169797933e-02 2.1114881013085512e-01 1.1916566634368385e+01 2.9323259871749528e-06
-5.4212125169797933e-02 2.2120351537518151e-01 1.1897892537916947e+01 3.2159606633371343e-06
-5.4212125169797933e-02 2.3125822061950801e-01 1.1880066501999716e+01 3.5127816413681805e-06
-5.4212125169797933e-02 2.4131292586383440e-01 1.1863048668729659e+01 3.8225903107965060e-06
-5.4212125169797933e-02 2.5136763110816079e-01 1.1846807448018149e+01 4.1451133687800442e-06
-5.4212125169797933e-02 2.6142233635248729e-01 1.1831317481599386e+01 4.4799888482331878e-06
-5.4212125169797933e-02 2.7147704159681368e-01 1.1816558147176668e+01 4.8267508928740654e-06
-5.4212125169797933e-02 2.8153174684114018e-01 1.1802512449391241e+01 5.1848133537162785e-06
-5.4212125169797933e-02 2.9158645208546657e-01 1.1789166190460746e+01 5.5534523256746194e-06
-5.4212125169797933e-02 3.0164115732979291e-01 1.1776507344762090e+01 5.9317877930960465e-06
-5.4212125169797933e-02 3.1169586257411946e-01 1.1764525583275985e+01 6.3187646088196051e-06
-5.4212125169797933e-02 3.2175056781844580e-01 1.1753211908865890e+01 6.7131330908134673e-06
-5.4212125169797933e-02 3.3180527306277235e-01 1.1742558373932622e+01 7.1134295818649401e-06
-5.4212125169797933e-02 3.4185997830709869e-01 1.1732557859461883e+01 7.5179573784492849e-06
-5.4212125169797933e-02 3.5191468355142524e-01 1.1723203899803929e+01 7.9247684922709188e-06
-5.4212125169797933e-02 3.6196938879575158e-01 1.1714490541328454e+01 8.3316467604940415e-06
-5.4212125169797933e-02 3.7202409404007797e-01 1.1706412225826782e+01 8.7360928694346757e-06
-5.4212125169797933e-02 3.8207879928440447e-01 1.1698963691501273e+01 9.1353119089048574e-06
-5.4212125169797933e-02 3.9213350452873086e-01 1.1692139885835029e+01 9.5262041507831637e-06
-5.4212125169797933e-02 4.0218820977305736e-01 1.1685935885796413e+01 9.9053598906136627e-06
-5.4212125169797933e-02 4.1224291501738375e-01 1.1680346821971868e+01 1.0269059497181634e-05
-5.4212125169797933e-02 4.2229762026171014e-01 1.1675367804744548e+01 1.0613280459774047e-05
-5.4212125169797933e-02 4.3235232550603664e-01 1.1670993853250005e+01 1.0933714530927768e-05
-5.4212125169797933e-02 4.4240703075036303e-01 1.1667219832791993e+01 1.1225799969017886e-05
-5.4212125169797933e-02 4.5246173599468953e-01 1.1664040422916846e+01 1.1484641872289070e-05
-5.4212125169797933e-02 4.6251644123901592e-01 1.1661450736050835e+01 1.1693570846732334e-05
-5.4212125169797933e-02 4.7257114648334225e-01 1.1659462428597802e+01 1.1509483401270816e-05
-5.4212125169797933e-02 4.8262585172766881e-01 1.1658158365795595e+01 9.3706232850879349e-06
-5.4212125169797933e-02 4.9268055697199514e-01 1.1657643248522954e+01 8.5058740935077040e-06
-5.4212125169797933e-02 5.0273526221632159e-01 1.1657559175290526e+01 8.9356438133707828e-06
-3.6141416779865244e-02 -5.0273526221632159e-01 1.1650276793628873e+01 8.6715612371784665e-06
-3.6141416779865244e-02 -4.9268055697199509e-01 1.1650346106661358e+01 8.3152868771238722e-06
-3.6141416779865244e-02 -4.8262585172766864e-01 1.1650816447373087e+01 9.3804229780326329e-06
-3.6141416779865244e-02 -4.7257114648334225e-01 1.1652060744366196e+01 1.1683829609066604e-05
-3.6141416779865244e-02 -4.6251644123901581e-01 1.1653987616347685e+01 1.1889289796392771e-05
-3.6141416779865244e-02 -4.5246173599468936e-01 1.1656501222477608e+01 1.1675078915739136e-05
-3.6141416779865244e-02 -4.4240703075036292e-01 1.1659586740259369e+01 1.1409347172219626e-05
-3.6141416779865244e-02 -4.3235232550603647e-01 1.1663248417671699e+01 1.1109847754480945e-05
-3.6141416779865244e-02 -4.2229762026171014e-01 1.1667490963303317e+01 1.0781651268397863e-05
-3.6141416779865244e-02 -4.1224291501738369e-01 1.1672318836352375e+01 1.0429448954365100e-05
-3.6141416779865244e-02 -4.0218820977305725e-01 1.1677736278562937e+01 1.0057649295054080e-05
-3.6141416779865244e-02 -3.9213350452873080e-01 1.1683747378346595e+01 9.6703522536036652e-06
-3.6141416779865244e-02 -3.8207879928440436e-01 1.1690356144359054e+01 9.2713375711256443e-06
-3.6141416779865244e-02 -3.7202409404007797e-01 1.1697566583284701e+01 8.8640619672551392e-06
-3.6141416779865244e-02 -3.6196938879575147e-01 1.1705382781542076e+01 8.4516622612261808e-06
-3.6141416779865244e-02 -3.5191468355142508e-01 1.1713808993347843e+01 8.0369628382244150e-06
-3.6141416779865244e-02 -3.4185997830709863e-01 1.1722849739297438e+01 7.6224865330717408e-06
-3.6141416779865244e-02 -3.3180527306277219e-01 1.1732509921044397e+01 7.2104682759143797e-06
-3.6141416779865244e-02 -3.2175056781844580e-01 1.1742794959212613e+01 6.8028709482713129e-06
-3.6141416779865244e-02 -3.1169586257411935e-01 1.1753710963661669e+01 6.4014029359059597e-06
-3.6141416779865244e-02 -3.0164115732979291e-01 1.1765264947925729e+01 6.0075368862520277e-06
-3.6141416779865244e-02 -2.9158645208546646e-01 1.1777465103391135e+01 5.6225292032507303e-06
-3.6141416779865244e-02 -2.8153174684114002e-01 1.1790321154008588e+01 5.2474398476538859e-06
-3.6141416779865244e-02 -2.7147704159681363e-01 1.1803844819684759e+01 4.8831520563227812e-06
-3.6141416779865244e-02 -2.6142233635248718e-01 1.1818050426892913e+01 4.5303916465621616e-06
-3.6141416779865244e-02 -2.5136763110816074e-01 1.1832955719865151e+01 4.1897456277545585e-06
-3.6141416779865244e-02 -2.4131292586383432e-01 1.1848582947077045e+01 3.8616798988853531e-06
-3.6141416779865244e-02 -2.3125822061950788e-01 1.1864960328826935e+01 3.5465558644057801e-06
-3.6141416779865244e-02 -2.2120351537518143e-01 1.1882124057564663e+01 3.2446458501488837e-06
-3.6141416779865244e-02 -2.1114881013085501e-01 1.1900121051194999e+01 2.9561472447253937e-06
-3.6141416779865244e-02 -2.0109410488652857e-01 1.1919012783719518e+01 2.6811953292393823e-06
-3.6141416779865244e-02 -1.9103939964220218e-01 1.1938880678464443e+01 2.4198747893485903e-06
-3.6141416779865244e-02 -1.8098469439787573e-01 1.1959833802479386e+01 2.1722299291056523e-06
-3.6141416779865244e-02 -1.7092998915354929e-01 1.1982020008250954e+01 1.9382736259277265e-06
-3.6141416779865244e-02 -1.6087528390922284e-01 1.2005642340683842e+01 1.7179950816872613e-06
-3.6141416779865244e-02 -1.5082057866489645e-01 1.2030983666135617e+01 1.5113664364564291e-06
-3.6141416779865244e-02 -1.4076587342057001e-01 1.2058444475362204e+01 1.3183483203189872e-06
-3.6141416779865244e-02 -1.3071116817624356e-01 1.2088602449144355e+01 1.1388944245773960e-06
-3.6141416779865244e-02 -1.2065646293191713e-01 1.2122309344502733e+01 9.7295517872809266e-07
-3.6141416779865244e-02 -1.1060175768759069e-01 1.2160854967441479e+01 8.2048062205377667e-07
-3.6141416779865244e-02 -1.0054705244326431e-01 1.2206258604175526e+01 6.8142256089973559e-07
-3.6141416779865244e-02 -9.0492347198937867e-02 1.2261810702349338e+01 5.5573610423331123e-07
-3.6141416779865244e-02 -8.0437641954611422e-02 1.2333051211398775e+01 4.4338066897801164e-07
-3.6141416779865244e-02 -7.0382936710284977e-02 1.2429006865644919e+01 3.4432054679148206e-07
-3.6141416779865244e-02 -6.0328231465958525e-02 1.2561089229461361e+01 2.5852512136389844e-07
-3.6141416779865244e-02 -5.0273526221632080e-02 1.2732589166576695e+01 1.8596882673562701e-07
-3.6141416779865244e-02 -4.0218820977305711e-02 1.2924107912074042e+01 1.2663090773591525e-07
-3.6141416779865244e-02 -3.0164115732979262e-02 1.3101802293484671e+01 8.0495122660170067e-08
-3.6141416779865244e-02 -2.0109410488652817e-02 1.3241260542402287e+01 4.7549315324230940e-08
-3.6141416779865244e-02 -1.0054705244326374e-02 1.3334046043844642e+01 2.7785089317328422e-08
-3.6141416779865244e-02 7.1065644079062674e-17 1.3368769582772787e+01 2.1197556138021957e-08
-3.6141416779865244e-02 1.0054705244326445e-02 1.3334046043844609e+01 2.7785056007273500e-08
-3.6141416779865244e-02 2.0109410488652890e-02 1.3241260542402255e+01 4.7549284639160973e-08
-3.6141416779865244e-02 3.0164115732979335e-02 1.3101802293484676e+01 8.0495109277285585e-08
-3.6141416779865244e-02 4.0218820977305780e-02 1.2924107912074057e+01 1.2663090977496776e-07
-3.6141416779865244e-02 5.0273526221632225e-02 1.2732589166576705e+01 1.8596882510157523e-07
-3.6141416779865244e-02 6.0328231465958670e-02 1.2561089229461370e+01 2.5852512025330680e-07
-3.6141416779865244e-02 7.0382936710285046e-02 1.2429006865644920e+01 3.4432054635052010e-07
-3.6141416779865244e-02 8.0437641954611491e-02 1.2333051211398761e+01 4.4338066866741271e-07
-3.6141416779865244e-02 9.0492347198937936e-02 1.2261810702349331e+01 5.5573610411798791e-07
-3.6141416779865244e-02 1.0054705244326438e-01 1.2206258604175531e+01 6.8142256083904367e-07
-3.6141416779865244e-02 1.1060175768759083e-01 1.2160854967441482e+01 8.2048062198706224e-07
-3.6141416779865244e-02 1.2065646293191720e-01 1.2122309344502732e+01 9.7295517870566514e-07
-3.6141416779865244e-02 1.3071116817624365e-01 1.2088602449144359e+01 1.1388944245536079e-06
-3.6141416779865244e-02 1.4076587342057009e-01 1.2058444475362204e+01 1.3183483202989354e-06
-3.6141416779865244e-02 1.5082057866489645e-01 1.2030983666135626e+01 1.5113664364523400e-06
-3.6141416779865244e-02 1.6087528390922298e-01 1.2005642340683842e+01 1.7179950816744264e-06
-3.6141416779865244e-02 1.7092998915354934e-01 1.1982020008250947e+01 1.9382736259257351e-06
-3.6141416779865244e-02 1.8098469439787587e-01 1.1959833802479384e+01 2.1722299291017000e-06
-3.6141416779865244e-02 1.9103939964220223e-01 1.1938880678464443e+01 2.4198747893429359e-06
-3.6141416779865244e-02 2.0109410488652862e-01 1.1919012783719511e+01 2.6811953292356900e-06
-3.6141416779865244e-02 2.1114881013085512e-01 1.1900121051195013e+01 2.9561472447242430e-06
-3.6141416779865244e-02 2.2120351537518151e-01 1.1882124057564662e+01 3.2446458501487148e-06
-3.6141416779865244e-02 2.3125822061950801e-01 1.1864960328826935e+01 3.5465558644062142e-06
-3.6141416779865244e-02 2.4131292586383440e-01 1.1848582947077039e+01 3.8616798988826544e-06
-3.6141416779865244e-02 2.5136763110816079e-01 1.1832955719865158e+01 4.1897456277529228e-06
-3.6141416779865244e-02 2.6142233635248729e-01 1.1818050426892908e+01 4.5303916465615255e-06
-3.6141416779865244e-02 2.7147704159681368e-01 1.1803844819684764e+01 4.8831520563224780e-06
-3.6141416779865244e-02 2.8153174684114018e-01 1.1790321154008597e+01 5.2474398476544407e-06
-3.6141416779865244e-02 2.9158645208546657e-01 1.1777465103391149e+01 5.6225292032495115e-06
-3.6141416779865244e-02 3.0164115732979291e-01 1.1765264947925715e+01 6.0075368862518143e-06
-3.6141416779865244e-02 3.1169586257411946e-01 1.1753710963661657e+01 6.4014029359054083e-06
-3.6141416779865244e-02 3.2175056781844580e-01 1.1742794959212624e+01 6.8028709482721201e-06
-3.6141416779865244e-02 3.3180527306277235e-01 1.1732509921044400e+01 7.2104682759136953e-06
-3.6141416779865244e-02 3.4185997830709869e-01 1.1722849739297439e+01 7.6224865330713367e-06
-3.6141416779865244e-02 3.5191468355142524e-01 1.1713808993347847e+01 8.0369628382241693e-06
-3.6141416779865244e-02 3.6196938879575158e-01 1.1705382781542070e+01 8.4516622612259470e-06
-3.6141416779865244e-02 3.7202409404007797e-01 1.1697566583284695e+01 8.8640619672547784e-06
-3.6141416779865244e-02 3.8207879928440447e-01 1.1690356144359066e+01 9.2713375711262643e-06
-3.6141416779865244e-02 3.9213350452873086e-01 1.1683747378346595e+01 9.6703522536036093e-06
-3.6141416779865244e-02 4.0218820977305736e-01 1.1677736278562929e+01 1.0057649295054106e-05
-3.6141416779865244e-02 4.1224291501738375e-01 1.1672318836352362e+01 1.0429448954364543e-05
-3.6141416779865244e-02 4.2229762026171014e-01 1.1667490963303326e+01 1.0781651268398354e-05
-3.6141416779865244e-02 4.3235232550603664e-01 1.1663248417671694e+01 1.1109847754481027e-05
-3.6141416779865244e-02 4.4240703075036303e-01 1.1659586740259362e+01 1.1409347172219467e-05
-3.6141416779865244e-02 4.5246173599468953e-01 1.1656501222477603e+01 1.1675078915739258e-05
-3.6141416779865244e-02 4.6251644123901592e-01 1.1653987616347669e+01 1.1889289796392235e-05
-3.6141416779865244e-02 4.7257114648334225e-01 1.1652060744366191e+01 1.1683829609066426e-05
-3.6141416779865244e-02 4.8262585172766881e-01 1.1650816447373087e+01 9.3804229780329413e-06
-3.6141416779865244e-02 4.9268055697199514e-01 1.1650346106661365e+01 8.3152868771239111e-06
-3.6141416779865244e-02 5.0273526221632159e-01 1.1650276793628871e+01 8.6715612371793694e-06
-1.8070708389932560e-02 -5.0273526221632159e-01 1.1645904294941305e+01 8.4739174667526387e-06
-1.8070708389932560e-02 -4.9268055697199509e-01 1.1645964545105413e+01 8.1661576846092336e-06
-1.8070708389932560e-02 -4.8262585172766864e-01 1.1646407077368769e+01 9.3672442057487458e-06
-1.8070708389932560e-02 -4.7257114648334225e-01 1.1647614609899751e+01 1.1785463351107149e-05
-1.8070708389932560e-02 -4.6251644123901581e-01 1.1649504947004285e+01 1.2006510194712468e-05
-1.8070708389932560e-02 -4.5246173599468936e-01 1.1651973584529378e+01 1.1789388257277132e-05
-1.8070708389932560e-02 -4.4240703075036292e-01 1.1655003601887765e+01 1.1519698182954692e-05
-1.8070708389932560e-02 -4.3235232550603647e-01 1.1658598854463813e+01 1.1215921886411359e-05
-1.8070708389932560e-02 -4.2229762026171014e-01 1.1662763682731166e+01 1.0883230098261207e-05
-1.8070708389932560e-02 -4.1224291501738369e-01 1.1667502141279954e+01 1.0526387527027121e-05
-1.8070708389932560e-02 -4.0218820977305725e-01 1.1672818031471685e+01 1.0149860251566066e-05
-1.8070708389932560e-02 -3.9213350452873080e-01 1.1678714967372482e+01 9.7577934402382771e-06
-1.8070708389932560e-02 -3.8207879928440436e-01 1.1685196451846943e+01 9.3540025643559988e-06
-1.8070708389932560e-02 -3.7202409404007797e-01 1.1692265957853278e+01 8.9419728713134874e-06
-1.8070708389932560e-02 -3.6196938879575147e-01 1.1699927014961446e+01 8.5248641965072478e-06
-1.8070708389932560e-02 -3.5191468355142508e-01 1.1708183303923283e+01 8.1055196556201835e-06
-1.8070708389932560e-02 -3.4185997830709863e-01 1.1717038763987016e+01 7.6864774081449792e-06
-1.8070708389932560e-02 -3.3180527306277219e-01 1.1726497719272080e+01 7.2699849373424035e-06
-1.8070708389932560e-02 -3.2175056781844580e-01 1.1736565032349585e+01 6.8580153726612258e-06
-1.8070708389932560e-02 -3.1169586257411935e-01 1.1747246295537327e+01 6.4522853975076153e-06
-1.8070708389932560e-02 -3.0164115732979291e-01 1.1758548073640652e+01 6.0542742891924323e-06
-1.8070708389932560e-02 -2.9158645208546646e-01 1.1770478216344186e+01 5.6652436498209958e-06
-1.8070708389932560e-02 -2.8153174684114002e-01 1.1783046264722511e+01 5.2862574124989259e-06
-1.8070708389932560e-02 -2.7147704159681363e-01 1.1796263985167872e+01 4.9182017460841264e-06
-1.8070708389932560e-02 -2.6142233635248718e-01 1.1810146076579459e+01 4.5618045298207215e-06
-1.8070708389932560e-02 -2.5136763110816074e-01 1.1824711114659237e+01 4.2176541226109891e-06
-1.8070708389932560e-02 -2.4131292586383432e-01 1.1839982823266606e+01 3.8862172064396305e-06
-1.8070708389932560e-02 -2.3125822061950788e-01 1.1855991801128102e+01 3.5678555363042549e-06
-1.8070708389932560e-02 -2.2120351537518143e-01 1.1872777889307617e+01 3.2628414780663831e-06
-1.8070708389932560e-02 -2.1114881013085501e-01 1.1890393451239294e+01 2.9713722590762240e-06
-1.8070708389932560e-02 -2.0109410488652857e-01 1.1908907970125627e+01 2.6935828940038340e-06
-1.8070708389932560e-02 -1.9103939964220218e-01 1.1928414577273248e+01 2.4295577796256120e-06
-1.8070708389932560e-02 -1.8098469439787573e-01 1.1949039459907889e+01 2.1793409777971587e-06
-1.8070708389932560e-02 -1.7092998915354929e-01 1.1970955647982038e+01 1.9429452261184529e-06
-1.8070708389932560e-02 -1.6087528390922284e-01 1.1994403611922502e+01 1.7203597313653404e-06
-1.8070708389932560e-02 -1.5082057866489645e-01 1.2019722734248159e+01 1.5115568126428706e-06
-1.8070708389932560e-02 -1.4076587342057001e-01 1.2047400684523346e+01 1.3164974701297463e-06
-1.8070708389932560e-02 -1.3071116817624356e-01 1.2078153385046921e+01 1.1351359614479308e-06
-1.8070708389932560e-02 -1.2065646293191713e-01 1.2113059704699008e+01 9.6742347273560794e-07
-1.8070708389932560e-02 -1.1060175768759069e-01 1.2153799899157207e+01 8.1331097432381541e-07
-1.8070708389932560e-02 -1.0054705244326431e-01 1.2203103925953103e+01 6.7275135323023909e-07
-1.8070708389932560e-02 -9.0492347198937867e-02 1.2265635799234754e+01 5.4570091608539411e-07
-1.8070708389932560e-02 -8.0437641954611422e-02 1.2349635279354464e+01 4.3212035613944529e-07
-1.8070708389932560e-02 -7.0382936710284977e-02 1.2468684237731265e+01 3.3197527696755653e-07
-1.8070708389932560e-02 -6.0328231465958525e-02 1.2637711724321168e+01 2.4523636714477841e-07
-1.8070708389932560e-02 -5.0273526221632080e-02 1.2853043173245926e+01 1.7187930506577425e-07
-1.8070708389932560e-02 -4.0218820977305711e-02 1.3081362521539765e+01 1.1188446874599305e-07
-1.8070708389932560e-02 -3.0164115732979262e-02 1.3291370058441753e+01 6.5236627989034620e-08
-1.8070708389932560e-02 -2.0109410488652817e-02 1.3408222872415919e+01 3.1924447479256610e-08
-1.8070708389932560e-02 -1.0054705244326374e-02 1.3345378589621747e+01 1.1940151803413104e-08
-1.8070708389932560e-02 7.1065644079062674e-17 1.3284243074068421e+01 5.2792503876860253e-09
-1.8070708389932560e-02 1.0054705244326445e-02 1.3345378589621744e+01 1.1940140752085303e-08
-1.8070708389932560e-02 2.0109410488652890e-02 1.3408222872415932e+01 3.1924442747829584e-08
-1.8070708389932560e-02 3.0164115732979335e-02 1.3291370058441759e+01 6.5236627295084932e-08
-1.8070708389932560e-02 4.0218820977305780e-02 1.3081362521539768e+01 1.1188446697507383e-07
-1.8070708389932560e-02 5.0273526221632225e-02 1.2853043173245917e+01 1.7187930362931918e-07
-1.8070708389932560e-02 6.0328231465958670e-02 1.2637711724321168e+01 2.4523636343062126e-07
-1.8070708389932560e-02 7.0382936710285046e-02 1.2468684237731264e+01 3.3197527604604900e-07
-1.8070708389932560e-02 8.0437641954611491e-02 1.2349635279354459e+01 4.3212035578700256e-07
-1.8070708389932560e-02 9.0492347198937936e-02 1.2265635799234756e+01 5.4570091577516703e-07
-1.8070708389932560e-02 1.0054705244326438e-01 1.2203103925953116e+01 6.7275135308106229e-07
-1.8070708389932560e-02 1.1060175768759083e-01 1.2153799899157201e+01 8.1331097426383150e-07
-1.8070708389932560e-02 1.2065646293191720e-01 1.2113059704699001e+01 9.6742347271982836e-07
-1.8070708389932560e-02 1.3071116817624365e-01 1.2078153385046919e+01 1.1351359614261042e-06
-1.8070708389932560e-02 1.4076587342057009e-01 1.2047400684523346e+01 1.3164974701021735e-06
-1.8070708389932560e-02 1.5082057866489645e-01 1.2019722734248168e+01 1.5115568126326215e-06
-1.8070708389932560e-02 1.6087528390922298e-01 1.1994403611922493e+01 1.7203597313488361e-06
-1.8070708389932560e-02 1.7092998915354934e-01 1.1970955647982031e+01 1.9429452261132238e-06
-1.8070708389932560e-02 1.8098469439787587e-01 1.1949039459907903e+01 2.1793409777987876e-06
-1.8070708389932560e-02 1.9103939964220223e-01 1.1928414577273266e+01 2.4295577796186863e-06
-1.8070708389932560e-02 2.0109410488652862e-01 1.1908907970125616e+01 2.6935828940015483e-06
-1.8070708389932560e-02 2.1114881013085512e-01 1.1890393451239296e+01 2.9713722590710486e-06
-1.8070708389932560e-02 2.2120351537518151e-01 1.1872777889307619e+01 3.2628414780636683e-06
-1.8070708389932560e-02 2.3125822061950801e-01 1.1855991801128111e+01 3.5678555363062755e-06
-1.8070708389932560e-02 2.4131292586383440e-01 1.1839982823266590e+01 3.8862172064365778e-06
-1.8070708389932560e-02 2.5136763110816079e-01 1.1824711114659229e+01 4.2176541226108917e-06
-1.8070708389932560e-02 2.6142233635248729e-01 1.1810146076579443e+01 4.5618045298175188e-06
-1.8070708389932560e-02 2.7147704159681368e-01 1.1796263985167871e+01 4.9182017460833463e-06
-1.8070708389932560e-02 2.8153174684114018e-01 1.1783046264722499e+01 5.2862574124997103e-06
-1.8070708389932560e-02 2.9158645208546657e-01 1.1770478216344177e+01 5.6652436498193704e-06
-1.8070708389932560e-02 3.0164115732979291e-01 1.1758548073640663e+01 6.0542742891927720e-06
-1.8070708389932560e-02 3.1169586257411946e-01 1.1747246295537336e+01 6.4522853975064761e-06
-1.8070708389932560e-02 3.2175056781844580e-01 1.1736565032349587e+01 6.8580153726619898e-06
-1.8070708389932560e-02 3.3180527306277235e-01 1.1726497719272080e+01 7.2699849373416344e-06
-1.8070708389932560e-02 3.4185997830709869e-01 1.1717038763987000e+01 7.6864774081439865e-06
-1.8070708389932560e-02 3.5191468355142524e-01 1.1708183303923279e+01 8.1055196556210119e-06
-1.8070708389932560e-02 3.6196938879575158e-01 1.1699927014961446e+01 8.5248641965066481e-06
-1.8070708389932560e-02 3.7202409404007797e-01 1.1692265957853284e+01 8.9419728713139634e-06
-1.8070708389932560e-02 3.8207879928440447e-01 1.1685196451846942e+01 9.3540025643557446e-06
-1.8070708389932560e-02 3.9213350452873086e-01 1.1678714967372493e+01 9.7577934402377942e-06
-1.8070708389932560e-02 4.0218820977305736e-01 1.1672818031471685e+01 1.0149860251566540e-05
-1.8070708389932560e-02 4.1224291501738375e-01 1.1667502141279970e+01 1.0526387527026408e-05
-1.8070708389932560e-02 4.2229762026171014e-01 1.1662763682731164e+01 1.0883230098261898e-05
-1.8070708389932560e-02 4.3235232550603664e-01 1.1658598854463811e+01 1.1215921886411119e-05
-1.8070708389932560e-02 4.4240703075036303e-01 1.1655003601887769e+01 1.1519698182954279e-05
-1.8070708389932560e-02 4.5246173599468953e-01 1.1651973584529362e+01 1.1789388257277611e-05
-1.8070708389932560e-02 4.6251644123901592e-01 1.1649504947004301e+01 1.2006510194711873e-05
-1.8070708389932560e-02 4.7257114648334225e-01 1.1647614609899740e+01 1.1785463351107553e-05
-1.8070708389932560e-02 4.8262585172766881e-01 1.1646407077368755e+01 9.3672442057488356e-06
-1.8070708389932560e-02 4.9268055697199514e-01 1.1645964545105418e+01 8.1661576846095233e-06
-1.8070708389932560e-02 5.0273526221632159e-01 1.1645904294941305e+01 8.4739174667535433e-06
1.2772194703769418e-16 -5.0273526221632159e-01 1.1644447620875145e+01 8.4005046363526238e-06
1.2772194703769418e-16 -4.9268055697199509e-01 1.1644504810767302e+01 8.1097368242114535e-06
1.2772194703769418e-16 -4.8262585172766864e-01 1.1644937893713074e+01 9.3591388767824508e-06
1.2772194703769418e-16 -4.7257114648334225e-01 1.1646132996716748e+01 1.1818758411288494e-05
1.2772194703769418e-16 -4.6251644123901581e-01 1.1648011214863779e+01 1.2045538262416881e-05
1.2772194703769418e-16 -4.5246173599468936e-01 1.1650464988945012e+01 1.1827491963760325e-05
1.2772194703769418e-16 -4.4240703075036292e-01 1.1653476660910822e+01 1.1556512155484117e-05
1.2772194703769418e-16 -4.3235232550603647e-01 1.1657049953529375e+01 1.1251339324617049e-05
1.2772194703769418e-16 -4.2229762026171014e-01 1.1661189084319487e+01 1.0917176710541020e-05
1.2772194703769418e-16 -4.1224291501738369e-01 1.1665897973070857e+01 1.0558812787105091e-05
1.2772194703769418e-16 -4.0218820977305725e-01 1.1671180274872409e+01 1.0180732387495496e-05
1.2772194703769418e-16 -3.9213350452873080e-01 1.1677039446816160e+01 9.7870955178900974e-06
1.2772194703769418e-16 -3.8207879928440436e-01 1.1683478825115305e+01 9.3817294860578573e-06
1.2772194703769418e-16 -3.7202409404007797e-01 1.1690501707778887e+01 8.9681290866377121e-06
1.2772194703769418e-16 -3.6196938879575147e-01 1.1698111442974248e+01 8.5494619416368273e-06
1.2772194703769418e-16 -3.5191468355142508e-01 1.1706311526049074e+01 8.1285775748584024e-06
1.2772194703769418e-16 -3.4185997830709863e-01 1.1715105710098012e+01 7.7080194489000301e-06
1.2772194703769418e-16 -3.3180527306277219e-01 1.1724498136656711e+01 7.2900394419593985e-06
1.2772194703769418e-16 -3.2175056781844580e-01 1.1734493495034725e+01 6.8766143151319337e-06
1.2772194703769418e-16 -3.1169586257411935e-01 1.1745097221300146e+01 6.4694637309816604e-06
1.2772194703769418e-16 -3.0164115732979291e-01 1.1756315751340949e+01 6.0700693825481902e-06
1.2772194703769418e-16 -2.9158645208546646e-01 1.1768156847168452e+01 5.6796947996069680e-06
1.2772194703769418e-16 -2.8153174684114002e-01 1.1780630022269689e+01 5.2994054215960305e-06
1.2772194703769418e-16 -2.7147704159681363e-01 1.1793747101191542e+01 4.9300885632979097e-06
1.2772194703769418e-16 -2.6142233635248718e-01 1.1807522961883741e+01 4.5724729461249786e-06
1.2772194703769418e-16 -2.5136763110816074e-01 1.1821976528511856e+01 4.2271475203891889e-06
1.2772194703769418e-16 -2.4131292586383432e-01 1.1837132110344815e+01 3.8945793581372209e-06
1.2772194703769418e-16 -2.3125822061950788e-01 1.1853021223406378e+01 3.5751304488636155e-06
1.2772194703769418e-16 -2.2120351537518143e-01 1.1869685092978830e+01 3.2690732791490324e-06
1.2772194703769418e-16 -2.1114881013085501e-01 1.1887178128299206e+01 2.9766051209451418e-06
1.2772194703769418e-16 -2.0109410488652857e-01 1.1905572805001045e+01 2.6978609906552285e-06
1.2772194703769418e-16 -1.9103939964220218e-01 1.1924966618442941e+01 2.4329252726195904e-06
1.2772194703769418e-16 -1.8098469439787573e-01 1.1945492138525971e+01 2.1818420262468790e-06
1.2772194703769418e-16 -1.7092998915354929e-01 1.1967331805496608e+01 1.9446240161055965e-06
1.2772194703769418e-16 -1.6087528390922284e-01 1.1990740145681757e+01 1.7212605203077282e-06
1.2772194703769418e-16 -1.5082057866489645e-01 1.2016077923073961e+01 1.5117239840852660e-06
1.2772194703769418e-16 -1.4076587342057001e-01 1.2043866124994262e+01 1.3159755946815402e-06
1.2772194703769418e-16 -1.3071116817624356e-01 1.2074874225948500e+01 1.1339698597641128e-06
1.2772194703769418e-16 -1.2065646293191713e-01 1.2110270650468546e+01 9.6565827669421462e-07
1.2772194703769418e-16 -1.1060175768759069e-01 1.2151893164339347e+01 8.1099218295138419e-07
1.2772194703769418e-16 -1.0054705244326431e-01 1.2202765948692287e+01 6.6992488022282745e-07
1.2772194703769418e-16 -9.0492347198937867e-02 1.2268131422398568e+01 5.4241312637486572e-07
1.2772194703769418e-16 -8.0437641954611422e-02 1.2357338769963354e+01 4.2841808925517156e-07
1.2772194703769418e-16 -7.0382936710284977e-02 1.2485585801576729e+01 3.2790585462014154e-07
1.2772194703769418e-16 -6.0328231465958525e-02 1.2668108706079451e+01 2.4084758851155589e-07
1.2772194703769418e-16 -5.0273526221632080e-02 1.2897923199775812e+01 1.6721942339386257e-07
1.2772194703769418e-16 -4.0218820977305711e-02 1.3140714804651950e+01 1.0700216268253777e-07
1.2772194703769418e-16 -3.0164115732979262e-02 1.3347222151630067e+01 6.0180920993170366e-08
1.2772194703769418e-16 -2.0109410488652817e-02 1.3380919766813516e+01 2.6744637572708687e-08
1.2772194703769418e-16 -1.0054705244326374e-02 1.2970951537252253e+01 6.6858404467515384e-09
1.2772194703769418e-16 7.1065644079062674e-17 1.2061539819642022e+01 5.0478208129230762e-14
1.2772194703769418e-16 1.0054705244326445e-02 1.2970951537252260e+01 6.6858208652147915e-09
1.2772194703769418e-16 2.0109410488652890e-02 1.3380919766813520e+01 2.6744638205517360e-08
1.2772194703769418e-16 3.0164115732979335e-02 1.3347222151630085e+01 6.0180902195671562e-08
1.2772194703769418e-16 4.0218820977305780e-02 1.3140714804651957e+01 1.0700215849566184e-07
1.2772194703769418e-16 5.0273526221632225e-02 1.2897923199775807e+01 1.6721943066757793e-07
1.2772194703769418e-16 6.0328231465958670e-02 1.2668108706079451e+01 2.4084758161035977e-07
1.2772194703769418e-16 7.0382936710285046e-02 1.2485585801576720e+01 3.2790585491376032e-07
1.2772194703769418e-16 8.0437641954611491e-02 1.2357338769963349e+01 4.2841808873209314e-07
1.2772194703769418e-16 9.0492347198937936e-02 1.2268131422398556e+01 5.4241312607512214e-07
1.2772194703769418e-16 1.0054705244326438e-01 1.2202765948692303e+01 6.6992488005735797e-07
1.2772194703769418e-16 1.1060175768759083e-01 1.2151893164339343e+01 8.1099218285542213e-07
1.2772194703769418e-16 1.2065646293191720e-01 1.2110270650468541e+01 9.6565827668185091e-07
1.2772194703769418e-16 1.3071116817624365e-01 1.2074874225948500e+01 1.1339698597452476e-06
1.2772194703769418e-16 1.4076587342057009e-01 1.2043866124994265e+01 1.3159755946619367e-06
1.2772194703769418e-16 1.5082057866489645e-01 1.2016077923073961e+01 1.5117239840766068e-06
1.2772194703769418e-16 1.6087528390922298e-01 1.1990740145681745e+01 1.7212605202903511e-06
1.2772194703769418e-16 1.7092998915354934e-01 1.1967331805496597e+01 1.9446240161038656e-06
1.2772194703769418e-16 1.8098469439787587e-01 1.1945492138525973e+01 2.1818420262457126e-06
1.2772194703769418e-16 1.9103939964220223e-01 1.1924966618442935e+01 2.4329252726146192e-06
1.2772194703769418e-16 2.0109410488652862e-01 1.1905572805001048e+01 2.6978609906478423e-06
1.2772194703769418e-16 2.1114881013085512e-01 1.1887178128299203e+01 2.9766051209417142e-06
1.2772194703769418e-16 2.2120351537518151e-01 1.1869685092978830e+01 3.2690732791490989e-06
1.2772194703769418e-16 2.3125822061950801e-01 1.1853021223406378e+01 3.5751304488662214e-06
1.2772194703769418e-16 2.4131292586383440e-01 1.1837132110344818e+01 3.8945793581341139e-06
1.2772194703769418e-16 2.5136763110816079e-01 1.1821976528511847e+01 4.2271475203863497e-06
1.2772194703769418e-16 2.6142233635248729e-01 1.1807522961883734e+01 4.5724729461233930e-06
1.2772194703769418e-16 2.7147704159681368e-01 1.1793747101191537e+01 4.9300885632972346e-06
1.2772194703769418e-16 2.8153174684114018e-01 1.1780630022269689e+01 5.2994054215975848e-06
1.2772194703769418e-16 2.9158645208546657e-01 1.1768156847168457e+01 5.6796947996056407e-06
1.2772194703769418e-16 3.0164115732979291e-01 1.1756315751340940e+01 6.0700693825476608e-06
1.2772194703769418e-16 3.1169586257411946e-01 1.1745097221300140e+01 6.4694637309803161e-06
1.2772194703769418e-16 3.2175056781844580e-01 1.1734493495034734e+01 6.8766143151326029e-06
1.2772194703769418e-16 3.3180527306277235e-01 1.1724498136656718e+01 7.2900394419590504e-06
1.2772194703769418e-16 3.4185997830709869e-01 1.1715105710098028e+01 7.7080194488993728e-06
1.2772194703769418e-16 3.5191468355142524e-01 1.1706311526049078e+01 8.1285775748584634e-06
1.2772194703769418e-16 3.6196938879575158e-01 1.1698111442974254e+01 8.5494619416365088e-06
1.2772194703769418e-16 3.7202409404007797e-01 1.1690501707778896e+01 8.9681290866378357e-06
1.2772194703769418e-16 3.8207879928440447e-01 1.1683478825115321e+01 9.3817294860576236e-06
1.2772194703769418e-16 3.9213350452873086e-01 1.1677039446816156e+01 9.7870955178897416e-06
1.2772194703769418e-16 4.0218820977305736e-01 1.1671180274872420e+01 1.0180732387495669e-05
1.2772194703769418e-16 4.1224291501738375e-01 1.1665897973070850e+01 1.0558812787104627e-05
1.2772194703769418e-16 4.2229762026171014e-01 1.1661189084319487e+01 1.0917176710541425e-05
1.2772194703769418e-16 4.3235232550603664e-01 1.1657049953529375e+01 1.1251339324616749e-05
1.2772194703769418e-16 4.4240703075036303e-01 1.1653476660910817e+01 1.1556512155483909e-05
1.2772194703769418e-16 4.5246173599468953e-01 1.1650464988945012e+01 1.1827491963760471e-05
1.2772194703769418e-16 4.6251644123901592e-01 1.1648011214863780e+01 1.2045538262416491e-05
1.2772194703769418e-16 4.7257114648334225e-01 1.1646132996716743e+01 1.1818758411288807e-05
1.2772194703769418e-16 4.8262585172766881e-01 1.1644937893713083e+01 9.3591388767826050e-06
1.2772194703769418e-16 4.9268055697199514e-01 1.1644504810767309e+01 8.1097368242118415e-06
1.2772194703769418e-16 5.0273526221632159e-01 1.1644447620875145e+01 8.4005046363531439e-06
1.8070708389932688e-02 -5.0273526221632159e-01 1.1645904294941305e+01 8.4739174667523015e-06
1.8070708389932688e-02 -4.9268055697199509e-01 1.1645964545105409e+01 8.1661576846096961e-06
1.8070708389932688e-02 -4.8262585172766864e-01 1.1646407077368760e+01 9.3672442057479564e-06
1.8070708389932688e-02 -4.7257114648334225e-01 1.1647614609899746e+01 1.1785463351107462e-05
1.8070708389932688e-02 -4.6251644123901581e-01 1.1649504947004289e+01 1.2006510194712700e-05
1.8070708389932688e-02 -4.5246173599468936e-01 1.1651973584529385e+01 1.1789388257276427e-05
1.8070708389932688e-02 -4.4240703075036292e-01 1.1655003601887765e+01 1.1519698182954909e-05
1.8070708389932688e-02 -4.3235232550603647e-01 1.1658598854463815e+01 1.1215921886410860e-05
1.8070708389932688e-02 -4.2229762026171014e-01 1.1662763682731164e+01 1.0883230098261509e-05
1.8070708389932688e-02 -4.1224291501738369e-01 1.1667502141279972e+01 1.0526387527027301e-05
1.8070708389932688e-02 -4.0218820977305725e-01 1.1672818031471676e+01 1.0149860251565333e-05
1.8070708389932688e-02 -3.9213350452873080e-01 1.1678714967372491e+01 9.7577934402385481e-06
1.8070708389932688e-02 -3.8207879928440436e-01 1.1685196451846938e+01 9.3540025643552144e-06
1.8070708389932688e-02 -3.7202409404007797e-01 1.1692265957853291e+01 8.9419728713139566e-06
1.8070708389932688e-02 -3.6196938879575147e-01 1.1699927014961442e+01 8.5248641965064364e-06
1.8070708389932688e-02 -3.5191468355142508e-01 1.1708183303923281e+01 8.1055196556194348e-06
1.8070708389932688e-02 -3.4185997830709863e-01 1.1717038763987016e+01 7.6864774081451232e-06
1.8070708389932688e-02 -3.3180527306277219e-01 1.1726497719272071e+01 7.2699849373415082e-06
1.8070708389932688e-02 -3.2175056781844580e-01 1.1736565032349594e+01 6.8580153726615866e-06
1.8070708389932688e-02 -3.1169586257411935e-01 1.1747246295537328e+01 6.4522853975075975e-06
1.8070708389932688e-02 -3.0164115732979291e-01 1.1758548073640673e+01 6.0542742891924298e-06
1.8070708389932688e-02 -2.9158645208546646e-01 1.1770478216344175e+01 5.6652436498211737e-06
1.8070708389932688e-02 -2.8153174684114002e-01 1.1783046264722504e+01 5.2862574124976316e-06
1.8070708389932688e-02 -2.7147704159681363e-01 1.1796263985167872e+01 4.9182017460843441e-06
1.8070708389932688e-02 -2.6142233635248718e-01 1.1810146076579446e+01 4.5618045298198075e-06
1.8070708389932688e-02 -2.5136763110816074e-01 1.1824711114659227e+01 4.2176541226120123e-06
1.8070708389932688e-02 -2.4131292586383432e-01 1.1839982823266608e+01 3.8862172064397618e-06
1.8070708389932688e-02 -2.3125822061950788e-01 1.1855991801128097e+01 3.5678555363020696e-06
1.8070708389932688e-02 -2.2120351537518143e-01 1.1872777889307617e+01 3.2628414780663068e-06
1.8070708389932688e-02 -2.1114881013085501e-01 1.1890393451239301e+01 2.9713722590747650e-06
1.8070708389932688e-02 -2.0109410488652857e-01 1.1908907970125613e+01 2.6935828940049809e-06
1.8070708389932688e-02 -1.9103939964220218e-01 1.1928414577273262e+01 2.4295577796250788e-06
1.8070708389932688e-02 -1.8098469439787573e-01 1.1949039459907899e+01 2.1793409777917547e-06
1.8070708389932688e-02 -1.7092998915354929e-01 1.1970955647982045e+01 1.9429452261186045e-06
1.8070708389932688e-02 -1.6087528390922284e-01 1.1994403611922499e+01 1.7203597313579864e-06
1.8070708389932688e-02 -1.5082057866489645e-01 1.2019722734248173e+01 1.5115568126409876e-06
1.8070708389932688e-02 -1.4076587342057001e-01 1.2047400684523334e+01 1.3164974701350399e-06
1.8070708389932688e-02 -1.3071116817624356e-01 1.2078153385046917e+01 1.1351359614399898e-06
1.8070708389932688e-02 -1.2065646293191713e-01 1.2113059704699005e+01 9.6742347273068880e-07
1.8070708389932688e-02 -1.1060175768759069e-01 1.2153799899157205e+01 8.1331097430107490e-07
1.8070708389932688e-02 -1.0054705244326431e-01 1.2203103925953105e+01 6.7275135321403111e-07
1.8070708389932688e-02 -9.0492347198937867e-02 1.2265635799234765e+01 5.4570091605663152e-07
1.8070708389932688e-02 -8.0437641954611422e-02 1.2349635279354471e+01 4.3212035594127410e-07
1.8070708389932688e-02 -7.0382936710284977e-02 1.2468684237731274e+01 3.3197527727646028e-07
1.8070708389932688e-02 -6.0328231465958525e-02 1.2637711724321166e+01 2.4523636362209803e-07
1.8070708389932688e-02 -5.0273526221632080e-02 1.2853043173245936e+01 1.7187929748340958e-07
1.8070708389932688e-02 -4.0218820977305711e-02 1.3081362521539774e+01 1.1188448942557742e-07
1.8070708389932688e-02 -3.0164115732979262e-02 1.3291370058441782e+01 6.5236627638383375e-08
1.8070708389932688e-02 -2.0109410488652817e-02 1.3408222872415950e+01 3.1924470288605936e-08
1.8070708389932688e-02 -1.0054705244326374e-02 1.3345378589621738e+01 1.1940145215088340e-08
1.8070708389932688e-02 7.1065644079062674e-17 1.3284243074068430e+01 5.2791810538501017e-09
1.8070708389932688e-02 1.0054705244326445e-02 1.3345378589621754e+01 1.1940136226519573e-08
1.8070708389932688e-02 2.0109410488652890e-02 1.3408222872415932e+01 3.1924446640217795e-08
1.8070708389932688e-02 3.0164115732979335e-02 1.3291370058441757e+01 6.5236630601056682e-08
1.8070708389932688e-02 4.0218820977305780e-02 1.3081362521539782e+01 1.1188447189538225e-07
1.8070708389932688e-02 5.0273526221632225e-02 1.2853043173245931e+01 1.7187929249763397e-07
1.8070708389932688e-02 6.0328231465958670e-02 1.2637711724321180e+01 2.4523636012580940e-07
1.8070708389932688e-02 7.0382936710285046e-02 1.2468684237731271e+01 3.3197527663244959e-07
1.8070708389932688e-02 8.0437641954611491e-02 1.2349635279354468e+01 4.3212035539868665e-07
1.8070708389932688e-02 9.0492347198937936e-02 1.2265635799234758e+01 5.4570091567987508e-07
1.8070708389932688e-02 1.0054705244326438e-01 1.2203103925953116e+01 6.7275135295554069e-07
1.8070708389932688e-02 1.1060175768759083e-01 1.2153799899157214e+01 8.1331097417866456e-07
1.8070708389932688e-02 1.2065646293191720e-01 1.2113059704699003e+01 9.6742347270834746e-07
1.8070708389932688e-02 1.3071116817624365e-01 1.2078153385046926e+01 1.1351359614234547e-06
1.8070708389932688e-02 1.4076587342057009e-01 1.2047400684523334e+01 1.3164974700936920e-06
1.8070708389932688e-02 1.5082057866489645e-01 1.2019722734248168e+01 1.5115568126339831e-06
1.8070708389932688e-02 1.6087528390922298e-01 1.1994403611922497e+01 1.7203597313356898e-06
1.8070708389932688e-02 1.7092998915354934e-01 1.1970955647982040e+01 1.9429452261109630e-06
1.8070708389932688e-02 1.8098469439787587e-01 1.1949039459907898e+01 2.1793409777883208e-06
1.8070708389932688e-02 1.9103939964220223e-01 1.1928414577273267e+01 2.4295577796179299e-06
1.8070708389932688e-02 2.0109410488652862e-01 1.1908907970125616e+01 2.6935828940026126e-06
1.8070708389932688e-02 2.1114881013085512e-01 1.1890393451239307e+01 2.9713722590696353e-06
1.8070708389932688e-02 2.2120351537518151e-01 1.1872777889307606e+01 3.2628414780668676e-06
1.8070708389932688e-02 2.3125822061950801e-01 1.1855991801128097e+01 3.5678555363008570e-06
1.8070708389932688e-02 2.4131292586383440e-01 1.1839982823266608e+01 3.8862172064377620e-06
1.8070708389932688e-02 2.5136763110816079e-01 1.1824711114659230e+01 4.2176541226093653e-06
1.8070708389932688e-02 2.6142233635248729e-01 1.1810146076579457e+01 4.5618045298185141e-06
1.8070708389932688e-02 2.7147704159681368e-01 1.1796263985167865e+01 4.9182017460848921e-06
1.8070708389932688e-02 2.8153174684114018e-01 1.1783046264722506e+01 5.2862574124967456e-06
1.8070708389932688e-02 2.9158645208546657e-01 1.1770478216344179e+01 5.6652436498205782e-06
1.8070708389932688e-02 3.0164115732979291e-01 1.1758548073640666e+01 6.0542742891920707e-06
1.8070708389932688e-02 3.1169586257411946e-01 1.1747246295537334e+01 6.4522853975073637e-06
1.8070708389932688e-02 3.2175056781844580e-01 1.1736565032349578e+01 6.8580153726625844e-06
1.8070708389932688e-02 3.3180527306277235e-01 1.1726497719272077e+01 7.2699849373402427e-06
1.8070708389932688e-02 3.4185997830709869e-01 1.1717038763987018e+01 7.6864774081436799e-06
1.8070708389932688e-02 3.5191468355142524e-01 1.1708183303923272e+01 8.1055196556200429e-06
1.8070708389932688e-02 3.6196938879575158e-01 1.1699927014961448e+01 8.5248641965059248e-06
1.8070708389932688e-02 3.7202409404007797e-01 1.1692265957853282e+01 8.9419728713140701e-06
1.8070708389932688e-02 3.8207879928440447e-01 1.1685196451846938e+01 9.3540025643551992e-06
1.8070708389932688e-02 3.9213350452873086e-01 1.1678714967372487e+01 9.7577934402379653e-06
1.8070708389932688e-02 4.0218820977305736e-01 1.1672818031471682e+01 1.0149860251565526e-05
1.8070708389932688e-02 4.1224291501738375e-01 1.1667502141279966e+01 1.0526387527026386e-05
1.8070708389932688e-02 4.2229762026171014e-01 1.1662763682731169e+01 1.0883230098262242e-05
1.8070708389932688e-02 4.3235232550603664e-01 1.1658598854463815e+01 1.1215921886410440e-05
1.8070708389932688e-02 4.4240703075036303e-01 1.1655003601887765e+01 1.1519698182954685e-05
1.8070708389932688e-02 4.5246173599468953e-01 1.1651973584529367e+01 1.1789388257276610e-05
1.8070708389932688e-02 4.6251644123901592e-01 1.1649504947004294e+01 1.2006510194711936e-05
1.8070708389932688e-02 4.7257114648334225e-01 1.1647614609899746e+01 1.1785463351107750e-05
1.8070708389932688e-02 4.8262585172766881e-01 1.1646407077368766e+01 9.3672442057474702e-06
1.8070708389932688e-02 4.9268055697199514e-01 1.1645964545105413e+01 8.1661576846087677e-06
1.8070708389932688e-02 5.0273526221632159e-01 1.1645904294941303e+01 8.4739174667519831e-06
3.6141416779865376e-02 -5.0273526221632159e-01 1.1650276793628885e+01 8.6715612371785918e-06
3.6141416779865376e-02 -4.9268055697199509e-01 1.1650346106661374e+01 8.3152868771239569e-06
3.6141416779865376e-02 -4.8262585172766864e-01 1.1650816447373092e+01 9.3804229780324042e-06
3.6141416779865376e-02 -4.7257114648334225e-01 1.1652060744366187e+01 1.1683829609066411e-05
3.6141416779865376e-02 -4.6251644123901581e-01 1.1653987616347671e+01 1.1889289796392867e-05
3.6141416779865376e-02 -4.5246173599468936e-01 1.1656501222477599e+01 1.1675078915739021e-05
3.6141416779865376e-02 -4.4240703075036292e-01 1.1659586740259373e+01 1.1409347172219921e-05
3.6141416779865376e-02 -4.3235232550603647e-01 1.1663248417671685e+01 1.1109847754480964e-05
3.6141416779865376e-02 -4.2229762026171014e-01 1.1667490963303312e+01 1.0781651268398035e-05
3.6141416779865376e-02 -4.1224291501738369e-01 1.1672318836352371e+01 1.0429448954365122e-05
3.6141416779865376e-02 -4.0218820977305725e-01 1.1677736278562936e+01 1.0057649295053637e-05
3.6141416779865376e-02 -3.9213350452873080e-01 1.1683747378346604e+01 9.6703522536041464e-06
3.6141416779865376e-02 -3.8207879928440436e-01 1.1690356144359056e+01 9.2713375711257273e-06
3.6141416779865376e-02 -3.7202409404007797e-01 1.1697566583284702e+01 8.8640619672549834e-06
3.6141416779865376e-02 -3.6196938879575147e-01 1.1705382781542076e+01 8.4516622612257742e-06
3.6141416779865376e-02 -3.5191468355142508e-01 1.1713808993347843e+01 8.0369628382237323e-06
3.6141416779865376e-02 -3.4185997830709863e-01 1.1722849739297434e+01 7.6224865330718187e-06
3.6141416779865376e-02 -3.3180527306277219e-01 1.1732509921044404e+01 7.2104682759143399e-06
3.6141416779865376e-02 -3.2175056781844580e-01 1.1742794959212624e+01 6.8028709482713586e-06
3.6141416779865376e-02 -3.1169586257411935e-01 1.1753710963661661e+01 6.4014029359059623e-06
3.6141416779865376e-02 -3.0164115732979291e-01 1.1765264947925731e+01 6.0075368862517609e-06
3.6141416779865376e-02 -2.9158645208546646e-01 1.1777465103391147e+01 5.6225292032509887e-06
3.6141416779865376e-02 -2.8153174684114002e-01 1.1790321154008588e+01 5.2474398476526001e-06
3.6141416779865376e-02 -2.7147704159681363e-01 1.1803844819684750e+01 4.8831520563221400e-06
3.6141416779865376e-02 -2.6142233635248718e-01 1.1818050426892905e+01 4.5303916465628494e-06
3.6141416779865376e-02 -2.5136763110816074e-01 1.1832955719865142e+01 4.1897456277534387e-06
3.6141416779865376e-02 -2.4131292586383432e-01 1.1848582947077047e+01 3.8616798988858020e-06
3.6141416779865376e-02 -2.3125822061950788e-01 1.1864960328826932e+01 3.5465558644041851e-06
3.6141416779865376e-02 -2.2120351537518143e-01 1.1882124057564665e+01 3.2446458501488062e-06
3.6141416779865376e-02 -2.1114881013085501e-01 1.1900121051195002e+01 2.9561472447252540e-06
3.6141416779865376e-02 -2.0109410488652857e-01 1.1919012783719520e+01 2.6811953292369949e-06
3.6141416779865376e-02 -1.9103939964220218e-01 1.1938880678464452e+01 2.4198747893488470e-06
3.6141416779865376e-02 -1.8098469439787573e-01 1.1959833802479388e+01 2.1722299291004735e-06
3.6141416779865376e-02 -1.7092998915354929e-01 1.1982020008250956e+01 1.9382736259270734e-06
3.6141416779865376e-02 -1.6087528390922284e-01 1.2005642340683846e+01 1.7179950816812243e-06
3.6141416779865376e-02 -1.5082057866489645e-01 1.2030983666135622e+01 1.5113664364558186e-06
3.6141416779865376e-02 -1.4076587342057001e-01 1.2058444475362212e+01 1.3183483203193453e-06
3.6141416779865376e-02 -1.3071116817624356e-01 1.2088602449144359e+01 1.1388944245589866e-06
3.6141416779865376e-02 -1.2065646293191713e-01 1.2122309344502746e+01 9.7295517870578902e-07
3.6141416779865376e-02 -1.1060175768759069e-01 1.2160854967441489e+01 8.2048062199868480e-07
3.6141416779865376e-02 -1.0054705244326431e-01 1.2206258604175520e+01 6.8142256088498483e-07
3.6141416779865376e-02 -9.0492347198937867e-02 1.2261810702349340e+01 5.5573610420388319e-07
3.6141416779865376e-02 -8.0437641954611422e-02 1.2333051211398773e+01 4.4338066867359732e-07
3.6141416779865376e-02 -7.0382936710284977e-02 1.2429006865644917e+01 3.4432054597229834e-07
3.6141416779865376e-02 -6.0328231465958525e-02 1.2561089229461361e+01 2.5852511739457155e-07
3.6141416779865376e-02 -5.0273526221632080e-02 1.2732589166576696e+01 1.8596881742793204e-07
3.6141416779865376e-02 -4.0218820977305711e-02 1.2924107912074051e+01 1.2663091169912081e-07
3.6141416779865376e-02 -3.0164115732979262e-02 1.3101802293484676e+01 8.0495113610770597e-08
3.6141416779865376e-02 -2.0109410488652817e-02 1.3241260542402262e+01 4.7549281254211070e-08
3.6141416779865376e-02 -1.0054705244326374e-02 1.3334046043844635e+01 2.7785048735589910e-08
3.6141416779865376e-02 7.1065644079062674e-17 1.3368769582772797e+01 2.1197523393427596e-08
3.6141416779865376e-02 1.0054705244326445e-02 1.3334046043844635e+01 2.7785044097439766e-08
3.6141416779865376e-02 2.0109410488652890e-02 1.3241260542402248e+01 4.7549270129793881e-08
3.6141416779865376e-02 3.0164115732979335e-02 1.3101802293484667e+01 8.0495112167340428e-08
3.6141416779865376e-02 4.0218820977305780e-02 1.2924107912074062e+01 1.2663090100504625e-07
3.6141416779865376e-02 5.0273526221632225e-02 1.2732589166576711e+01 1.8596881379352246e-07
3.6141416779865376e-02 6.0328231465958670e-02 1.2561089229461372e+01 2.5852511710873870e-07
3.6141416779865376e-02 7.0382936710285046e-02 1.2429006865644915e+01 3.4432054543044904e-07
3.6141416779865376e-02 8.0437641954611491e-02 1.2333051211398768e+01 4.4338066822728475e-07
3.6141416779865376e-02 9.0492347198937936e-02 1.2261810702349335e+01 5.5573610393723203e-07
3.6141416779865376e-02 1.0054705244326438e-01 1.2206258604175529e+01 6.8142256072373718e-07
3.6141416779865376e-02 1.1060175768759083e-01 1.2160854967441484e+01 8.2048062191667825e-07
3.6141416779865376e-02 1.2065646293191720e-01 1.2122309344502735e+01 9.7295517869154256e-07
3.6141416779865376e-02 1.3071116817624365e-01 1.2088602449144359e+01 1.1388944245515136e-06
3.6141416779865376e-02 1.4076587342057009e-01 1.2058444475362204e+01 1.3183483202883919e-06
3.6141416779865376e-02 1.5082057866489645e-01 1.2030983666135617e+01 1.5113664364533577e-06
3.6141416779865376e-02 1.6087528390922298e-01 1.2005642340683842e+01 1.7179950816653397e-06
3.6141416779865376e-02 1.7092998915354934e-01 1.1982020008250949e+01 1.9382736259244349e-06
3.6141416779865376e-02 1.8098469439787587e-01 1.1959833802479388e+01 2.1722299290975386e-06
3.6141416779865376e-02 1.9103939964220223e-01 1.1938880678464447e+01 2.4198747893422549e-06
3.6141416779865376e-02 2.0109410488652862e-01 1.1919012783719523e+01 2.6811953292361584e-06
3.6141416779865376e-02 2.1114881013085512e-01 1.1900121051194995e+01 2.9561472447203903e-06
3.6141416779865376e-02 2.2120351537518151e-01 1.1882124057564658e+01 3.2446458501500056e-06
3.6141416779865376e-02 2.3125822061950801e-01 1.1864960328826925e+01 3.5465558644035193e-06
3.6141416779865376e-02 2.4131292586383440e-01 1.1848582947077036e+01 3.8616798988832787e-06
3.6141416779865376e-02 2.5136763110816079e-01 1.1832955719865147e+01 4.1897456277525383e-06
3.6141416779865376e-02 2.6142233635248729e-01 1.1818050426892915e+01 4.5303916465605802e-06
3.6141416779865376e-02 2.7147704159681368e-01 1.1803844819684759e+01 4.8831520563233377e-06
3.6141416779865376e-02 2.8153174684114018e-01 1.1790321154008607e+01 5.2474398476519191e-06
3.6141416779865376e-02 2.9158645208546657e-01 1.1777465103391133e+01 5.6225292032492413e-06
3.6141416779865376e-02 3.0164115732979291e-01 1.1765264947925722e+01 6.0075368862519710e-06
3.6141416779865376e-02 3.1169586257411946e-01 1.1753710963661669e+01 6.4014029359051686e-06
3.6141416779865376e-02 3.2175056781844580e-01 1.1742794959212612e+01 6.8028709482722861e-06
3.6141416779865376e-02 3.3180527306277235e-01 1.1732509921044391e+01 7.2104682759129559e-06
3.6141416779865376e-02 3.4185997830709869e-01 1.1722849739297427e+01 7.6224865330710411e-06
3.6141416779865376e-02 3.5191468355142524e-01 1.1713808993347847e+01 8.0369628382240694e-06
3.6141416779865376e-02 3.6196938879575158e-01 1.1705382781542069e+01 8.4516622612254981e-06
3.6141416779865376e-02 3.7202409404007797e-01 1.1697566583284692e+01 8.8640619672553747e-06
3.6141416779865376e-02 3.8207879928440447e-01 1.1690356144359059e+01 9.2713375711254563e-06
3.6141416779865376e-02 3.9213350452873086e-01 1.1683747378346602e+01 9.6703522536036602e-06
3.6141416779865376e-02 4.0218820977305736e-01 1.1677736278562943e+01 1.0057649295053963e-05
3.6141416779865376e-02 4.1224291501738375e-01 1.1672318836352371e+01 1.0429448954364324e-05
3.6141416779865376e-02 4.2229762026171014e-01 1.1667490963303306e+01 1.0781651268398678e-05
3.6141416779865376e-02 4.3235232550603664e-01 1.1663248417671699e+01 1.1109847754480586e-05
3.6141416779865376e-02 4.4240703075036303e-01 1.1659586740259362e+01 1.1409347172219702e-05
3.6141416779865376e-02 4.5246173599468953e-01 1.1656501222477608e+01 1.1675078915738923e-05
3.6141416779865376e-02 4.6251644123901592e-01 1.1653987616347679e+01 1.1889289796392191e-05
3.6141416779865376e-02 4.7257114648334225e-01 1.1652060744366180e+01 1.1683829609066899e-05
3.6141416779865376e-02 4.8262585172766881e-01 1.1650816447373098e+01 9.3804229780324178e-06
3.6141416779865376e-02 4.9268055697199514e-01 1.1650346106661356e+01 8.3152868771238586e-06
3.6141416779865376e-02 5.0273526221632159e-01 1.1650276793628885e+01 8.6715612371789069e-06
5.4212125169798064e-02 -5.0273526221632159e-01 1.1657559175290523e+01 8.9356438133699120e-06
5.4212125169798064e-02 -4.9268055697199509e-01 1.1657643248522957e+01 8.5058740935074550e-06
5.4212125169798064e-02 -4.8262585172766864e-01 1.1658158365795591e+01 9.3706232850876859e-06
5.4212125169798064e-02 -4.7257114648334225e-01 1.1659462428597802e+01 1.1509483401269970e-05
5.4212125169798064e-02 -4.6251644123901581e-01 1.1661450736050842e+01 1.1693570846732434e-05
5.4212125169798064e-02 -4.5246173599468936e-01 1.1664040422916852e+01 1.1484641872287935e-05
5.4212125169798064e-02 -4.4240703075036292e-01 1.1667219832791989e+01 1.1225799969017387e-05
5.4212125169798064e-02 -4.3235232550603647e-01 1.1670993853250007e+01 1.0933714530927344e-05
5.4212125169798064e-02 -4.2229762026171014e-01 1.1675367804744557e+01 1.0613280459772546e-05
5.4212125169798064e-02 -4.1224291501738369e-01 1.1680346821971874e+01 1.0269059497181478e-05
5.4212125169798064e-02 -4.0218820977305725e-01 1.1685935885796413e+01 9.9053598906132477e-06
5.4212125169798064e-02 -3.9213350452873080e-01 1.1692139885835026e+01 9.5262041507831772e-06
5.4212125169798064e-02 -3.8207879928440436e-01 1.1698963691501273e+01 9.1353119089044643e-06
5.4212125169798064e-02 -3.7202409404007797e-01 1.1706412225826773e+01 8.7360928694340319e-06
5.4212125169798064e-02 -3.6196938879575147e-01 1.1714490541328459e+01 8.3316467604941533e-06
5.4212125169798064e-02 -3.5191468355142508e-01 1.1723203899803936e+01 7.9247684922698888e-06
5.4212125169798064e-02 -3.4185997830709863e-01 1.1732557859461899e+01 7.5179573784491537e-06
5.4212125169798064e-02 -3.3180527306277219e-01 1.1742558373932621e+01 7.1134295818648977e-06
5.4212125169798064e-02 -3.2175056781844580e-01 1.1753211908865891e+01 6.7131330908119189e-06
5.4212125169798064e-02 -3.1169586257411935e-01 1.1764525583275981e+01 6.3187646088186649e-06
5.4212125169798064e-02 -3.0164115732979291e-01 1.1776507344762093e+01 5.9317877930950741e-06
5.4212125169798064e-02 -2.9158645208546646e-01 1.1789166190460747e+01 5.5534523256748803e-06
5.4212125169798064e-02 -2.8153174684114002e-01 1.1802512449391232e+01 5.1848133537159575e-06
5.4212125169798064e-02 -2.7147704159681363e-01 1.1816558147176661e+01 4.8267508928726136e-06
5.4212125169798064e-02 -2.6142233635248718e-01 1.1831317481599378e+01 4.4799888482334521e-06
5.4212125169798064e-02 -2.5136763110816074e-01 1.1846807448018151e+01 4.1451133687794835e-06
5.4212125169798064e-02 -2.4131292586383432e-01 1.1863048668729665e+01 3.8225903107966585e-06
5.4212125169798064e-02 -2.3125822061950788e-01 1.1880066501999707e+01 3.5127816413664763e-06
5.4212125169798064e-02 -2.2120351537518143e-01 1.1897892537916945e+01 3.2159606633340731e-06
5.4212125169798064e-02 -2.1114881013085501e-01 1.1916566634368387e+01 2.9323259871745059e-06
5.4212125169798064e-02 -2.0109410488652857e-01 1.1936139715012455e+01 2.6620142127788552e-06
5.4212125169798064e-02 -1.9103939964220218e-01 1.1956677654366629e+01 2.4051113152198149e-06
5.4212125169798064e-02 -1.8098469439787573e-01 1.1978266732742636e+01 2.1616627538413209e-06
5.4212125169798064e-02 -1.7092998915354929e-01 1.2001021388065158e+01 1.9316823437389605e-06
5.4212125169798064e-02 -1.6087528390922284e-01 1.2025095376573482e+01 1.7151599441288012e-06
5.4212125169798064e-02 -1.5082057866489645e-01 1.2050698072152315e+01 1.5120680295181576e-06
5.4212125169798064e-02 -1.4076587342057001e-01 1.2078118645840862e+01 1.3223672181440605e-06
5.4212125169798064e-02 -1.3071116817624356e-01 1.2107762564470255e+01 1.1460108380292479e-06
5.4212125169798064e-02 -1.2065646293191713e-01 1.2140207781227510e+01 9.8294861568774713e-07
5.4212125169798064e-02 -1.1060175768759069e-01 1.2176293264138449e+01 8.3312957474060107e-07
5.4212125169798064e-02 -1.0054705244326431e-01 1.2217262370244306e+01 6.9650423390002240e-07
5.4212125169798064e-02 -9.0492347198937867e-02 1.2265001104017067e+01 5.7302619440335106e-07
5.4212125169798064e-02 -8.0437641954611422e-02 1.2322425370151054e+01 4.6265320667004299e-07
5.4212125169798064e-02 -7.0382936710284977e-02 1.2393971510432959e+01 3.6534780517429366e-07
5.4212125169798064e-02 -6.0328231465958525e-02 1.2485605841482514e+01 2.8107759731720361e-07
5.4212125169798064e-02 -5.0273526221632080e-02 1.2602145375063447e+01 2.0981528933871439e-07
5.4212125169798064e-02 -4.0218820977305711e-02 1.2739044542279311e+01 1.5153854112633633e-07
5.4212125169798064e-02 -3.0164115732979262e-02 1.2877067450614362e+01 1.0622967623012490e-07
5.4212125169798064e-02 -2.0109410488652817e-02 1.2991680509582016e+01 7.3875391583392335e-08
5.4212125169798064e-02 -1.0054705244326374e-02 1.3065145755217811e+01 5.4466440045786698e-08
5.4212125169798064e-02 7.1065644079062674e-17 1.3074424249322805e+01 4.7997377548094116e-08
5.4212125169798064e-02 1.0054705244326445e-02 1.3065145755217802e+01 5.4466442685644188e-08
5.4212125169798064e-02 2.0109410488652890e-02 1.2991680509582006e+01 7.3875392376155206e-08
5.4212125169798064e-02 3.0164115732979335e-02 1.2877067450614366e+01 1.0622967428370004e-07
5.4212125169798064e-02 4.0218820977305780e-02 1.2739044542279331e+01 1.5153853536067735e-07
5.4212125169798064e-02 5.0273526221632225e-02 1.2602145375063456e+01 2.0981528884556995e-07
5.4212125169798064e-02 6.0328231465958670e-02 1.2485605841482505e+01 2.8107759621512619e-07
5.4212125169798064e-02 7.0382936710285046e-02 1.2393971510432962e+01 3.6534780473057068e-07
5.4212125169798064e-02 8.0437641954611491e-02 1.2322425370151056e+01 4.6265320640622262e-07
5.4212125169798064e-02 9.0492347198937936e-02 1.2265001104017067e+01 5.7302619422301721e-07
5.4212125169798064e-02 1.0054705244326438e-01 1.2217262370244301e+01 6.9650423381746506e-07
5.4212125169798064e-02 1.1060175768759083e-01 1.2176293264138438e+01 8.3312957468314863e-07
5.4212125169798064e-02 1.2065646293191720e-01 1.2140207781227504e+01 9.8294861567623850e-07
5.4212125169798064e-02 1.3071116817624365e-01 1.2107762564470249e+01 1.1460108380102784e-06
5.4212125169798064e-02 1.4076587342057009e-01 1.2078118645840849e+01 1.3223672181195929e-06
5.4212125169798064e-02 1.5082057866489645e-01 1.2050698072152306e+01 1.5120680295160149e-06
5.4212125169798064e-02 1.6087528390922298e-01 1.2025095376573484e+01 1.7151599441177823e-06
5.4212125169798064e-02 1.7092998915354934e-01 1.2001021388065178e+01 1.9316823437375676e-06
5.4212125169798064e-02 1.8098469439787587e-01 1.1978266732742636e+01 2.1616627538397424e-06
5.4212125169798064e-02 1.9103939964220223e-01 1.1956677654366629e+01 2.4051113152140386e-06
5.4212125169798064e-02 2.0109410488652862e-01 1.1936139715012452e+01 2.6620142127754167e-06
5.4212125169798064e-02 2.1114881013085512e-01 1.1916566634368383e+01 2.9323259871728309e-06
5.4212125169798064e-02 2.2120351537518151e-01 1.1897892537916960e+01 3.2159606633343395e-06
5.4212125169798064e-02 2.3125822061950801e-01 1.1880066501999710e+01 3.5127816413664348e-06
5.4212125169798064e-02 2.4131292586383440e-01 1.1863048668729654e+01 3.8225903107932788e-06
5.4212125169798064e-02 2.5136763110816079e-01 1.1846807448018149e+01 4.1451133687785865e-06
5.4212125169798064e-02 2.6142233635248729e-01 1.1831317481599390e+01 4.4799888482319656e-06
5.4212125169798064e-02 2.7147704159681368e-01 1.1816558147176663e+01 4.8267508928719004e-06
5.4212125169798064e-02 2.8153174684114018e-01 1.1802512449391248e+01 5.1848133537167715e-06
5.4212125169798064e-02 2.9158645208546657e-01 1.1789166190460747e+01 5.5534523256728313e-06
5.4212125169798064e-02 3.0164115732979291e-01 1.1776507344762097e+01 5.9317877930952190e-06
5.4212125169798064e-02 3.1169586257411946e-01 1.1764525583275974e+01 6.3187646088186335e-06
5.4212125169798064e-02 3.2175056781844580e-01 1.1753211908865891e+01 6.7131330908127278e-06
5.4212125169798064e-02 3.3180527306277235e-01 1.1742558373932621e+01 7.1134295818637745e-06
5.4212125169798064e-02 3.4185997830709869e-01 1.1732557859461892e+01 7.5179573784490114e-06
5.4212125169798064e-02 3.5191468355142524e-01 1.1723203899803931e+01 7.9247684922697618e-06
5.4212125169798064e-02 3.6196938879575158e-01 1.1714490541328455e+01 8.3316467604934130e-06
5.4212125169798064e-02 3.7202409404007797e-01 1.1706412225826776e+01 8.7360928694336796e-06
5.4212125169798064e-02 3.8207879928440447e-01 1.1698963691501264e+01 9.1353119089047252e-06
5.4212125169798064e-02 3.9213350452873086e-01 1.1692139885835033e+01 9.5262041507825487e-06
5.4212125169798064e-02 4.0218820977305736e-01 1.1685935885796415e+01 9.9053598906129563e-06
5.4212125169798064e-02 4.1224291501738375e-01 1.1680346821971867e+01 1.0269059497180865e-05
5.4212125169798064e-02 4.2229762026171014e-01 1.1675367804744543e+01 1.0613280459773413e-05
5.4212125169798064e-02 4.3235232550603664e-01 1.1670993853250005e+01 1.0933714530927275e-05
5.4212125169798064e-02 4.4240703075036303e-01 1.1667219832791991e+01 1.1225799969017536e-05
5.4212125169798064e-02 4.5246173599468953e-01 1.1664040422916846e+01 1.1484641872287953e-05
5.4212125169798064e-02 4.6251644123901592e-01 1.1661450736050844e+01 1.1693570846731867e-05
5.4212125169798064e-02 4.7257114648334225e-01 1.1659462428597791e+01 1.1509483401270147e-05
5.4212125169798064e-02 4.8262585172766881e-01 1.1658158365795597e+01 9.3706232850873301e-06
5.4212125169798064e-02 4.9268055697199514e-01 1.1657643248522950e+01 8.5058740935075566e-06
5.4212125169798064e-02 5.0273526221632159e-01 1.1657559175290523e+01 8.9356438133702847e-06
7.2282833559730753e-02 -5.0273526221632159e-01 1.1667705093647708e+01 9.1961417628231208e-06
7.2282833559730753e-02 -4.9268055697199509e-01 1.1667809250689803e+01 8.6763762473962094e-06
7.2282833559730753e-02 -4.8262585172766864e-01 1.1668384394957421e+01 9.3048442756010766e-06
7.2282833559730753e-02 -4.7257114648334225e-01 1.1669769595410378e+01 1.1257413553564438e-05
7.2282833559730753e-02 -4.6251644123901581e-01 1.1671844865590980e+01 1.1419176342143269e-05
7.2282833559730753e-02 -4.5246173599468936e-01 1.1674543022707631e+01 1.1218460394275848e-05
7.2282833559730753e-02 -4.4240703075036292e-01 1.1677856287641859e+01 1.0969860828572120e-05
7.2282833559730753e-02 -4.3235232550603647e-01 1.1681790420135284e+01 1.0688735131383491e-05
7.2282833559730753e-02 -4.2229762026171014e-01 1.1686351596086499e+01 1.0379713449894122e-05
7.2282833559730753e-02 -4.1224291501738369e-01 1.1691545899627911e+01 1.0047162130498826e-05
7.2282833559730753e-02 -4.0218820977305725e-01 1.1697379357091378e+01 9.6952409071279589e-06
7.2282833559730753e-02 -3.9213350452873080e-01 1.1703858000029113e+01 9.3278600986351959e-06
7.2282833559730753e-02 -3.8207879928440436e-01 1.1710987935650575e+01 8.9486545977478665e-06
7.2282833559730753e-02 -3.7202409404007797e-01 1.1718775418465372e+01 8.5609698953151704e-06
7.2282833559730753e-02 -3.6196938879575147e-01 1.1727226921903060e+01 8.1678568485422564e-06
7.2282833559730753e-02 -3.5191468355142508e-01 1.1736349211188491e+01 7.7720730573855818e-06
7.2282833559730753e-02 -3.4185997830709863e-01 1.1746149420061949e+01 7.3760893570960813e-06
7.2282833559730753e-02 -3.3180527306277219e-01 1.1756635134759030e+01 6.9821002954435746e-06
7.2282833559730753e-02 -3.2175056781844580e-01 1.1767814489395096e+01 6.5920376745901387e-06
7.2282833559730753e-02 -3.1169586257411935e-01 1.1779696277765353e+01 6.2075863740644207e-06
7.2282833559730753e-02 -3.0164115732979291e-01 1.1792290087742330e+01 5.8302017724616386e-06
7.2282833559730753e-02 -2.9158645208546646e-01 1.1805606466082262e+01 5.4611281713150640e-06
7.2282833559730753e-02 -2.8153174684114002e-01 1.1819657123732664e+01 5.1014177040064593e-06
7.2282833559730753e-02 -2.7147704159681363e-01 1.1834455194916375e+01 4.7519492889549740e-06
7.2282833559730753e-02 -2.6142233635248718e-01 1.1850015567711049e+01 4.4134472598324940e-06
7.2282833559730753e-02 -2.5136763110816074e-01 1.1866355310065250e+01 4.0864993755113510e-06
7.2282833559730753e-02 -2.4131292586383432e-01 1.1883494223940694e+01 3.7715739774703904e-06
7.2282833559730753e-02 -2.3125822061950788e-01 1.1901455572649647e+01 3.4690361212755214e-06
7.2282833559730753e-02 -2.2120351537518143e-01 1.1920267044087486e+01 3.1791625611287469e-06
7.2282833559730753e-02 -2.1114881013085501e-01 1.1939962037853448e+01 2.9021555114560951e-06
7.2282833559730753e-02 -2.0109410488652857e-01 1.1960581400789373e+01 2.6381551476386430e-06
7.2282833559730753e-02 -1.9103939964220218e-01 1.1982175788601209e+01 2.3872508392957476e-06
7.2282833559730753e-02 -1.8098469439787573e-01 1.2004808908938589e+01 2.1494911346787505e-06
7.2282833559730753e-02 -1.7092998915354929e-01 1.2028562015443947e+01 1.9248925346073978e-06
7.2282833559730753e-02 -1.6087528390922284e-01 1.2053540190187691e+01 1.7134471094143337e-06
7.2282833559730753e-02 -1.5082057866489645e-01 1.2079881198305296e+01 1.5151290238733279e-06
7.2282833559730753e-02 -1.4076587342057001e-01 1.2107768056868293e+01 1.3299000432511713e-06
7.2282833559730753e-02 -1.3071116817624356e-01 1.2137446969823015e+01 1.1577140994472755e-06
7.2282833559730753e-02 -1.2065646293191713e-01 1.2169252975380410e+01 9.9852100047911593e-07
7.2282833559730753e-02 -1.1060175768759069e-01 1.2203646515123674e+01 8.5226936863375442e-07
7.2282833559730753e-02 -1.0054705244326431e-01 1.2241264965576208e+01 7.1890889446217207e-07
7.2282833559730753e-02 -9.0492347198937867e-02 1.2282993059675642e+01 5.9839199406302257e-07
7.2282833559730753e-02 -8.0437641954611422e-02 1.2330050945496836e+01 4.9067495653909287e-07
7.2282833559730753e-02 -7.0382936710284977e-02 1.2384068372034857e+01 3.9571866731053301e-07
7.2282833559730753e-02 -6.0328231465958525e-02 1.2446983471476555e+01 3.1348899019320835e-07
7.2282833559730753e-02 -5.0273526221632080e-02 1.2520288056156474e+01 2.4395688838874795e-07
7.2282833559730753e-02 -4.0218820977305711e-02 1.2602971506115214e+01 1.8709835856710457e-07
7.2282833559730753e-02 -3.0164115732979262e-02 1.2688739834725027e+01 1.4289424690139465e-07
7.2282833559730753e-02 -2.0109410488652817e-02 1.2765101586987273e+01 1.1133001305962142e-07
7.2282833559730753e-02 -1.0054705244326374e-02 1.2815677852661016e+01 9.2395480693576645e-08
7.2282833559730753e-02 7.1065644079062674e-17 1.2828834532398540e+01 8.6084632651025270e-08
7.2282833559730753e-02 1.0054705244326445e-02 1.2815677852661016e+01 9.2395481978211324e-08
7.2282833559730753e-02 2.0109410488652890e-02 1.2765101586987262e+01 1.1133001212937734e-07
7.2282833559730753e-02 3.0164115732979335e-02 1.2688739834725022e+01 1.4289424544069936e-07
7.2282833559730753e-02 4.0218820977305780e-02 1.2602971506115239e+01 1.8709835736698824e-07
7.2282833559730753e-02 5.0273526221632225e-02 1.2520288056156479e+01 2.4395688811933732e-07
7.2282833559730753e-02 6.0328231465958670e-02 1.2446983471476544e+01 3.1348899015491918e-07
7.2282833559730753e-02 7.0382936710285046e-02 1.2384068372034850e+01 3.9571866714239755e-07
7.2282833559730753e-02 8.0437641954611491e-02 1.2330050945496859e+01 4.9067495639840588e-07
7.2282833559730753e-02 9.0492347198937936e-02 1.2282993059675647e+01 5.9839199396247277e-07
7.2282833559730753e-02 1.0054705244326438e-01 1.2241264965576208e+01 7.1890889441236802e-07
7.2282833559730753e-02 1.1060175768759083e-01 1.2203646515123669e+01 8.5226936860400038e-07
7.2282833559730753e-02 1.2065646293191720e-01 1.2169252975380418e+01 9.9852100046921750e-07
7.2282833559730753e-02 1.3071116817624365e-01 1.2137446969823012e+01 1.1577140994343434e-06
7.2282833559730753e-02 1.4076587342057009e-01 1.2107768056868307e+01 1.3299000432285526e-06
7.2282833559730753e-02 1.5082057866489645e-01 1.2079881198305303e+01 1.5151290238697127e-06
7.2282833559730753e-02 1.6087528390922298e-01 1.2053540190187695e+01 1.7134471094054025e-06
7.2282833559730753e-02 1.7092998915354934e-01 1.2028562015443947e+01 1.9248925346014194e-06
7.2282833559730753e-02 1.8098469439787587e-01 1.2004808908938603e+01 2.1494911346834016e-06
7.2282833559730753e-02 1.9103939964220223e-01 1.1982175788601202e+01 2.3872508392907729e-06
7.2282833559730753e-02 2.0109410488652862e-01 1.1960581400789367e+01 2.6381551476361734e-06
7.2282833559730753e-02 2.1114881013085512e-01 1.1939962037853435e+01 2.9021555114532008e-06
7.2282833559730753e-02 2.2120351537518151e-01 1.1920267044087492e+01 3.1791625611270664e-06
7.2282833559730753e-02 2.3125822061950801e-01 1.1901455572649629e+01 3.4690361212772917e-06
7.2282833559730753e-02 2.4131292586383440e-01 1.1883494223940705e+01 3.7715739774665402e-06
7.2282833559730753e-02 2.5136763110816079e-01 1.1866355310065257e+01 4.0864993755114128e-06
7.2282833559730753e-02 2.6142233635248729e-01 1.1850015567711047e+01 4.4134472598304578e-06
7.2282833559730753e-02 2.7147704159681368e-01 1.1834455194916369e+01 4.7519492889553865e-06
7.2282833559730753e-02 2.8153174684114018e-01 1.1819657123732670e+01 5.1014177040076951e-06
7.2282833559730753e-02 2.9158645208546657e-01 1.1805606466082272e+01 5.4611281713128371e-06
7.2282833559730753e-02 3.0164115732979291e-01 1.1792290087742325e+01 5.8302017724629236e-06
7.2282833559730753e-02 3.1169586257411946e-01 1.1779696277765357e+01 6.2075863740642555e-06
7.2282833559730753e-02 3.2175056781844580e-01 1.1767814489395086e+01 6.5920376745904894e-06
7.2282833559730753e-02 3.3180527306277235e-01 1.1756635134759025e+01 6.9821002954436288e-06
7.2282833559730753e-02 3.4185997830709869e-01 1.1746149420061936e+01 7.3760893570956273e-06
7.2282833559730753e-02 3.5191468355142524e-01 1.1736349211188498e+01 7.7720730573858545e-06
7.2282833559730753e-02 3.6196938879575158e-01 1.1727226921903073e+01 8.1678568485416025e-06
7.2282833559730753e-02 3.7202409404007797e-01 1.1718775418465359e+01 8.5609698953162377e-06
7.2282833559730753e-02 3.8207879928440447e-01 1.1710987935650575e+01 8.9486545977483510e-06
7.2282833559730753e-02 3.9213350452873086e-01 1.1703858000029101e+01 9.3278600986349486e-06
7.2282833559730753e-02 4.0218820977305736e-01 1.1697379357091370e+01 9.6952409071283249e-06
7.2282833559730753e-02 4.1224291501738375e-01 1.1691545899627924e+01 1.0047162130497884e-05
7.2282833559730753e-02 4.2229762026171014e-01 1.1686351596086505e+01 1.0379713449895201e-05
7.2282833559730753e-02 4.3235232550603664e-01 1.1681790420135291e+01 1.0688735131383378e-05
7.2282833559730753e-02 4.4240703075036303e-01 1.1677856287641859e+01 1.0969860828571429e-05
7.2282833559730753e-02 4.5246173599468953e-01 1.1674543022707624e+01 1.1218460394276635e-05
7.2282833559730753e-02 4.6251644123901592e-01 1.1671844865590977e+01 1.1419176342141942e-05
7.2282833559730753e-02 4.7257114648334225e-01 1.1669769595410372e+01 1.1257413553564866e-05
7.2282833559730753e-02 4.8262585172766881e-01 1.1668384394957428e+01 9.3048442756015425e-06
7.2282833559730753e-02 4.9268055697199514e-01 1.1667809250689796e+01 8.6763762473967430e-06
7.2282833559730753e-02 5.0273526221632159e-01 1.1667705093647708e+01 9.1961417628234799e-06
9.0353541949663441e-02 -5.0273526221632159e-01 1.1680593986671770e+01 9.3925218872268707e-06
9.0353541949663441e-02 -4.9268055697199509e-01 1.1680723231231608e+01 8.7742699089220518e-06
9.0353541949663441e-02 -4.8262585172766864e-01 1.1681372098199645e+01 9.1558450628591140e-06
9.0353541949663441e-02 -4.7257114648334225e-01 1.1682858282926878e+01 1.0923915949913857e-05
9.0353541949663441e-02 -4.6251644123901581e-01 1.1685046526842536e+01 1.1066553860889891e-05
9.0353541949663441e-02 -4.5246173599468936e-01 1.1687886588025547e+01 1.0877640869880819e-05
9.0353541949663441e-02 -4.4240703075036292e-01 1.1691374960501816e+01 1.0643181132329611e-05
9.0353541949663441e-02 -4.3235232550603647e-01 1.1695518498222782e+01 1.0377084465456020e-05
9.0353541949663441e-02 -4.2229762026171014e-01 1.1700324478550334e+01 1.0083608877272320e-05
9.0353541949663441e-02 -4.1224291501738369e-01 1.1705800214686398e+01 9.7668471924437592e-06
9.0353541949663441e-02 -4.0218820977305725e-01 1.1711953095022430e+01 9.4307559286064821e-06
9.0353541949663441e-02 -3.9213350452873080e-01 1.1718790650225953e+01 9.0790962670679923e-06
9.0353541949663441e-02 -3.8207879928440436e-01 1.1726320626924117e+01 8.7153944482075771e-06
9.0353541949663441e-02 -3.7202409404007797e-01 1.1734551061221955e+01 8.3429171942389621e-06
9.0353541949663441e-02 -3.6196938879575147e-01 1.1743490350362492e+01 7.9646585518965126e-06
9.0353541949663441e-02 -3.5191468355142508e-01 1.1753147323266649e+01 7.5833354862608650e-06
9.0353541949663441e-02 -3.4185997830709863e-01 1.1763531311808377e+01 7.2013902065839653e-06
9.0353541949663441e-02 -3.3180527306277219e-01 1.1774652225208923e+01 6.8209976508212342e-06
9.0353541949663441e-02 -3.2175056781844580e-01 1.1786520630253893e+01 6.4440768670405829e-06
9.0353541949663441e-02 -3.1169586257411935e-01 1.1799147840351015e+01 6.0723052562847800e-06
9.0353541949663441e-02 -3.0164115732979291e-01 1.1812546016869360e+01 5.7071348148630116e-06
9.0353541949663441e-02 -2.9158645208546646e-01 1.1826728286815914e+01 5.3498096547042008e-06
9.0353541949663441e-02 -2.8153174684114002e-01 1.1841708881793931e+01 5.0013841996473535e-06
9.0353541949663441e-02 -2.7147704159681363e-01 1.1857503304447951e+01 4.6627415602137490e-06
9.0353541949663441e-02 -2.6142233635248718e-01 1.1874128530363567e+01 4.3346116824223338e-06
9.0353541949663441e-02 -2.5136763110816074e-01 1.1891603255848553e+01 4.0175889493640589e-06
9.0353541949663441e-02 -2.4131292586383432e-01 1.1909948205436972e+01 3.7121489878914034e-06
9.0353541949663441e-02 -2.3125822061950788e-01 1.1929186517714115e+01 3.4186644974362485e-06
9.0353541949663441e-02 -2.2120351537518143e-01 1.1949344234690530e+01 3.1374199737024666e-06
9.0353541949663441e-02 -2.1114881013085501e-01 1.1970450929211113e+01 2.8686252472786901e-06
9.0353541949663441e-02 -2.0109410488652857e-01 1.1992540517794819e+01 2.6124277965315422e-06
9.0353541949663441e-02 -1.9103939964220218e-01 1.2015652324215669e+01 2.3689238261733060e-06
9.0353541949663441e-02 -1.8098469439787573e-01 1.2039832483705888e+01 2.1381681285339202e-06
9.0353541949663441e-02 -1.7092998915354929e-01 1.2065135810577930e+01 1.9201827644573465e-06
9.0353541949663441e-02 -1.6087528390922284e-01 1.2091628294192656e+01 1.7149646159621112e-06
9.0353541949663441e-02 -1.5082057866489645e-01 1.2119390437263929e+01 1.5224918741979834e-06
9.0353541949663441e-02 -1.4076587342057001e-01 1.2148521695307583e+01 1.3427295342693777e-06
9.0353541949663441e-02 -1.3071116817624356e-01 1.2179146283141645e+01 1.1756339742004209e-06
9.0353541949663441e-02 -1.2065646293191713e-01 1.2211420497935823e+01 1.0211566992577030e-06
9.0353541949663441e-02 -1.1060175768759069e-01 1.2245541266059211e+01 8.7924733484221635e-07
9.0353541949663441e-02 -1.0054705244326431e-01 1.2281754404511464e+01 7.4985595244807535e-07
9.0353541949663441e-02 -9.0492347198937867e-02 1.2320358160087281e+01 6.3293481326449597e-07
9.0353541949663441e-02 -8.0437641954611422e-02 1.2361691077022535e+01 5.2843961315676029e-07
9.0353541949663441e-02 -7.0382936710284977e-02 1.2406079485148524e+01 4.3633031097216852e-07
9.0353541949663441e-02 -6.0328231465958525e-02 1.2453692709705335e+01 3.5657161962342220e-07
9.0353541949663441e-02 -5.0273526221632080e-02 1.2504216295726899e+01 2.8913323573932882e-07
9.0353541949663441e-02 -4.0218820977305711e-02 1.2556264043739375e+01 2.3398987831121486e-07
9.0353541949663441e-02 -3.0164115732979262e-02 1.2606612160962003e+01 1.9112120200858240e-07
9.0353541949663441e-02 -2.0109410488652817e-02 1.2649874968365781e+01 1.6051164224399083e-07
9.0353541949663441e-02 -1.0054705244326374e-02 1.2679189291806283e+01 1.4215024119534638e-07
9.0353541949663441e-02 7.1065644079062674e-17 1.2689174188323305e+01 1.3603049305765493e-07
9.0353541949663441e-02 1.0054705244326445e-02 1.2679189291806296e+01 1.4215024155433260e-07
9.0353541949663441e-02 2.0109410488652890e-02 1.2649874968365779e+01 1.6051164224924773e-07
9.0353541949663441e-02 3.0164115732979335e-02 1.2606612160961996e+01 1.9112120177819561e-07
9.0353541949663441e-02 4.0218820977305780e-02 1.2556264043739368e+01 2.3398987798451436e-07
9.0353541949663441e-02 5.0273526221632225e-02 1.2504216295726906e+01 2.8913323556321294e-07
9.0353541949663441e-02 6.0328231465958670e-02 1.2453692709705326e+01 3.5657161960765373e-07
9.0353541949663441e-02 7.0382936710285046e-02 1.2406079485148528e+01 4.3633031091236259e-07
9.0353541949663441e-02 8.0437641954611491e-02 1.2361691077022526e+01 5.2843961309384809e-07
9.0353541949663441e-02 9.0492347198937936e-02 1.2320358160087288e+01 6.3293481321914328e-07
9.0353541949663441e-02 1.0054705244326438e-01 1.2281754404511458e+01 7.4985595241412372e-07
9.0353541949663441e-02 1.1060175768759083e-01 1.2245541266059211e+01 8.7924733482360206e-07
9.0353541949663441e-02 1.2065646293191720e-01 1.2211420497935825e+01 1.0211566992574849e-06
9.0353541949663441e-02 1.3071116817624365e-01 1.2179146283141630e+01 1.1756339741923684e-06
9.0353541949663441e-02 1.4076587342057009e-01 1.2148521695307574e+01 1.3427295342584525e-06
9.0353541949663441e-02 1.5082057866489645e-01 1.2119390437263910e+01 1.5224918741947238e-06
9.0353541949663441e-02 1.6087528390922298e-01 1.2091628294192653e+01 1.7149646159529921e-06
9.0353541949663441e-02 1.7092998915354934e-01 1.2065135810577928e+01 1.9201827644545009e-06
9.0353541949663441e-02 1.8098469439787587e-01 1.2039832483705890e+01 2.1381681285364308e-06
9.0353541949663441e-02 1.9103939964220223e-01 1.2015652324215667e+01 2.3689238261697371e-06
9.0353541949663441e-02 2.0109410488652862e-01 1.1992540517794820e+01 2.6124277965283624e-06
9.0353541949663441e-02 2.1114881013085512e-01 1.1970450929211115e+01 2.8686252472783047e-06
9.0353541949663441e-02 2.2120351537518151e-01 1.1949344234690514e+01 3.1374199737017686e-06
9.0353541949663441e-02 2.3125822061950801e-01 1.1929186517714108e+01 3.4186644974369126e-06
9.0353541949663441e-02 2.4131292586383440e-01 1.1909948205436983e+01 3.7121489878894286e-06
9.0353541949663441e-02 2.5136763110816079e-01 1.1891603255848546e+01 4.0175889493631568e-06
9.0353541949663441e-02 2.6142233635248729e-01 1.1874128530363562e+01 4.3346116824200222e-06
9.0353541949663441e-02 2.7147704159681368e-01 1.1857503304447945e+01 4.6627415602124124e-06
9.0353541949663441e-02 2.8153174684114018e-01 1.1841708881793938e+01 5.0013841996490577e-06
9.0353541949663441e-02 2.9158645208546657e-01 1.1826728286815912e+01 5.3498096547024763e-06
9.0353541949663441e-02 3.0164115732979291e-01 1.1812546016869366e+01 5.7071348148626804e-06
9.0353541949663441e-02 3.1169586257411946e-01 1.1799147840351013e+01 6.0723052562845597e-06
9.0353541949663441e-02 3.2175056781844580e-01 1.1786520630253884e+01 6.4440768670411005e-06
9.0353541949663441e-02 3.3180527306277235e-01 1.1774652225208936e+01 6.8209976508214129e-06
9.0353541949663441e-02 3.4185997830709869e-01 1.1763531311808382e+01 7.2013902065831810e-06
9.0353541949663441e-02 3.5191468355142524e-01 1.1753147323266640e+01 7.5833354862607854e-06
9.0353541949663441e-02 3.6196938879575158e-01 1.1743490350362489e+01 7.9646585518958062e-06
9.0353541949663441e-02 3.7202409404007797e-01 1.1734551061221943e+01 8.3429171942391095e-06
9.0353541949663441e-02 3.8207879928440447e-01 1.1726320626924112e+01 8.7153944482075161e-06
9.0353541949663441e-02 3.9213350452873086e-01 1.1718790650225960e+01 9.0790962670667777e-06
9.0353541949663441e-02 4.0218820977305736e-01 1.1711953095022425e+01 9.4307559286070073e-06
9.0353541949663441e-02 4.1224291501738375e-01 1.1705800214686414e+01 9.7668471924433628e-06
9.0353541949663441e-02 4.2229762026171014e-01 1.1700324478550332e+01 1.0083608877272042e-05
9.0353541949663441e-02 4.3235232550603664e-01 1.1695518498222784e+01 1.0377084465455112e-05
9.0353541949663441e-02 4.4240703075036303e-01 1.1691374960501811e+01 1.0643181132329701e-05
9.0353541949663441e-02 4.5246173599468953e-01 1.1687886588025554e+01 1.0877640869882090e-05
9.0353541949663441e-02 4.6251644123901592e-01 1.1685046526842541e+01 1.1066553860889376e-05
9.0353541949663441e-02 4.7257114648334225e-01 1.1682858282926880e+01 1.0923915949914406e-05
9.0353541949663441e-02 4.8262585172766881e-01 1.1681372098199635e+01 9.1558450628595070e-06
9.0353541949663441e-02 4.9268055697199514e-01 1.1680723231231610e+01 8.7742699089222669e-06
9.0353541949663441e-02 5.0273526221632159e-01 1.1680593986671770e+01 9.3925218872270351e-06
1.0842425033959613e-01 -5.0273526221632159e-01 1.1696007292821625e+01 9.4850273605149579e-06
1.0842425033959613e-01 -4.9268055697199509e-01 1.1696166422907895e+01 8.7657348399709806e-06
1.0842425033959613e-01 -4.8262585172766864e-01 1.1696901531333255e+01 8.9072726063892694e-06
1.0842425033959613e-01 -4.7257114648334225e-01 1.1698507201282563e+01 1.0507936869098901e-05
1.0842425033959613e-01 -4.6251644123901581e-01 1.1700834422378344e+01 1.0637503645865332e-05
1.0842425033959613e-01 -4.5246173599468936e-01 1.1703850112504735e+01 1.0464663639087203e-05
1.0842425033959613e-01 -4.4240703075036292e-01 1.1707555213096970e+01 1.0248845845503420e-05
1.0842425033959613e-01 -4.3235232550603647e-01 1.1711957888922500e+01 1.0002418600917199e-05
1.0842425033959613e-01 -4.2229762026171014e-01 1.1717066769067960e+01 9.7291392438002377e-06
1.0842425033959613e-01 -4.1224291501738369e-01 1.1722890682638774e+01 9.4327362009700513e-06
1.0842425033959613e-01 -4.0218820977305725e-01 1.1729438707897041e+01 9.1169022913617134e-06
1.0842425033959613e-01 -3.9213350452873080e-01 1.1736720248407799e+01 8.7852117464649053e-06
1.0842425033959613e-01 -3.8207879928440436e-01 1.1744745115451462e+01 8.4410606485195598e-06
1.0842425033959613e-01 -3.7202409404007797e-01 1.1753523609429719e+01 8.0876268547240451e-06
1.0842425033959613e-01 -3.6196938879575147e-01 1.1763066598222270e+01 7.7278452915428812e-06
1.0842425033959613e-01 -3.5191468355142508e-01 1.1773385592855453e+01 7.3643951513375935e-06
1.0842425033959613e-01 -3.4185997830709863e-01 1.1784492821809227e+01 6.9996961962783099e-06
1.0842425033959613e-01 -3.3180527306277219e-01 1.1796401305568272e+01 6.6359119509118951e-06
1.0842425033959613e-01 -3.2175056781844580e-01 1.1809124932997651e+01 6.2749580238833232e-06
1.0842425033959613e-01 -3.1169586257411935e-01 1.1822678540972277e+01 5.9185141561576882e-06
1.0842425033959613e-01 -3.0164115732979291e-01 1.1837077998489047e+01 5.5680388705153150e-06
1.0842425033959613e-01 -2.9158645208546646e-01 1.1852340296267398e+01 5.2247858161505988e-06
1.0842425033959613e-01 -2.8153174684114002e-01 1.1868483642595269e+01 4.8898210786767655e-06
1.0842425033959613e-01 -2.7147704159681363e-01 1.1885527565885782e+01 4.5640408711788539e-06
1.0842425033959613e-01 -2.6142233635248718e-01 1.1903493024047394e+01 4.2481891433179418e-06
1.0842425033959613e-01 -2.5136763110816074e-01 1.1922402520292751e+01 3.9428747481692120e-06
1.0842425033959613e-01 -2.4131292586383432e-01 1.1942280224364632e+01 3.6485878932623440e-06
1.0842425033959613e-01 -2.3125822061950788e-01 1.1963152097257126e+01 3.3657156757384421e-06
1.0842425033959613e-01 -2.2120351537518143e-01 1.1985046016238771e+01 3.0945565630892854e-06
1.0842425033959613e-01 -2.1114881013085501e-01 1.2007991895150617e+01 2.8353337319704946e-06
1.0842425033959613e-01 -2.0109410488652857e-01 1.2032021792250923e+01 2.5882072192916479e-06
1.0842425033959613e-01 -1.9103939964220218e-01 1.2057169993750820e+01 2.3532848734038921e-06
1.0842425033959613e-01 -1.8098469439787573e-01 1.2083473054611172e+01 2.1306321197104592e-06
1.0842425033959613e-01 -1.7092998915354929e-01 1.2110969767133229e+01 1.9202805754791458e-06
1.0842425033959613e-01 -1.6087528390922284e-01 1.2139701008340486e+01 1.7222355642865854e-06
1.0842425033959613e-01 -1.5082057866489645e-01 1.2169709380862191e+01 1.5364825918643494e-06
1.0842425033959613e-01 -1.4076587342057001e-01 1.2201038492060288e+01 1.3629928532008469e-06
1.0842425033959613e-01 -1.3071116817624356e-01 1.2233731577979702e+01 1.2017278465324014e-06
1.0842425033959613e-01 -1.2065646293191713e-01 1.2267828903327093e+01 1.0526431732625691e-06
1.0842425033959613e-01 -1.1060175768759069e-01 1.2303362823073940e+01 9.1569160492828364e-07
1.0842425033959613e-01 -1.0054705244326431e-01 1.2340348335684146e+01 7.9082549907172619e-07
1.0842425033959613e-01 -9.0492347198937867e-02 1.2378765012875006e+01 6.7799864567123355e-07
1.0842425033959613e-01 -8.0437641954611422e-02 1.2418522916585367e+01 5.7716762480418212e-07
1.0842425033959613e-01 -7.0382936710284977e-02 1.2459400496112650e+01 4.8829275370089194e-07
1.0842425033959613e-01 -6.0328231465958525e-02 1.2500938464370606e+01 4.1133869906431317e-07
1.0842425033959613e-01 -5.0273526221632080e-02 1.2542277684805713e+01 3.4627482629957462e-07
1.0842425033959613e-01 -4.0218820977305711e-02 1.2581956076182639e+01 2.9307535220489685e-07
1.0842425033959613e-01 -3.0164115732979262e-02 1.2617752095043155e+01 2.5171936275262059e-07
1.0842425033959613e-01 -2.0109410488652817e-02 1.2646747708627840e+01 2.2219074939745922e-07
1.0842425033959613e-01 -1.0054705244326374e-02 1.2665797356343067e+01 2.0447810949130964e-07
1.0842425033959613e-01 7.1065644079062674e-17 1.2672437409291426e+01 1.9857464832467870e-07
1.0842425033959613e-01 1.0054705244326445e-02 1.2665797356343061e+01 2.0447810971046782e-07
1.0842425033959613e-01 2.0109410488652890e-02 1.2646747708627819e+01 2.2219074945766209e-07
1.0842425033959613e-01 3.0164115732979335e-02 1.2617752095043157e+01 2.5171936266103409e-07
1.0842425033959613e-01 4.0218820977305780e-02 1.2581956076182639e+01 2.9307535205715434e-07
1.0842425033959613e-01 5.0273526221632225e-02 1.2542277684805720e+01 3.4627482621115555e-07
1.0842425033959613e-01 6.0328231465958670e-02 1.2500938464370591e+01 4.1133869911770758e-07
1.0842425033959613e-01 7.0382936710285046e-02 1.2459400496112648e+01 4.8829275371090916e-07
1.0842425033959613e-01 8.0437641954611491e-02 1.2418522916585374e+01 5.7716762478295907e-07
1.0842425033959613e-01 9.0492347198937936e-02 1.2378765012875007e+01 6.7799864564955290e-07
1.0842425033959613e-01 1.0054705244326438e-01 1.2340348335684141e+01 7.9082549904831410e-07
1.0842425033959613e-01 1.1060175768759083e-01 1.2303362823073954e+01 9.1569160492169584e-07
1.0842425033959613e-01 1.2065646293191720e-01 1.2267828903327093e+01 1.0526431732720101e-06
1.0842425033959613e-01 1.3071116817624365e-01 1.2233731577979697e+01 1.2017278465323552e-06
1.0842425033959613e-01 1.4076587342057009e-01 1.2201038492060288e+01 1.3629928531960741e-06
1.0842425033959613e-01 1.5082057866489645e-01 1.2169709380862178e+01 1.5364825918639165e-06
1.0842425033959613e-01 1.6087528390922298e-01 1.2139701008340477e+01 1.7222355642820275e-06
1.0842425033959613e-01 1.7092998915354934e-01 1.2110969767133216e+01 1.9202805754771786e-06
1.0842425033959613e-01 1.8098469439787587e-01 1.2083473054611172e+01 2.1306321197129897e-06
1.0842425033959613e-01 1.9103939964220223e-01 1.2057169993750815e+01 2.3532848734041047e-06
1.0842425033959613e-01 2.0109410488652862e-01 1.2032021792250918e+01 2.5882072192892415e-06
1.0842425033959613e-01 2.1114881013085512e-01 1.2007991895150610e+01 2.8353337319657275e-06
1.0842425033959613e-01 2.2120351537518151e-01 1.1985046016238767e+01 3.0945565630895018e-06
1.0842425033959613e-01 2.3125822061950801e-01 1.1963152097257122e+01 3.3657156757385204e-06
1.0842425033959613e-01 2.4131292586383440e-01 1.1942280224364621e+01 3.6485878932608376e-06
1.0842425033959613e-01 2.5136763110816079e-01 1.1922402520292758e+01 3.9428747481713347e-06
1.0842425033959613e-01 2.6142233635248729e-01 1.1903493024047398e+01 4.2481891433149763e-06
1.0842425033959613e-01 2.7147704159681368e-01 1.1885527565885777e+01 4.5640408711788895e-06
1.0842425033959613e-01 2.8153174684114018e-01 1.1868483642595255e+01 4.8898210786778184e-06
1.0842425033959613e-01 2.9158645208546657e-01 1.1852340296267393e+01 5.2247858161501041e-06
1.0842425033959613e-01 3.0164115732979291e-01 1.1837077998489056e+01 5.5680388705153574e-06
1.0842425033959613e-01 3.1169586257411946e-01 1.1822678540972273e+01 5.9185141561563067e-06
1.0842425033959613e-01 3.2175056781844580e-01 1.1809124932997648e+01 6.2749580238834604e-06
1.0842425033959613e-01 3.3180527306277235e-01 1.1796401305568274e+01 6.6359119509110667e-06
1.0842425033959613e-01 3.4185997830709869e-01 1.1784492821809234e+01 6.9996961962778635e-06
1.0842425033959613e-01 3.5191468355142524e-01 1.1773385592855448e+01 7.3643951513374241e-06
1.0842425033959613e-01 3.6196938879575158e-01 1.1763066598222258e+01 7.7278452915428473e-06
1.0842425033959613e-01 3.7202409404007797e-01 1.1753523609429729e+01 8.0876268547251175e-06
1.0842425033959613e-01 3.8207879928440447e-01 1.1744745115451463e+01 8.4410606485189228e-06
1.0842425033959613e-01 3.9213350452873086e-01 1.1736720248407790e+01 8.7852117464640159e-06
1.0842425033959613e-01 4.0218820977305736e-01 1.1729438707897053e+01 9.1169022913613780e-06
1.0842425033959613e-01 4.1224291501738375e-01 1.1722890682638775e+01 9.4327362009702088e-06
1.0842425033959613e-01 4.2229762026171014e-01 1.1717066769067973e+01 9.7291392437999768e-06
1.0842425033959613e-01 4.3235232550603664e-01 1.1711957888922504e+01 1.0002418600917194e-05
1.0842425033959613e-01 4.4240703075036303e-01 1.1707555213096963e+01 1.0248845845503108e-05
1.0842425033959613e-01 4.5246173599468953e-01 1.1703850112504744e+01 1.0464663639087426e-05
1.0842425033959613e-01 4.6251644123901592e-01 1.1700834422378341e+01 1.0637503645864590e-05
1.0842425033959613e-01 4.7257114648334225e-01 1.1698507201282577e+01 1.0507936869099665e-05
1.0842425033959613e-01 4.8262585172766881e-01 1.1696901531333250e+01 8.9072726063885410e-06
1.0842425033959613e-01 4.9268055697199514e-01 1.1696166422907895e+01 8.7657348399716819e-06
1.0842425033959613e-01 5.0273526221632159e-01 1.1696007292821625e+01 9.4850273605145733e-06
1.2649495872952868e-01 -5.0273526221632159e-01 1.1713616266482477e+01 9.4559202624188929e-06
1.2649495872952868e-01 -4.9268055697199509e-01 1.1713809964396745e+01 8.6364540432608646e-06
1.2649495872952868e-01 -4.8262585172766864e-01 1.1714642953483239e+01 8.5541272238232306e-06
1.2649495872952868e-01 -4.7257114648334225e-01 1.1716385246260536e+01 1.0012049918348652e-05
1.2649495872952868e-01 -4.6251644123901581e-01 1.1718876618567236e+01 1.0136199380169170e-05
1.2649495872952868e-01 -4.5246173599468936e-01 1.1722100765355220e+01 9.9843048428709098e-06
1.2649495872952868e-01 -4.4240703075036292e-01 1.1726063122384748e+01 9.7921860174786274e-06
1.2649495872952868e-01 -4.3235232550603647e-01 1.1730773378321365e+01 9.5705774410004787e-06
1.2649495872952868e-01 -4.2229762026171014e-01 1.1736241766825799e+01 9.3225869968228139e-06
1.2649495872952868e-01 -4.1224291501738369e-01 1.1742478924789605e+01 9.0514770492384065e-06
1.2649495872952868e-01 -4.0218820977305725e-01 1.1749495956450874e+01 8.7606126609484095e-06
1.2649495872952868e-01 -3.9213350452873080e-01 1.1757304524601537e+01 8.4533446386315846e-06
1.2649495872952868e-01 -3.8207879928440436e-01 1.1765916948445392e+01 8.1329218596704743e-06
1.2649495872952868e-01 -3.7202409404007797e-01 1.1775346300424927e+01 7.8024294940082489e-06
1.2649495872952868e-01 -3.6196938879575147e-01 1.1785606499809504e+01 7.4647482134839558e-06
1.2649495872952868e-01 -3.5191468355142508e-01 1.1796712403271794e+01 7.1225297598493539e-06
1.2649495872952868e-01 -3.4185997830709863e-01 1.1808679893548303e+01 6.7781849700964873e-06
1.2649495872952868e-01 -3.3180527306277219e-01 1.1821525967378113e+01 6.4338811287336259e-06
1.2649495872952868e-01 -3.2175056781844580e-01 1.1835268823629100e+01 6.0915461875862154e-06
1.2649495872952868e-01 -3.1169586257411935e-01 1.1849927952020471e+01 5.7528779343950784e-06
1.2649495872952868e-01 -3.0164115732979291e-01 1.1865524222183055e+01 5.4193566144435256e-06
1.2649495872952868e-01 -2.9158645208546646e-01 1.1882079971948123e+01 5.0922598375213617e-06
1.2649495872952868e-01 -2.8153174684114002e-01 1.1899619092656609e+01 4.7726788585371792e-06
1.2649495872952868e-01 -2.7147704159681363e-01 1.1918167107834018e+01 4.4615355219740049e-06
1.2649495872952868e-01 -2.6142233635248718e-01 1.1937751239634418e+01 4.1595993216175246e-06
1.2649495872952868e-01 -2.5136763110816074e-01 1.1958400454819150e+01 3.8675041571232632e-06
1.2649495872952868e-01 -2.4131292586383432e-01 1.1980145478422886e+01 3.5857644748053654e-06
1.2649495872952868e-01 -2.3125822061950788e-01 1.2003018758287205e+01 3.3147905663378360e-06
1.2649495872952868e-01 -2.2120351537518143e-01 1.2027054356776686e+01 3.0549028692864601e-06
1.2649495872952868e-01 -2.1114881013085501e-01 1.2052287736487425e+01 2.8063451701894939e-06
1.2649495872952868e-01 -2.0109410488652857e-01 1.2078755393564974e+01 2.5692966566184910e-06
1.2649495872952868e-01 -1.9103939964220218e-01 1.2106494273869689e+01 2.3438828006466025e-06
1.2649495872952868e-01 -1.8098469439787573e-01 1.2135540881495643e+01 2.1301850844082441e-06
1.2649495872952868e-01 -1.7092998915354929e-01 1.2165929952853565e+01 1.9282495999385511e-06
1.2649495872952868e-01 -1.6087528390922284e-01 1.2197692517779945e+01 1.7380945716234991e-06
1.2649495872952868e-01 -1.5082057866489645e-01 1.2230853094252664e+01 1.5597168614624134e-06
1.2649495872952868e-01 -1.4076587342057001e-01 1.2265425652870380e+01 1.3930975254301963e-06
1.2649495872952868e-01 -1.3071116817624356e-01 1.2301407820899637e+01 1.2382064949932911e-06
1.2649495872952868e-01 -1.2065646293191713e-01 1.2338772540224266e+01 1.0950064611157209e-06
1.2649495872952868e-01 -1.1060175768759069e-01 1.2377455998006807e+01 9.6345603988828584e-07
1.2649495872952868e-01 -1.0054705244326431e-01 1.2417340047473706e+01 8.4351229944873274e-07
1.2649495872952868e-01 -9.0492347198937867e-02 1.2458226486141337e+01 7.3513272719311937e-07
1.2649495872952868e-01 -8.0437641954611422e-02 1.2499799583777842e+01 6.3827671502354520e-07
1.2649495872952868e-01 -7.0382936710284977e-02 1.2541572826528599e+01 5.5290663763299087e-07
1.2649495872952868e-01 -6.0328231465958525e-02 1.2582817923776041e+01 4.7898859603020151e-07
1.2649495872952868e-01 -5.0273526221632080e-02 1.2622482611718722e+01 4.1649289444345866e-07
1.2649495872952868e-01 -4.0218820977305711e-02 1.2659123203974678e+01 3.6539431346574302e-07
1.2649495872952868e-01 -3.0164115732979262e-02 1.2690906232751912e+01 3.2567223686628028e-07
1.2649495872952868e-01 -2.0109410488652817e-02 1.2715750852998660e+01 2.9731068278536550e-07
1.2649495872952868e-01 -1.0054705244326374e-02 1.2731652865235667e+01 2.8029828165261130e-07
1.2649495872952868e-01 7.1065644079062674e-17 1.2737135130294403e+01 2.7462823512448549e-07
1.2649495872952868e-01 1.0054705244326445e-02 1.2731652865235656e+01 2.8029828172435229e-07
1.2649495872952868e-01 2.0109410488652890e-02 1.2715750852998662e+01 2.9731068280715219e-07
1.2649495872952868e-01 3.0164115732979335e-02 1.2690906232751905e+01 3.2567223679573810e-07
1.2649495872952868e-01 4.0218820977305780e-02 1.2659123203974683e+01 3.6539431337696618e-07
1.2649495872952868e-01 5.0273526221632225e-02 1.2622482611718725e+01 4.1649289438591028e-07
1.2649495872952868e-01 6.0328231465958670e-02 1.2582817923776039e+01 4.7898859600477210e-07
1.2649495872952868e-01 7.0382936710285046e-02 1.2541572826528611e+01 5.5290663763749931e-07
1.2649495872952868e-01 8.0437641954611491e-02 1.2499799583777840e+01 6.3827671501208771e-07
1.2649495872952868e-01 9.0492347198937936e-02 1.2458226486141331e+01 7.3513272717042503e-07
1.2649495872952868e-01 1.0054705244326438e-01 1.2417340047473720e+01 8.4351229942254269e-07
1.2649495872952868e-01 1.1060175768759083e-01 1.2377455998006809e+01 9.6345603987470557e-07
1.2649495872952868e-01 1.2065646293191720e-01 1.2338772540224239e+01 1.0950064611196804e-06
1.2649495872952868e-01 1.3071116817624365e-01 1.2301407820899627e+01 1.2382064949933239e-06
1.2649495872952868e-01 1.4076587342057009e-01 1.2265425652870384e+01 1.3930975254246408e-06
1.2649495872952868e-01 1.5082057866489645e-01 1.2230853094252661e+01 1.5597168614616998e-06
1.2649495872952868e-01 1.6087528390922298e-01 1.2197692517779959e+01 1.7380945716202363e-06
1.2649495872952868e-01 1.7092998915354934e-01 1.2165929952853567e+01 1.9282495999386358e-06
1.2649495872952868e-01 1.8098469439787587e-01 1.2135540881495629e+01 2.1301850844062252e-06
1.2649495872952868e-01 1.9103939964220223e-01 1.2106494273869686e+01 2.3438828006427468e-06
1.2649495872952868e-01 2.0109410488652862e-01 1.2078755393564981e+01 2.5692966566157776e-06
1.2649495872952868e-01 2.1114881013085512e-01 1.2052287736487440e+01 2.8063451701882174e-06
1.2649495872952868e-01 2.2120351537518151e-01 1.2027054356776704e+01 3.0549028692871568e-06
1.2649495872952868e-01 2.3125822061950801e-01 1.2003018758287206e+01 3.3147905663370292e-06
1.2649495872952868e-01 2.4131292586383440e-01 1.1980145478422891e+01 3.5857644748022966e-06
1.2649495872952868e-01 2.5136763110816079e-01 1.1958400454819140e+01 3.8675041571225466e-06
1.2649495872952868e-01 2.6142233635248729e-01 1.1937751239634411e+01 4.1595993216185648e-06
1.2649495872952868e-01 2.7147704159681368e-01 1.1918167107834012e+01 4.4615355219747426e-06
1.2649495872952868e-01 2.8153174684114018e-01 1.1899619092656618e+01 4.7726788585358240e-06
1.2649495872952868e-01 2.9158645208546657e-01 1.1882079971948128e+01 5.0922598375210483e-06
1.2649495872952868e-01 3.0164115732979291e-01 1.1865524222183065e+01 5.4193566144424482e-06
1.2649495872952868e-01 3.1169586257411946e-01 1.1849927952020479e+01 5.7528779343947582e-06
1.2649495872952868e-01 3.2175056781844580e-01 1.1835268823629109e+01 6.0915461875864568e-06
1.2649495872952868e-01 3.3180527306277235e-01 1.1821525967378101e+01 6.4338811287339130e-06
1.2649495872952868e-01 3.4185997830709869e-01 1.1808679893548305e+01 6.7781849700945993e-06
1.2649495872952868e-01 3.5191468355142524e-01 1.1796712403271799e+01 7.1225297598498723e-06
1.2649495872952868e-01 3.6196938879575158e-01 1.1785606499809507e+01 7.4647482134841905e-06
1.2649495872952868e-01 3.7202409404007797e-01 1.1775346300424932e+01 7.8024294940081015e-06
1.2649495872952868e-01 3.8207879928440447e-01 1.1765916948445403e+01 8.1329218596694054e-06
1.2649495872952868e-01 3.9213350452873086e-01 1.1757304524601523e+01 8.4533446386314592e-06
1.2649495872952868e-01 4.0218820977305736e-01 1.1749495956450874e+01 8.7606126609478114e-06
1.2649495872952868e-01 4.1224291501738375e-01 1.1742478924789610e+01 9.0514770492384979e-06
1.2649495872952868e-01 4.2229762026171014e-01 1.1736241766825801e+01 9.3225869968230511e-06
1.2649495872952868e-01 4.3235232550603664e-01 1.1730773378321361e+01 9.5705774410010394e-06
1.2649495872952868e-01 4.4240703075036303e-01 1.1726063122384749e+01 9.7921860174789933e-06
1.2649495872952868e-01 4.5246173599468953e-01 1.1722100765355211e+01 9.9843048428713231e-06
1.2649495872952868e-01 4.6251644123901592e-01 1.1718876618567233e+01 1.0136199380169173e-05
1.2649495872952868e-01 4.7257114648334225e-01 1.1716385246260543e+01 1.0012049918348885e-05
1.2649495872952868e-01 4.8262585172766881e-01 1.1714642953483237e+01 8.5541272238233746e-06
1.2649495872952868e-01 4.9268055697199514e-01 1.1713809964396747e+01 8.6364540432600311e-06
1.2649495872952868e-01 5.0273526221632159e-01 1.1713616266482477e+01 9.4559202624186659e-06
1.4456566711946137e-01 -5.0273526221632159e-01 1.1732977225519155e+01 9.3060472226124157e-06
1.4456566711946137e-01 -4.9268055697199509e-01 1.1733210059424671e+01 8.3885161905453942e-06
1.4456566711946137e-01 -4.8262585172766864e-01 1.1734151729231177e+01 8.1015391778211980e-06
1.4456566711946137e-01 -4.7257114648334225e-01 1.1736046090186205e+01 9.4435359749927249e-06
1.4456566711946137e-01 -4.6251644123901581e-01 1.1738724867097222e+01 9.5705278141793173e-06
1.4456566711946137e-01 -4.5246173599468936e-01 1.1742187888381670e+01 9.4448268008757630e-06
1.4456566711946137e-01 -4.4240703075036292e-01 1.1746445071294852e+01 9.2818033149288163e-06
1.4456566711946137e-01 -4.3235232550603647e-01 1.1751507834074813e+01 9.0904485582779263e-06
1.4456566711946137e-01 -4.2229762026171014e-01 1.1757388263389394e+01 8.8730580069935545e-06
1.4456566711946137e-01 -4.1224291501738369e-01 1.1764099092993934e+01 8.6323202687792006e-06
1.4456566711946137e-01 -4.0218820977305725e-01 1.1771653788489274e+01 8.3712084361549038e-06
1.4456566711946137e-01 -3.9213350452873080e-01 1.1780066660221168e+01 8.0928171198480483e-06
1.4456566711946137e-01 -3.8207879928440436e-01 1.1789352984117826e+01 7.8002369613371674e-06
1.4456566711946137e-01 -3.7202409404007797e-01 1.1799529122528657e+01 7.4964638345674409e-06
1.4456566711946137e-01 -3.6196938879575147e-01 1.1810612642928540e+01 7.1843366708518511e-06
1.4456566711946137e-01 -3.5191468355142508e-01 1.1822622434882962e+01 6.8664976675220937e-06
1.4456566711946137e-01 -3.4185997830709863e-01 1.1835578826507389e+01 6.5453694682674818e-06
1.4456566711946137e-01 -3.3180527306277219e-01 1.1849503701650788e+01 6.2231449494904245e-06
1.4456566711946137e-01 -3.2175056781844580e-01 1.1864420618589838e+01 5.9017862087783097e-06
1.4456566711946137e-01 -3.1169586257411935e-01 1.1880354930301172e+01 5.5830301418950044e-06
1.4456566711946137e-01 -3.0164115732979291e-01 1.1897333905414506e+01 5.2683986131946933e-06
1.4456566711946137e-01 -2.9158645208546646e-01 1.1915386847689867e+01 4.9592116987248313e-06
1.4456566711946137e-01 -2.8153174684114002e-01 1.1934545210198447e+01 4.6566028436623034e-06
1.4456566711946137e-01 -2.7147704159681363e-01 1.1954842698153943e+01 4.3615350533688512e-06
1.4456566711946137e-01 -2.6142233635248718e-01 1.1976315351300986e+01 4.0748174521256122e-06
1.4456566711946137e-01 -2.5136763110816074e-01 1.1999001592594546e+01 3.7971217109756971e-06
1.4456566711946137e-01 -2.4131292586383432e-01 1.2022942224143133e+01 3.5289979777914521e-06
1.4456566711946137e-01 -2.3125822061950788e-01 1.2048180343414534e+01 3.2708900467509362e-06
1.4456566711946137e-01 -2.2120351537518143e-01 1.2074761141645098e+01 3.0231495867363240e-06
1.4456566711946137e-01 -2.1114881013085501e-01 1.2102731531056049e+01 2.7860493133130339e-06
1.4456566711946137e-01 -2.0109410488652857e-01 1.2132139526207029e+01 2.5597950401138749e-06
1.4456566711946137e-01 -1.9103939964220218e-01 1.2163033275340382e+01 2.3445365852317112e-06
1.4456566711946137e-01 -1.8098469439787573e-01 1.2195459596797141e+01 2.1403775389261529e-06
1.4456566711946137e-01 -1.7092998915354929e-01 1.2229461819352460e+01 1.9473839219943148e-06
1.4456566711946137e-01 -1.6087528390922284e-01 1.2265076648109257e+01 1.7655917813304949e-06
1.4456566711946137e-01 -1.5082057866489645e-01 1.2302329672315446e+01 1.5950137815274342e-06
1.4456566711946137e-01 -1.4076587342057001e-01 1.2341228989494647e+01 1.4356448598478527e-06
1.4456566711946137e-01 -1.3071116817624356e-01 1.2381756232228746e+01 1.2874670175017193e-06
1.4456566711946137e-01 -1.2065646293191713e-01 1.2423854042686994e+01 1.1504533235583324e-06
1.4456566711946137e-01 -1.1060175768759069e-01 1.2467408749352884e+01 1.0245712091813188e-06
1.4456566711946137e-01 -1.0054705244326431e-01 1.2512226697838642e+01 9.0978513021787986e-07
1.4456566711946137e-01 -9.0492347198937867e-02 1.2558002499732011e+01 8.0605867513374843e-07
1.4456566711946137e-01 -8.0437641954611422e-02 1.2604277726380746e+01 7.1335619363584364e-07
1.4456566711946137e-01 -7.0382936710284977e-02 1.2650390049814561e+01 6.3164401834002880e-07
1.4456566711946137e-01 -6.0328231465958525e-02 1.2695416937791096e+01 5.6089134871603365e-07
1.4456566711946137e-01 -5.0273526221632080e-02 1.2738126586541823e+01 5.0107086222315118e-07
1.4456566711946137e-01 -4.0218820977305711e-02 1.2776962243209072e+01 4.5215911229769026e-07
1.4456566711946137e-01 -3.0164115732979262e-02 1.2810099088811610e+01 4.1413676755601196e-07
1.4456566711946137e-01 -2.0109410488652817e-02 1.2835610797960891e+01 3.8698873939306684e-07
1.4456566711946137e-01 -1.0054705244326374e-02 1.2851749126983298e+01 3.7070423828515827e-07
1.4456566711946137e-01 7.1065644079062674e-17 1.2857277861610569e+01 3.6527679039210659e-07
1.4456566711946137e-01 1.0054705244326445e-02 1.2851749126983309e+01 3.7070423832360944e-07
1.4456566711946137e-01 2.0109410488652890e-02 1.2835610797960877e+01 3.8698873940154590e-07
1.4456566711946137e-01 3.0164115732979335e-02 1.2810099088811606e+01 4.1413676751417224e-07
1.4456566711946137e-01 4.0218820977305780e-02 1.2776962243209072e+01 4.5215911225907170e-07
1.4456566711946137e-01 5.0273526221632225e-02 1.2738126586541830e+01 5.0107086219694864e-07
1.4456566711946137e-01 6.0328231465958670e-02 1.2695416937791096e+01 5.6089134870398905e-07
1.4456566711946137e-01 7.0382936710285046e-02 1.2650390049814563e+01 6.3164401833409237e-07
1.4456566711946137e-01 8.0437641954611491e-02 1.2604277726380753e+01 7.1335619362213367e-07
1.4456566711946137e-01 9.0492347198937936e-02 1.2558002499732016e+01 8.0605867511816471e-07
1.4456566711946137e-01 1.0054705244326438e-01 1.2512226697838646e+01 9.0978513020564627e-07
1.4456566711946137e-01 1.1060175768759083e-01 1.2467408749352897e+01 1.0245712091760452e-06
1.4456566711946137e-01 1.2065646293191720e-01 1.2423854042686997e+01 1.1504533235597753e-06
1.4456566711946137e-01 1.3071116817624365e-01 1.2381756232228749e+01 1.2874670175028524e-06
1.4456566711946137e-01 1.4076587342057009e-01 1.2341228989494656e+01 1.4356448598441582e-06
1.4456566711946137e-01 1.5082057866489645e-01 1.2302329672315448e+01 1.5950137815314857e-06
1.4456566711946137e-01 1.6087528390922298e-01 1.2265076648109261e+01 1.7655917813259802e-06
1.4456566711946137e-01 1.7092998915354934e-01 1.2229461819352464e+01 1.9473839219932277e-06
1.4456566711946137e-01 1.8098469439787587e-01 1.2195459596797145e+01 2.1403775389240904e-06
1.4456566711946137e-01 1.9103939964220223e-01 1.2163033275340384e+01 2.3445365852306774e-06
1.4456566711946137e-01 2.0109410488652862e-01 1.2132139526207016e+01 2.5597950401134307e-06
1.4456566711946137e-01 2.1114881013085512e-01 1.2102731531056033e+01 2.7860493133122262e-06
1.4456566711946137e-01 2.2120351537518151e-01 1.2074761141645093e+01 3.0231495867354245e-06
1.4456566711946137e-01 2.3125822061950801e-01 1.2048180343414538e+01 3.2708900467499846e-06
1.4456566711946137e-01 2.4131292586383440e-01 1.2022942224143131e+01 3.5289979777889686e-06
1.4456566711946137e-01 2.5136763110816079e-01 1.1999001592594546e+01 3.7971217109756386e-06
1.4456566711946137e-01 2.6142233635248729e-01 1.1976315351300995e+01 4.0748174521276925e-06
1.4456566711946137e-01 2.7147704159681368e-01 1.1954842698153934e+01 4.3615350533687038e-06
1.4456566711946137e-01 2.8153174684114018e-01 1.1934545210198443e+01 4.6566028436630107e-06
1.4456566711946137e-01 2.9158645208546657e-01 1.1915386847689875e+01 4.9592116987235760e-06
1.4456566711946137e-01 3.0164115732979291e-01 1.1897333905414504e+01 5.2683986131938725e-06
1.4456566711946137e-01 3.1169586257411946e-01 1.1880354930301166e+01 5.5830301418946130e-06
1.4456566711946137e-01 3.2175056781844580e-01 1.1864420618589838e+01 5.9017862087793753e-06
1.4456566711946137e-01 3.3180527306277235e-01 1.1849503701650798e+01 6.2231449494899104e-06
1.4456566711946137e-01 3.4185997830709869e-01 1.1835578826507389e+01 6.5453694682671091e-06
1.4456566711946137e-01 3.5191468355142524e-01 1.1822622434882971e+01 6.8664976675203505e-06
1.4456566711946137e-01 3.6196938879575158e-01 1.1810612642928549e+01 7.1843366708515572e-06
1.4456566711946137e-01 3.7202409404007797e-01 1.1799529122528654e+01 7.4964638345665710e-06
1.4456566711946137e-01 3.8207879928440447e-01 1.1789352984117841e+01 7.8002369613376875e-06
1.4456566711946137e-01 3.9213350452873086e-01 1.1780066660221159e+01 8.0928171198479484e-06
1.4456566711946137e-01 4.0218820977305736e-01 1.1771653788489266e+01 8.3712084361543600e-06
1.4456566711946137e-01 4.1224291501738375e-01 1.1764099092993945e+01 8.6323202687794174e-06
1.4456566711946137e-01 4.2229762026171014e-01 1.1757388263389402e+01 8.8730580069941712e-06
1.4456566711946137e-01 4.3235232550603664e-01 1.1751507834074802e+01 9.0904485582770624e-06
1.4456566711946137e-01 4.4240703075036303e-01 1.1746445071294854e+01 9.2818033149286198e-06
1.4456566711946137e-01 4.5246173599468953e-01 1.1742187888381677e+01 9.4448268008770217e-06
1.4456566711946137e-01 4.6251644123901592e-01 1.1738724867097227e+01 9.5705278141794206e-06
1.4456566711946137e-01 4.7257114648334225e-01 1.1736046090186202e+01 9.4435359749926453e-06
1.4456566711946137e-01 4.8262585172766881e-01 1.1734151729231172e+01 8.1015391778218790e-06
1.4456566711946137e-01 4.9268055697199514e-01 1.1733210059424669e+01 8.3885161905445455e-06
1.4456566711946137e-01 5.0273526221632159e-01 1.1732977225519155e+01 9.3060472226126394e-06
1.6263637550939405e-01 -5.0273526221632159e-01 1.1753530707923005e+01 9.0512059087585177e-06
1.6263637550939405e-01 -4.9268055697199509e-01 1.1753807014381120e+01 8.0373829298028921e-06
1.6263637550939405e-01 -4.8262585172766864e-01 1.1754867058470433e+01 7.5639469093651258e-06
1.6263637550939405e-01 -4.7257114648334225e-01 1.1756926608184035e+01 8.8157835929149753e-06
1.6263637550939405e-01 -4.6251644123901581e-01 1.1759812823307334e+01 8.9536650739870468e-06
1.6263637550939405e-01 -4.5246173599468936e-01 1.1763540974409317e+01 8.8593446943922522e-06
1.6263637550939405e-01 -4.4240703075036292e-01 1.1768125423384390e+01 8.7307168391270193e-06
1.6263637550939405e-01 -4.3235232550603647e-01 1.1773579505882706e+01 8.5749073603292445e-06
1.6263637550939405e-01 -4.2229762026171014e-01 1.1779917392428533e+01 8.3932343749230075e-06
1.6263637550939405e-01 -4.1224291501738369e-01 1.1787154185230536e+01 8.1877062869877282e-06
1.6263637550939405e-01 -4.0218820977305725e-01 1.1795306029294345e+01 7.9608435639737226e-06
1.6263637550939405e-01 -3.9213350452873080e-01 1.1804390253802953e+01 7.7154568996370091e-06
1.6263637550939405e-01 -3.8207879928440436e-01 1.1814425523790129e+01 7.4544735235508960e-06
1.6263637550939405e-01 -3.7202409404007797e-01 1.1825431994102843e+01 7.1808095417533279e-06
1.6263637550939405e-01 -3.6196938879575147e-01 1.1837431463859808e+01 6.8972807069976076e-06
1.6263637550939405e-01 -3.5191468355142508e-01 1.1850447532309317e+01 6.6065432929938594e-06
1.6263637550939405e-01 -3.4185997830709863e-01 1.1864505757875698e+01 6.3110577167869478e-06
1.6263637550939405e-01 -3.3180527306277219e-01 1.1879633822170780e+01 6.0130689587329905e-06
1.6263637550939405e-01 -3.2175056781844580e-01 1.1895861700261333e+01 5.7145991660954623e-06
1.6263637550939405e-01 -3.1169586257411935e-01 1.1913221837694840e+01 5.4174489362433785e-06
1.6263637550939405e-01 -3.0164115732979291e-01 1.1931749333711135e+01 5.1232046440364189e-06
1.6263637550939405e-01 -2.9158645208546646e-01 1.1951482128637723e+01 4.8332498391526046e-06
1.6263637550939405e-01 -2.8153174684114002e-01 1.1972461191537676e+01 4.5487792372217341e-06
1.6263637550939405e-01 -2.7147704159681363e-01 1.1994730701536026e+01 4.2708142034217138e-06
1.6263637550939405e-01 -2.6142233635248718e-01 1.2018338212583211e+01 4.0002189104527311e-06
1.6263637550939405e-01 -2.5136763110816074e-01 1.2043334786288057e+01 3.7377165683445431e-06
1.6263637550939405e-01 -2.4131292586383432e-01 1.2069775070258910e+01 3.4839052886874612e-06
1.6263637550939405e-01 -2.3125822061950788e-01 1.2097717289273520e+01 3.2392732730847232e-06
1.6263637550939405e-01 -2.2120351537518143e-01 1.2127223102358403e+01 3.0042131140181586e-06
1.6263637550939405e-01 -2.1114881013085501e-01 1.2158357258817187e+01 2.7790350722334687e-06
1.6263637550939405e-01 -2.0109410488652857e-01 1.2191186958066231e+01 2.5639792534882645e-06
1.6263637550939405e-01 -1.9103939964220218e-01 1.2225780778584445e+01 2.3592266522075306e-06
1.6263637550939405e-01 -1.8098469439787573e-01 1.2262206985955160e+01 2.1649090634725383e-06
1.6263637550939405e-01 -1.7092998915354929e-01 1.2300530952995478e+01 1.9811178902188198e-06
1.6263637550939405e-01 -1.6087528390922284e-01 1.2340811318778089e+01 1.8079118906607099e-06
1.6263637550939405e-01 -1.5082057866489645e-01 1.2383094368858908e+01 1.6453239243425161e-06
1.6263637550939405e-01 -1.4076587342057001e-01 1.2427405926667854e+01 1.4933667639122492e-06
1.6263637550939405e-01 -1.3071116817624356e-01 1.2473739799035643e+01 1.3520380453002605e-06
1.6263637550939405e-01 -1.2065646293191713e-01 1.2522041521300817e+01 1.2213244325008205e-06
1.6263637550939405e-01 -1.1060175768759069e-01 1.2572185832273545e+01 1.1012050740426385e-06
1.6263637550939405e-01 -1.0054705244326431e-01 1.2623946075501351e+01 9.9165442838352618e-07
1.6263637550939405e-01 -9.0492347198937867e-02 1.2676953807122564e+01 8.9264453397426578e-07
1.6263637550939405e-01 -8.0437641954611422e-02 1.2730647785709881e+01 8.0414679768071706e-07
1.6263637550939405e-01 -7.0382936710284977e-02 1.2784214126738167e+01 7.2613337211546272e-07
1.6263637550939405e-01 -6.0328231465958525e-02 1.2836525054869838e+01 6.5857818862889243e-07
1.6263637550939405e-01 -5.0273526221632080e-02 1.2886093542715654e+01 6.0145770852225414e-07
1.6263637550939405e-01 -4.0218820977305711e-02 1.2931074092343747e+01 5.5475144953561009e-07
1.6263637550939405e-01 -3.0164115732979262e-02 1.2969349026546034e+01 5.1844233926957993e-07
1.6263637550939405e-01 -2.0109410488652817e-02 1.2998730790834104e+01 4.9251694017936937e-07
1.6263637550939405e-01 -1.0054705244326374e-02 1.3017271914368195e+01 4.7696558429820212e-07
1.6263637550939405e-01 7.1065644079062674e-17 1.3023614973542335e+01 4.7178244729140484e-07
1.6263637550939405e-01 1.0054705244326445e-02 1.3017271914368189e+01 4.7696558431370727e-07
1.6263637550939405e-01 2.0109410488652890e-02 1.2998730790834106e+01 4.9251694018995167e-07
1.6263637550939405e-01 3.0164115732979335e-02 1.2969349026546034e+01 5.1844233924621007e-07
1.6263637550939405e-01 4.0218820977305780e-02 1.2931074092343755e+01 5.5475144951885652e-07
1.6263637550939405e-01 5.0273526221632225e-02 1.2886093542715667e+01 6.0145770850310060e-07
1.6263637550939405e-01 6.0328231465958670e-02 1.2836525054869828e+01 6.5857818862648548e-07
1.6263637550939405e-01 7.0382936710285046e-02 1.2784214126738155e+01 7.2613337211010746e-07
1.6263637550939405e-01 8.0437641954611491e-02 1.2730647785709888e+01 8.0414679767677052e-07
1.6263637550939405e-01 9.0492347198937936e-02 1.2676953807122569e+01 8.9264453396292538e-07
1.6263637550939405e-01 1.0054705244326438e-01 1.2623946075501355e+01 9.9165442838640779e-07
1.6263637550939405e-01 1.1060175768759083e-01 1.2572185832273538e+01 1.1012050740373833e-06
1.6263637550939405e-01 1.2065646293191720e-01 1.2522041521300821e+01 1.2213244324985549e-06
1.6263637550939405e-01 1.3071116817624365e-01 1.2473739799035643e+01 1.3520380452972916e-06
1.6263637550939405e-01 1.4076587342057009e-01 1.2427405926667845e+01 1.4933667639078664e-06
1.6263637550939405e-01 1.5082057866489645e-01 1.2383094368858922e+01 1.6453239243435226e-06
1.6263637550939405e-01 1.6087528390922298e-01 1.2340811318778092e+01 1.8079118906552516e-06
1.6263637550939405e-01 1.7092998915354934e-01 1.2300530952995466e+01 1.9811178902163986e-06
1.6263637550939405e-01 1.8098469439787587e-01 1.2262206985955157e+01 2.1649090634720364e-06
1.6263637550939405e-01 1.9103939964220223e-01 1.2225780778584442e+01 2.3592266522035042e-06
1.6263637550939405e-01 2.0109410488652862e-01 1.2191186958066226e+01 2.5639792534887113e-06
1.6263637550939405e-01 2.1114881013085512e-01 1.2158357258817187e+01 2.7790350722332688e-06
1.6263637550939405e-01 2.2120351537518151e-01 1.2127223102358396e+01 3.0042131140195329e-06
1.6263637550939405e-01 2.3125822061950801e-01 1.2097717289273515e+01 3.2392732730869737e-06
1.6263637550939405e-01 2.4131292586383440e-01 1.2069775070258915e+01 3.4839052886843136e-06
1.6263637550939405e-01 2.5136763110816079e-01 1.2043334786288053e+01 3.7377165683450924e-06
1.6263637550939405e-01 2.6142233635248729e-01 1.2018338212583206e+01 4.0002189104534350e-06
1.6263637550939405e-01 2.7147704159681368e-01 1.1994730701536026e+01 4.2708142034226176e-06
1.6263637550939405e-01 2.8153174684114018e-01 1.1972461191537684e+01 4.5487792372212911e-06
1.6263637550939405e-01 2.9158645208546657e-01 1.1951482128637730e+01 4.8332498391510698e-06
1.6263637550939405e-01 3.0164115732979291e-01 1.1931749333711135e+01 5.1232046440373989e-06
1.6263637550939405e-01 3.1169586257411946e-01 1.1913221837694840e+01 5.4174489362436360e-06
1.6263637550939405e-01 3.2175056781844580e-01 1.1895861700261342e+01 5.7145991660942214e-06
1.6263637550939405e-01 3.3180527306277235e-01 1.1879633822170780e+01 6.0130689587331065e-06
1.6263637550939405e-01 3.4185997830709869e-01 1.1864505757875691e+01 6.3110577167859864e-06
1.6263637550939405e-01 3.5191468355142524e-01 1.1850447532309309e+01 6.6065432929947048e-06
1.6263637550939405e-01 3.6196938879575158e-01 1.1837431463859817e+01 6.8972807069970909e-06
1.6263637550939405e-01 3.7202409404007797e-01 1.1825431994102839e+01 7.1808095417556657e-06
1.6263637550939405e-01 3.8207879928440447e-01 1.1814425523790137e+01 7.4544735235513754e-06
1.6263637550939405e-01 3.9213350452873086e-01 1.1804390253802946e+01 7.7154568996370193e-06
1.6263637550939405e-01 4.0218820977305736e-01 1.1795306029294336e+01 7.9608435639745731e-06
1.6263637550939405e-01 4.1224291501738375e-01 1.1787154185230531e+01 8.1877062869869117e-06
1.6263637550939405e-01 4.2229762026171014e-01 1.1779917392428525e+01 8.3932343749242509e-06
1.6263637550939405e-01 4.3235232550603664e-01 1.1773579505882708e+01 8.5749073603302389e-06
1.6263637550939405e-01 4.4240703075036303e-01 1.1768125423384388e+01 8.7307168391270481e-06
1.6263637550939405e-01 4.5246173599468953e-01 1.1763540974409317e+01 8.8593446943924216e-06
1.6263637550939405e-01 4.6251644123901592e-01 1.1759812823307332e+01 8.9536650739878125e-06
1.6263637550939405e-01 4.7257114648334225e-01 1.1756926608184040e+01 8.8157835929150956e-06
1.6263637550939405e-01 4.8262585172766881e-01 1.1754867058470424e+01 7.5639469093649538e-06
1.6263637550939405e-01 4.9268055697199514e-01 1.1753807014381117e+01 8.0373829298033258e-06
1.6263637550939405e-01 5.0273526221632159e-01 1.1753530707923005e+01 9.0512059087591970e-06
1.8070708389932674e-01 -5.0273526221632159e-01 1.1774604471911715e+01 8.7197538795214081e-06
1.8070708389932674e-01 -4.9268055697199509e-01 1.1774928112729583e+01 7.6101492589014598e-06
1.8070708389932674e-01 -4.8262585172766864e-01 1.1776114566258183e+01 6.9651628434246835e-06
1.8070708389932674e-01 -4.7257114648334225e-01 1.1778349231583402e+01 8.1498216314819885e-06
1.8070708389932674e-01 -4.6251644123901581e-01 1.1781458249221197e+01 8.3056282089519562e-06
1.8070708389932674e-01 -4.5246173599468936e-01 1.1785471698052403e+01 8.2471352036713084e-06
1.8070708389932674e-01 -4.4240703075036292e-01 1.1790408333113163e+01 8.1574287702361926e-06
1.8070708389932674e-01 -4.3235232550603647e-01 1.1796283560846247e+01 8.0416600177878310e-06
1.8070708389932674e-01 -4.2229762026171014e-01 1.1803113829487641e+01 7.9000208199445239e-06
1.8070708389932674e-01 -4.1224291501738369e-01 1.1810916841883435e+01 7.7337431170473235e-06
1.8070708389932674e-01 -4.0218820977305725e-01 1.1819711698081242e+01 7.5448405103820821e-06
1.8070708389932674e-01 -3.9213350452873080e-01 1.1829519071478279e+01 7.3358162360257491e-06
1.8070708389932674e-01 -3.8207879928440436e-01 1.1840361398829355e+01 7.1094318211322559e-06
1.8070708389932674e-01 -3.7202409404007797e-01 1.1852263076246331e+01 6.8685352494888463e-06
1.8070708389932674e-01 -3.6196938879575147e-01 1.1865250660013517e+01 6.6159392833181726e-06
1.8070708389932674e-01 -3.5191468355142508e-01 1.1879353073985428e+01 6.3543391650950498e-06
1.8070708389932674e-01 -3.4185997830709863e-01 1.1894601826358711e+01 6.0862600350450423e-06
1.8070708389932674e-01 -3.3180527306277219e-01 1.1911031238699429e+01 5.8140262180824017e-06
1.8070708389932674e-01 -3.2175056781844580e-01 1.1928678689721782e+01 5.5397463105781527e-06
1.8070708389932674e-01 -3.1169586257411935e-01 1.1947584875632707e+01 5.2653094865520962e-06
1.8070708389932674e-01 -3.0164115732979291e-01 1.1967794087898351e+01 4.9923896102094425e-06
1.8070708389932674e-01 -2.9158645208546646e-01 1.1989354507974618e+01 4.7224546273630374e-06
1.8070708389932674e-01 -2.8153174684114002e-01 1.2012318516715066e+01 4.4567793703107016e-06
1.8070708389932674e-01 -2.7147704159681363e-01 1.2036743013578263e+01 4.1964604035011631e-06
1.8070708389932674e-01 -2.6142233635248718e-01 1.2062689737047361e+01 3.9424319041519512e-06
1.8070708389932674e-01 -2.5136763110816074e-01 1.2090225572331827e+01 3.6954818467236592e-06
1.8070708389932674e-01 -2.4131292586383432e-01 1.2119422824712267e+01 3.4562679664602975e-06
1.8070708389932674e-01 -2.3125822061950788e-01 1.2150359425757747e+01 3.2253331333199786e-06
1.8070708389932674e-01 -2.2120351537518143e-01 1.2183119023577914e+01 3.0031198859372802e-06
1.8070708389932674e-01 -2.1114881013085501e-01 1.2217790885094621e+01 2.7899839648878170e-06
1.8070708389932674e-01 -2.0109410488652857e-01 1.2254469504914363e+01 2.5862067526238074e-06
1.8070708389932674e-01 -1.9103939964220218e-01 1.2293253767317557e+01 2.3920065784411835e-06
1.8070708389932674e-01 -1.8098469439787573e-01 1.2334245438886855e+01 2.2075488849680116e-06
1.8070708389932674e-01 -1.7092998915354929e-01 1.2377546670677003e+01 2.0329552807002314e-06
1.8070708389932674e-01 -1.6087528390922284e-01 1.2423256048828291e+01 1.8683115230601808e-06
1.8070708389932674e-01 -1.5082057866489645e-01 1.2471462536009900e+01 1.7136744906383090e-06
1.8070708389932674e-01 -1.4076587342057001e-01 1.2522236375268463e+01 1.5690782124940393e-06
1.8070708389932674e-01 -1.3071116817624356e-01 1.2575615665919349e+01 1.4345390281174927e-06
1.8070708389932674e-01 -1.2065646293191713e-01 1.2631586862473098e+01 1.3100599550185304e-06
1.8070708389932674e-01 -1.1060175768759069e-01 1.2690056922716233e+01 1.1956343413914243e-06
1.8070708389932674e-01 -1.0054705244326431e-01 1.2750814360138779e+01 1.0912488813105975e-06
1.8070708389932674e-01 -9.0492347198937867e-02 1.2813476353614417e+01 9.9688606790064833e-07
1.8070708389932674e-01 -8.0437641954611422e-02 1.2877420020610348e+01 9.1252615725749173e-07
1.8070708389932674e-01 -7.0382936710284977e-02 1.2941699254638779e+01 8.3814871270599567e-07
1.8070708389932674e-01 -6.0328231465958525e-02 1.3004956108746647e+01 7.7373379465325392e-07
1.8070708389932674e-01 -5.0273526221632080e-02 1.3065349407656345e+01 7.1926285660969631e-07
1.8070708389932674e-01 -4.0218820977305711e-02 1.3120541997556876e+01 6.7471940289105330e-07
1.8070708389932674e-01 -3.0164115732979262e-02 1.3167802598712559e+01 6.4008945706714578e-07
1.8070708389932674e-01 -2.0109410488652817e-02 1.3204268662413645e+01 6.1536188471518462e-07
1.8070708389932674e-01 -1.0054705244326374e-02 1.3227364012442600e+01 6.0052860579360392e-07
1.8070708389932674e-01 7.1065644079062674e-17 1.3235280004379606e+01 5.9558472577957866e-07
1.8070708389932674e-01 1.0054705244326445e-02 1.3227364012442600e+01 6.0052860583519652e-07
1.8070708389932674e-01 2.0109410488652890e-02 1.3204268662413668e+01 6.1536188472978599e-07
1.8070708389932674e-01 3.0164115732979335e-02 1.3167802598712566e+01 6.4008945703731413e-07
1.8070708389932674e-01 4.0218820977305780e-02 1.3120541997556865e+01 6.7471940285442537e-07
1.8070708389932674e-01 5.0273526221632225e-02 1.3065349407656337e+01 7.1926285659257671e-07
1.8070708389932674e-01 6.0328231465958670e-02 1.3004956108746629e+01 7.7373379464547699e-07
1.8070708389932674e-01 7.0382936710285046e-02 1.2941699254638767e+01 8.3814871270821151e-07
1.8070708389932674e-01 8.0437641954611491e-02 1.2877420020610343e+01 9.1252615724489762e-07
1.8070708389932674e-01 9.0492347198937936e-02 1.2813476353614419e+01 9.9688606789149868e-07
1.8070708389932674e-01 1.0054705244326438e-01 1.2750814360138810e+01 1.0912488813134784e-06
1.8070708389932674e-01 1.1060175768759083e-01 1.2690056922716240e+01 1.1956343413858451e-06
1.8070708389932674e-01 1.2065646293191720e-01 1.2631586862473116e+01 1.3100599550218474e-06
1.8070708389932674e-01 1.3071116817624365e-01 1.2575615665919349e+01 1.4345390281188251e-06
1.8070708389932674e-01 1.4076587342057009e-01 1.2522236375268463e+01 1.5690782124884950e-06
1.8070708389932674e-01 1.5082057866489645e-01 1.2471462536009884e+01 1.7136744906412546e-06
1.8070708389932674e-01 1.6087528390922298e-01 1.2423256048828295e+01 1.8683115230566093e-06
1.8070708389932674e-01 1.7092998915354934e-01 1.2377546670676999e+01 2.0329552806970055e-06
1.8070708389932674e-01 1.8098469439787587e-01 1.2334245438886843e+01 2.2075488849692127e-06
1.8070708389932674e-01 1.9103939964220223e-01 1.2293253767317548e+01 2.3920065784384790e-06
1.8070708389932674e-01 2.0109410488652862e-01 1.2254469504914358e+01 2.5862067526261033e-06
1.8070708389932674e-01 2.1114881013085512e-01 1.2217790885094615e+01 2.7899839648874756e-06
1.8070708389932674e-01 2.2120351537518151e-01 1.2183119023577907e+01 3.0031198859368198e-06
1.8070708389932674e-01 2.3125822061950801e-01 1.2150359425757747e+01 3.2253331333204339e-06
1.8070708389932674e-01 2.4131292586383440e-01 1.2119422824712268e+01 3.4562679664567789e-06
1.8070708389932674e-01 2.5136763110816079e-01 1.2090225572331823e+01 3.6954818467202741e-06
1.8070708389932674e-01 2.6142233635248729e-01 1.2062689737047354e+01 3.9424319041512676e-06
1.8070708389932674e-01 2.7147704159681368e-01 1.2036743013578260e+01 4.1964604034990396e-06
1.8070708389932674e-01 2.8153174684114018e-01 1.2012318516715061e+01 4.4567793703110091e-06
1.8070708389932674e-01 2.9158645208546657e-01 1.1989354507974630e+01 4.7224546273602888e-06
1.8070708389932674e-01 3.0164115732979291e-01 1.1967794087898355e+01 4.9923896102105750e-06
1.8070708389932674e-01 3.1169586257411946e-01 1.1947584875632710e+01 5.2653094865516515e-06
1.8070708389932674e-01 3.2175056781844580e-01 1.1928678689721780e+01 5.5397463105795664e-06
1.8070708389932674e-01 3.3180527306277235e-01 1.1911031238699429e+01 5.8140262180826515e-06
1.8070708389932674e-01 3.4185997830709869e-01 1.1894601826358722e+01 6.0862600350433042e-06
1.8070708389932674e-01 3.5191468355142524e-01 1.1879353073985435e+01 6.3543391650963229e-06
1.8070708389932674e-01 3.6196938879575158e-01 1.1865250660013517e+01 6.6159392833177703e-06
1.8070708389932674e-01 3.7202409404007797e-01 1.1852263076246325e+01 6.8685352494891326e-06
1.8070708389932674e-01 3.8207879928440447e-01 1.1840361398829353e+01 7.1094318211317545e-06
1.8070708389932674e-01 3.9213350452873086e-01 1.1829519071478265e+01 7.3358162360229090e-06
1.8070708389932674e-01 4.0218820977305736e-01 1.1819711698081244e+01 7.5448405103823489e-06
1.8070708389932674e-01 4.1224291501738375e-01 1.1810916841883431e+01 7.7337431170474438e-06
1.8070708389932674e-01 4.2229762026171014e-01 1.1803113829487639e+01 7.9000208199467008e-06
1.8070708389932674e-01 4.3235232550603664e-01 1.1796283560846257e+01 8.0416600177857591e-06
1.8070708389932674e-01 4.4240703075036303e-01 1.1790408333113154e+01 8.1574287702356183e-06
1.8070708389932674e-01 4.5246173599468953e-01 1.1785471698052390e+01 8.2471352036714118e-06
1.8070708389932674e-01 4.6251644123901592e-01 1.1781458249221194e+01 8.3056282089533470e-06
1.8070708389932674e-01 4.7257114648334225e-01 1.1778349231583393e+01 8.1498216314829440e-06
1.8070708389932674e-01 4.8262585172766881e-01 1.1776114566258183e+01 6.9651628434247936e-06
1.8070708389932674e-01 4.9268055697199514e-01 1.1774928112729587e+01 7.6101492589011947e-06
1.8070708389932674e-01 5.0273526221632159e-01 1.1774604471911715e+01 8.7197538795218960e-06
1.9877779228925943e-01 -5.0273526221632159e-01 1.1795423212412093e+01 8.3505479233672966e-06
1.9877779228925943e-01 -4.9268055697199509e-01 1.1795797210278019e+01 7.1442988712907281e-06
1.9877779228925943e-01 -4.8262585172766864e-01 1.1797115667337067e+01 6.3386926862809430e-06
1.9877779228925943e-01 -4.7257114648334225e-01 1.1799531173299137e+01 7.4754290147098060e-06
1.9877779228925943e-01 -4.6251644123901581e-01 1.1802872168536215e+01 7.6543281821083894e-06
1.9877779228925943e-01 -4.5246173599468936e-01 1.1807182993995829e+01 7.6344878286997397e-06
1.9877779228925943e-01 -4.4240703075036292e-01 1.1812486723058980e+01 7.5865794208348406e-06
1.9877779228925943e-01 -4.3235232550603647e-01 1.1818800930091880e+01 7.5137221576583584e-06
1.9877779228925943e-01 -4.2229762026171014e-01 1.1826144472783261e+01 7.4148714527868810e-06
1.9877779228925943e-01 -4.1224291501738369e-01 1.1834537818542721e+01 7.2904064784735521e-06
1.9877779228925943e-01 -4.0218820977305725e-01 1.1844003222256648e+01 7.1417876516530295e-06
1.9877779228925943e-01 -3.9213350452873080e-01 1.1854564942101916e+01 6.9711880649216737e-06
1.9877779228925943e-01 -3.8207879928440436e-01 1.1866249474103212e+01 6.7811982902484101e-06
1.9877779228925943e-01 -3.7202409404007797e-01 1.1879085797885843e+01 6.5746050377065983e-06
1.9877779228925943e-01 -3.6196938879575147e-01 1.1893105633313038e+01 6.3542327745742220e-06
1.9877779228925943e-01 -3.5191468355142508e-01 1.1908343710970385e+01 6.1228350332838428e-06
1.9877779228925943e-01 -3.4185997830709863e-01 1.1924838060734599e+01 5.8830232848141736e-06
1.9877779228925943e-01 -3.3180527306277219e-01 1.1942630322990967e+01 5.6372234594477963e-06
1.9877779228925943e-01 -3.2175056781844580e-01 1.1961766086947325e+01 5.3876524247975801e-06
1.9877779228925943e-01 -3.1169586257411935e-01 1.1982295260133956e+01 5.1363086249844693e-06
1.9877779228925943e-01 -3.0164115732979291e-01 1.2004272472612886e+01 4.8849725788934987e-06
1.9877779228925943e-01 -2.9158645208546646e-01 1.2027757518584105e+01 4.6352140708397973e-06
1.9877779228925943e-01 -2.8153174684114002e-01 1.2052815836815002e+01 4.3884037144349810e-06
1.9877779228925943e-01 -2.7147704159681363e-01 1.2079519029398561e+01 4.1457271978604045e-06
1.9877779228925943e-01 -2.6142233635248718e-01 1.2107945415403437e+01 3.9082009826276934e-06
1.9877779228925943e-01 -2.5136763110816074e-01 1.2138180611486822e+01 3.6766885713488065e-06
1.9877779228925943e-01 -2.4131292586383432e-01 1.2170318124718122e+01 3.4519167153764364e-06
1.9877779228925943e-01 -2.3125822061950788e-01 1.2204459932554423e+01 3.2344911233911397e-06
1.9877779228925943e-01 -2.2120351537518143e-01 1.2240717009405024e+01 3.0249113742612745e-06
1.9877779228925943e-01 -2.1114881013085501e-01 1.2279209735978419e+01 2.8235848438715153e-06
1.9877779228925943e-01 -2.0109410488652857e-01 1.2320068092839010e+01 2.6308395348584657e-06
1.9877779228925943e-01 -1.9103939964220218e-01 1.2363431487680637e+01 2.4469357571395913e-06
1.9877779228925943e-01 -1.8098469439787573e-01 1.2409447988406622e+01 2.2720766502693243e-06
1.9877779228925943e-01 -1.7092998915354929e-01 1.2458272618881530e+01 2.1064175699540720e-06
1.9877779228925943e-01 -1.6087528390922284e-01 1.2510064203273823e+01 1.9500743832991082e-06
1.9877779228925943e-01 -1.5082057866489645e-01 1.2564979992700072e+01 1.8031307324203490e-06
1.9877779228925943e-01 -1.4076587342057001e-01 1.2623166939447437e+01 1.6656443361308248e-06
1.9877779228925943e-01 -1.3071116817624356e-01 1.2684747954990272e+01 1.5376524050636900e-06
1.9877779228925943e-01 -1.2065646293191713e-01 1.2749800750792874e+01 1.4191762490293114e-06
1.9877779228925943e-01 -1.1060175768759069e-01 1.2818325887917723e+01 1.3102251553871138e-06
1.9877779228925943e-01 -1.0054705244326431e-01 1.2890199508239707e+01 1.2107996170026573e-06
1.9877779228925943e-01 -9.0492347198937867e-02 1.2965105173474981e+01 1.1208939857752704e-06
1.9877779228925943e-01 -8.0437641954611422e-02 1.3042439121494255e+01 1.0404986246423982e-06
1.9877779228925943e-01 -7.0382936710284977e-02 1.3121185941871939e+01 9.6960162720177794e-07
1.9877779228925943e-01 -6.0328231465958525e-02 1.3199770689047524e+01 9.0819016960463431e-07
1.9877779228925943e-01 -5.0273526221632080e-02 1.3275913649367169e+01 8.5625155422175077e-07
1.9877779228925943e-01 -4.0218820977305711e-02 1.3346547888014861e+01 8.1377399937458197e-07
1.9877779228925943e-01 -3.0164115732979262e-02 1.3407897411291003e+01 7.8074722239079525e-07
1.9877779228925943e-01 -2.0109410488652817e-02 1.3455820659465036e+01 7.5716285897851774e-07
1.9877779228925943e-01 -1.0054705244326374e-02 1.3486450430482876e+01 7.4301475202460796e-07
1.9877779228925943e-01 7.1065644079062674e-17 1.3497000072658713e+01 7.3829913822530551e-07
1.9877779228925943e-01 1.0054705244326445e-02 1.3486450430482870e+01 7.4301475203785418e-07
1.9877779228925943e-01 2.0109410488652890e-02 1.3455820659465047e+01 7.5716285902577636e-07
1.9877779228925943e-01 3.0164115732979335e-02 1.3407897411290989e+01 7.8074722240640099e-07
1.9877779228925943e-01 4.0218820977305780e-02 1.3346547888014848e+01 8.1377399935121995e-07
1.9877779228925943e-01 5.0273526221632225e-02 1.3275913649367158e+01 8.5625155425843079e-07
1.9877779228925943e-01 6.0328231465958670e-02 1.3199770689047515e+01 9.0819016958358851e-07
1.9877779228925943e-01 7.0382936710285046e-02 1.3121185941871945e+01 9.6960162720383517e-07
1.9877779228925943e-01 8.0437641954611491e-02 1.3042439121494256e+01 1.0404986246467972e-06
1.9877779228925943e-01 9.0492347198937936e-02 1.2965105173474983e+01 1.1208939857675245e-06
1.9877779228925943e-01 1.0054705244326438e-01 1.2890199508239709e+01 1.2107996169983327e-06
1.9877779228925943e-01 1.1060175768759083e-01 1.2818325887917720e+01 1.3102251553852967e-06
1.9877779228925943e-01 1.2065646293191720e-01 1.2749800750792877e+01 1.4191762490361315e-06
1.9877779228925943e-01 1.3071116817624365e-01 1.2684747954990268e+01 1.5376524050678060e-06
1.9877779228925943e-01 1.4076587342057009e-01 1.2623166939447433e+01 1.6656443361240567e-06
1.9877779228925943e-01 1.5082057866489645e-01 1.2564979992700080e+01 1.8031307324220842e-06
1.9877779228925943e-01 1.6087528390922298e-01 1.2510064203273812e+01 1.9500743832989329e-06
1.9877779228925943e-01 1.7092998915354934e-01 1.2458272618881530e+01 2.1064175699523106e-06
1.9877779228925943e-01 1.8098469439787587e-01 1.2409447988406619e+01 2.2720766502705957e-06
1.9877779228925943e-01 1.9103939964220223e-01 1.2363431487680641e+01 2.4469357571428748e-06
1.9877779228925943e-01 2.0109410488652862e-01 1.2320068092838998e+01 2.6308395348599018e-06
1.9877779228925943e-01 2.1114881013085512e-01 1.2279209735978426e+01 2.8235848438720066e-06
1.9877779228925943e-01 2.2120351537518151e-01 1.2240717009405030e+01 3.0249113742632121e-06
1.9877779228925943e-01 2.3125822061950801e-01 1.2204459932554434e+01 3.2344911233908928e-06
1.9877779228925943e-01 2.4131292586383440e-01 1.2170318124718104e+01 3.4519167153782630e-06
1.9877779228925943e-01 2.5136763110816079e-01 1.2138180611486824e+01 3.6766885713483106e-06
1.9877779228925943e-01 2.6142233635248729e-01 1.2107945415403446e+01 3.9082009826296712e-06
1.9877779228925943e-01 2.7147704159681368e-01 1.2079519029398543e+01 4.1457271978606814e-06
1.9877779228925943e-01 2.8153174684114018e-01 1.2052815836814986e+01 4.3884037144342974e-06
1.9877779228925943e-01 2.9158645208546657e-01 1.2027757518584101e+01 4.6352140708384598e-06
1.9877779228925943e-01 3.0164115732979291e-01 1.2004272472612872e+01 4.8849725788941264e-06
1.9877779228925943e-01 3.1169586257411946e-01 1.1982295260133949e+01 5.1363086249836528e-06
1.9877779228925943e-01 3.2175056781844580e-01 1.1961766086947330e+01 5.3876524247962502e-06
1.9877779228925943e-01 3.3180527306277235e-01 1.1942630322990960e+01 5.6372234594471136e-06
1.9877779228925943e-01 3.4185997830709869e-01 1.1924838060734604e+01 5.8830232848118061e-06
1.9877779228925943e-01 3.5191468355142524e-01 1.1908343710970378e+01 6.1228350332818625e-06
1.9877779228925943e-01 3.6196938879575158e-01 1.1893105633313036e+01 6.3542327745728159e-06
1.9877779228925943e-01 3.7202409404007797e-01 1.1879085797885853e+01 6.5746050377056260e-06
1.9877779228925943e-01 3.8207879928440447e-01 1.1866249474103215e+01 6.7811982902482263e-06
1.9877779228925943e-01 3.9213350452873086e-01 1.1854564942101922e+01 6.9711880649214644e-06
1.9877779228925943e-01 4.0218820977305736e-01 1.1844003222256633e+01 7.1417876516536258e-06
1.9877779228925943e-01 4.1224291501738375e-01 1.1834537818542708e+01 7.2904064784739612e-06
1.9877779228925943e-01 4.2229762026171014e-01 1.1826144472783275e+01 7.4148714527866998e-06
1.9877779228925943e-01 4.3235232550603664e-01 1.1818800930091879e+01 7.5137221576567016e-06
1.9877779228925943e-01 4.4240703075036303e-01 1.1812486723058973e+01 7.5865794208352869e-06
1.9877779228925943e-01 4.5246173599468953e-01 1.1807182993995822e+01 7.6344878287005511e-06
1.9877779228925943e-01 4.6251644123901592e-01 1.1802872168536208e+01 7.6543281821090890e-06
1.9877779228925943e-01 4.7257114648334225e-01 1.1799531173299137e+01 7.4754290147105701e-06
1.9877779228925943e-01 4.8262585172766881e-01 1.1797115667337064e+01 6.3386926862809836e-06
1.9877779228925943e-01 4.9268055697199514e-01 1.1795797210278021e+01 7.1442988712898701e-06
1.9877779228925943e-01 5.0273526221632159e-01 1.1795423212412093e+01 8.3505479233672966e-06
2.1684850067919198e-01 -5.0273526221632159e-01 1.1815128831895018e+01 7.9893455684381981e-06
2.1684850067919198e-01 -4.9268055697199509e-01 1.1815554896369987e+01 6.6853328423424636e-06
2.1684850067919198e-01 -4.8262585172766864e-01 1.1817007565492853e+01 5.7272004525806211e-06
2.1684850067919198e-01 -4.7257114648334225e-01 1.1819604413106978e+01 6.8310504916629970e-06
2.1684850067919198e-01 -4.6251644123901581e-01 1.1823178911913210e+01 7.0355039301777129e-06
2.1684850067919198e-01 -4.5246173599468936e-01 1.1827789190281226e+01 7.0545907272668367e-06
2.1684850067919198e-01 -4.4240703075036292e-01 1.1833462523063615e+01 7.0487846588019820e-06
2.1684850067919198e-01 -4.3235232550603647e-01 1.1840218668439508e+01 7.0192135166632954e-06
2.1684850067919198e-01 -4.2229762026171014e-01 1.1848078933956529e+01 6.9635495647204533e-06
2.1684850067919198e-01 -4.1224291501738369e-01 1.1857066613071773e+01 6.8812735319998846e-06
2.1684850067919198e-01 -4.0218820977305725e-01 1.1867207199373674e+01 6.7732556775559290e-06
2.1684850067919198e-01 -3.9213350452873080e-01 1.1878528644530693e+01 6.6413130723185177e-06
2.1684850067919198e-01 -3.8207879928440436e-01 1.1891061641185750e+01 6.4878502098379658e-06
2.1684850067919198e-01 -3.7202409404007797e-01 1.1904839923702527e+01 6.3155864770066324e-06
2.1684850067919198e-01 -3.6196938879575147e-01 1.1919900587488986e+01 6.1273589565319475e-06
2.1684850067919198e-01 -3.5191468355142508e-01 1.1936284431318393e+01 5.9259852945851218e-06
2.1684850067919198e-01 -3.4185997830709863e-01 1.1954036328711275e+01 5.7141722787457218e-06
2.1684850067919198e-01 -3.3180527306277219e-01 1.1973205635155788e+01 5.4944582050239088e-06
2.1684850067919198e-01 -3.2175056781844580e-01 1.1993846638284724e+01 5.2691797105580547e-06
2.1684850067919198e-01 -3.1169586257411935e-01 1.2016019058331151e+01 5.0404560118553102e-06
2.1684850067919198e-01 -3.0164115732979291e-01 1.2039788606328823e+01 4.8101852989281253e-06
2.1684850067919198e-01 -2.9158645208546646e-01 1.2065227607582328e+01 4.5800494232526746e-06
2.1684850067919198e-01 -2.8153174684114002e-01 1.2092415697804721e+01 4.3515240576005405e-06
2.1684850067919198e-01 -2.7147704159681363e-01 1.2121440598833603e+01 4.1258922771942513e-06
2.1684850067919198e-01 -2.6142233635248718e-01 1.2152398979704570e+01 3.9042600806531319e-06
2.1684850067919198e-01 -2.5136763110816074e-01 1.2185397406650152e+01 3.6875727895139486e-06
2.1684850067919198e-01 -2.4131292586383432e-01 1.2220553381627562e+01 3.4766315749522940e-06
2.1684850067919198e-01 -2.3125822061950788e-01 1.2257996462218793e+01 3.2721095900505109e-06
2.1684850067919198e-01 -2.2120351537518143e-01 1.2297869444577517e+01 3.0745673558314107e-06
2.1684850067919198e-01 -2.1114881013085501e-01 1.2340329573007473e+01 2.8844671749326064e-06
2.1684850067919198e-01 -2.0109410488652857e-01 1.2385549710826387e+01 2.7021864398523246e-06
2.1684850067919198e-01 -1.9103939964220218e-01 1.2433719361257005e+01 2.5280297705468720e-06
2.1684850067919198e-01 -1.8098469439787573e-01 1.2485045354543431e+01 2.3622399659017810e-06
2.1684850067919198e-01 -1.7092998915354929e-01 1.2539751903128316e+01 2.2050077886551151e-06
2.1684850067919198e-01 -1.6087528390922284e-01 1.2598079546634628e+01 2.0564806282908484e-06
2.1684850067919198e-01 -1.5082057866489645e-01 1.2660282225088064e+01 1.9167701031895716e-06
2.1684850067919198e-01 -1.4076587342057001e-01 1.2726621274103971e+01 1.7859586736879994e-06
2.1684850067919198e-01 -1.3071116817624356e-01 1.2797354441255099e+01 1.6641053442975589e-06
2.1684850067919198e-01 -1.2065646293191713e-01 1.2872716949911030e+01 1.5512505358155671e-06
2.1684850067919198e-01 -1.1060175768759069e-01 1.2952890014397308e+01 1.4474202089674477e-06
2.1684850067919198e-01 -1.0054705244326431e-01 1.3037949856453988e+01 1.3526293192518343e-06
2.1684850067919198e-01 -9.0492347198937867e-02 1.3127787131110987e+01 1.2668846805596237e-06
2.1684850067919198e-01 -8.0437641954611422e-02 1.3221983216292630e+01 1.1901873115898031e-06
2.1684850067919198e-01 -7.0382936710284977e-02 1.3319628067288821e+01 1.1225343337916596e-06
2.1684850067919198e-01 -6.0328231465958525e-02 1.3419069835005510e+01 1.0639204861611911e-06
2.1684850067919198e-01 -5.0273526221632080e-02 1.3517610903020065e+01 1.0143393154787390e-06
2.1684850067919198e-01 -4.0218820977305711e-02 1.3611225392333195e+01 9.7378409595741776e-07
2.1684850067919198e-01 -3.0164115732979262e-02 1.3694474941866842e+01 9.4224852406567703e-07
2.1684850067919198e-01 -2.0109410488652817e-02 1.3760890654212005e+01 9.1972723142105844e-07
2.1684850067919198e-01 -1.0054705244326374e-02 1.3804022890163466e+01 9.0621614724494332e-07
2.1684850067919198e-01 7.1065644079062674e-17 1.3819007191414148e+01 9.0171273885430390e-07
2.1684850067919198e-01 1.0054705244326445e-02 1.3804022890163463e+01 9.0621614743654471e-07
2.1684850067919198e-01 2.0109410488652890e-02 1.3760890654212005e+01 9.1972723151557525e-07
2.1684850067919198e-01 3.0164115732979335e-02 1.3694474941866838e+01 9.4224852420090362e-07
2.1684850067919198e-01 4.0218820977305780e-02 1.3611225392333175e+01 9.7378409603183934e-07
2.1684850067919198e-01 5.0273526221632225e-02 1.3517610903020051e+01 1.0143393155912432e-06
2.1684850067919198e-01 6.0328231465958670e-02 1.3419069835005505e+01 1.0639204861772451e-06
2.1684850067919198e-01 7.0382936710285046e-02 1.3319628067288823e+01 1.1225343338264953e-06
2.1684850067919198e-01 8.0437641954611491e-02 1.3221983216292625e+01 1.1901873115969607e-06
2.1684850067919198e-01 9.0492347198937936e-02 1.3127787131110995e+01 1.2668846805710516e-06
2.1684850067919198e-01 1.0054705244326438e-01 1.3037949856453983e+01 1.3526293192343564e-06
2.1684850067919198e-01 1.1060175768759083e-01 1.2952890014397310e+01 1.4474202089729691e-06
2.1684850067919198e-01 1.2065646293191720e-01 1.2872716949911036e+01 1.5512505358235459e-06
2.1684850067919198e-01 1.3071116817624365e-01 1.2797354441255102e+01 1.6641053442968368e-06
2.1684850067919198e-01 1.4076587342057009e-01 1.2726621274103980e+01 1.7859586736917011e-06
2.1684850067919198e-01 1.5082057866489645e-01 1.2660282225088064e+01 1.9167701031870118e-06
2.1684850067919198e-01 1.6087528390922298e-01 1.2598079546634633e+01 2.0564806282865324e-06
2.1684850067919198e-01 1.7092998915354934e-01 1.2539751903128321e+01 2.2050077886504535e-06
2.1684850067919198e-01 1.8098469439787587e-01 1.2485045354543436e+01 2.3622399659066260e-06
2.1684850067919198e-01 1.9103939964220223e-01 1.2433719361257003e+01 2.5280297705441263e-06
2.1684850067919198e-01 2.0109410488652862e-01 1.2385549710826384e+01 2.7021864398507309e-06
2.1684850067919198e-01 2.1114881013085512e-01 1.2340329573007471e+01 2.8844671749343513e-06
2.1684850067919198e-01 2.2120351537518151e-01 1.2297869444577517e+01 3.0745673558318342e-06
2.1684850067919198e-01 2.3125822061950801e-01 1.2257996462218795e+01 3.2721095900473875e-06
2.1684850067919198e-01 2.4131292586383440e-01 1.2220553381627557e+01 3.4766315749490753e-06
2.1684850067919198e-01 2.5136763110816079e-01 1.2185397406650150e+01 3.6875727895139096e-06
2.1684850067919198e-01 2.6142233635248729e-01 1.2152398979704580e+01 3.9042600806535106e-06
2.1684850067919198e-01 2.7147704159681368e-01 1.2121440598833610e+01 4.1258922771905159e-06
2.1684850067919198e-01 2.8153174684114018e-01 1.2092415697804720e+01 4.3515240575989845e-06
2.1684850067919198e-01 2.9158645208546657e-01 1.2065227607582333e+01 4.5800494232482590e-06
2.1684850067919198e-01 3.0164115732979291e-01 1.2039788606328830e+01 4.8101852989292662e-06
2.1684850067919198e-01 3.1169586257411946e-01 1.2016019058331159e+01 5.0404560118541218e-06
2.1684850067919198e-01 3.2175056781844580e-01 1.1993846638284731e+01 5.2691797105586154e-06
2.1684850067919198e-01 3.3180527306277235e-01 1.1973205635155777e+01 5.4944582050237673e-06
2.1684850067919198e-01 3.4185997830709869e-01 1.1954036328711275e+01 5.7141722787434814e-06
2.1684850067919198e-01 3.5191468355142524e-01 1.1936284431318395e+01 5.9259852945839419e-06
2.1684850067919198e-01 3.6196938879575158e-01 1.1919900587488971e+01 6.1273589565304795e-06
2.1684850067919198e-01 3.7202409404007797e-01 1.1904839923702538e+01 6.3155864770081426e-06
2.1684850067919198e-01 3.8207879928440447e-01 1.1891061641185752e+01 6.4878502098384740e-06
2.1684850067919198e-01 3.9213350452873086e-01 1.1878528644530688e+01 6.6413130723161943e-06
2.1684850067919198e-01 4.0218820977305736e-01 1.1867207199373667e+01 6.7732556775554030e-06
2.1684850067919198e-01 4.1224291501738375e-01 1.1857066613071767e+01 6.8812735320002920e-06
2.1684850067919198e-01 4.2229762026171014e-01 1.1848078933956517e+01 6.9635495647211487e-06
2.1684850067919198e-01 4.3235232550603664e-01 1.1840218668439508e+01 7.0192135166617817e-06
2.1684850067919198e-01 4.4240703075036303e-01 1.1833462523063616e+01 7.0487846588010537e-06
2.1684850067919198e-01 4.5246173599468953e-01 1.1827789190281221e+01 7.0545907272673906e-06
2.1684850067919198e-01 4.6251644123901592e-01 1.1823178911913203e+01 7.0355039301761603e-06
2.1684850067919198e-01 4.7257114648334225e-01 1.1819604413106980e+01 6.8310504916614775e-06
2.1684850067919198e-01 4.8262585172766881e-01 1.1817007565492862e+01 5.7272004525821136e-06
2.1684850067919198e-01 4.9268055697199514e-01 1.1815554896369990e+01 6.6853328423420273e-06
2.1684850067919198e-01 5.0273526221632159e-01 1.1815128831895018e+01 7.9893455684385471e-06
2.3491920906912467e-01 -5.0273526221632159e-01 1.1832813675641688e+01 7.6822533378092304e-06
2.3491920906912467e-01 -4.9268055697199509e-01 1.1833291649145773e+01 6.2819418182183285e-06
2.3491920906912467e-01 -4.8262585172766864e-01 1.1834876340981925e+01 5.1801176703294294e-06
2.3491920906912467e-01 -4.7257114648334225e-01 1.1837648924519900e+01 6.2618259070759475e-06
2.3491920906912467e-01 -4.6251644123901581e-01 1.1841449591861540e+01 6.4909841855328175e-06
2.3491920906912467e-01 -4.5246173599468936e-01 1.1846349815033072e+01 6.5460026170138441e-06
2.3491920906912467e-01 -4.4240703075036292e-01 1.1852380889741504e+01 6.5793011739148826e-06
2.3491920906912467e-01 -4.3235232550603647e-01 1.1859564667910172e+01 6.5901942436984384e-06
2.3491920906912467e-01 -4.2229762026171014e-01 1.1867924826197887e+01 6.5751118620555535e-06
2.3491920906912467e-01 -4.1224291501738369e-01 1.1877487407563216e+01 6.5326339426016928e-06
2.3491920906912467e-01 -4.0218820977305725e-01 1.1888281070061350e+01 6.4630173755032170e-06
2.3491920906912467e-01 -3.9213350452873080e-01 1.1900337385972060e+01 6.3676931291221565e-06
2.3491920906912467e-01 -3.8207879928440436e-01 1.1913691173192346e+01 6.2488503834479200e-06
2.3491920906912467e-01 -3.7202409404007797e-01 1.1928380852309362e+01 6.1091163368098970e-06
2.3491920906912467e-01 -3.6196938879575147e-01 1.1944448831163982e+01 5.9513212432591152e-06
2.3491920906912467e-01 -3.5191468355142508e-01 1.1961941922903261e+01 5.7783326023409203e-06
2.3491920906912467e-01 -3.4185997830709863e-01 1.1980911805640586e+01 5.5929426414486541e-06
2.3491920906912467e-01 -3.3180527306277219e-01 1.2001415533082744e+01 5.3977955730574400e-06
2.3491920906912467e-01 -3.2175056781844580e-01 1.2023516106451739e+01 5.1953438752220946e-06
2.3491920906912467e-01 -3.1169586257411935e-01 1.2047283119020918e+01 4.9878253586802630e-06
2.3491920906912467e-01 -3.0164115732979291e-01 1.2072793485733831e+01 4.7772548468899554e-06
2.3491920906912467e-01 -2.9158645208546646e-01 1.2100132271732940e+01 4.5654259032153835e-06
2.3491920906912467e-01 -2.8153174684114002e-01 1.2129393635190459e+01 4.3539192590709750e-06
2.3491920906912467e-01 -2.7147704159681363e-01 1.2160681901562201e+01 4.1441155080879675e-06
2.3491920906912467e-01 -2.6142233635248718e-01 1.2194112788167692e+01 3.9372103072550818e-06
2.3491920906912467e-01 -2.5136763110816074e-01 1.2229814799641742e+01 3.7342308257531547e-06
2.3491920906912467e-01 -2.4131292586383432e-01 1.2267930815948498e+01 3.5360525509834869e-06
2.3491920906912467e-01 -2.3125822061950788e-01 1.2308619894692280e+01 3.3434158338252640e-06
2.3491920906912467e-01 -2.2120351537518143e-01 1.2352059307360054e+01 3.1569417558561015e-06
2.3491920906912467e-01 -2.1114881013085501e-01 1.2398446823127040e+01 2.9771470492900395e-06
2.3491920906912467e-01 -2.0109410488652857e-01 1.2448003240974268e+01 2.8044579088256244e-06
2.3491920906912467e-01 -1.9103939964220218e-01 1.2500975146072809e+01 2.6392226135188139e-06
2.3491920906912467e-01 -1.8098469439787573e-01 1.2557637821150969e+01 2.4817229339308468e-06
2.3491920906912467e-01 -1.7092998915354929e-01 1.2618298163346127e+01 2.3321843399557275e-06
2.3491920906912467e-01 -1.6087528390922284e-01 1.2683297316952002e+01 2.1907850527754780e-06
2.3491920906912467e-01 -1.5082057866489645e-01 1.2753012489614578e+01 2.0576640031593733e-06
2.3491920906912467e-01 -1.4076587342057001e-01 1.2827856999645434e+01 1.9329277700242661e-06
2.3491920906912467e-01 -1.3071116817624356e-01 1.2908276876370465e+01 1.8166565798613976e-06
2.3491920906912467e-01 -1.2065646293191713e-01 1.2994741080964886e+01 1.7089094506856669e-06
2.3491920906912467e-01 -1.1060175768759069e-01 1.3087720251765610e+01 1.6097285643054112e-06
2.3491920906912467e-01 -1.0054705244326431e-01 1.3187645178451948e+01 1.5191429491198721e-06
2.3491920906912467e-01 -9.0492347198937867e-02 1.3294830018731851e+01 1.4371715524861886e-06
2.3491920906912467e-01 -8.0437641954611422e-02 1.3409335410264632e+01 1.3638257777520556e-06
2.3491920906912467e-01 -7.0382936710284977e-02 1.3530732614536916e+01 1.2991115561452405e-06
2.3491920906912467e-01 -6.0328231465958525e-02 1.3657715420168369e+01 1.2430310181991902e-06
2.3491920906912467e-01 -5.0273526221632080e-02 1.3787509904822910e+01 1.1955838244658199e-06
2.3491920906912467e-01 -4.0218820977305711e-02 1.3915106219233280e+01 1.1567682084935989e-06
2.3491920906912467e-01 -3.0164115732979262e-02 1.4032579648365916e+01 1.1265817760607408e-06
2.3491920906912467e-01 -2.0109410488652817e-02 1.4129213869130281e+01 1.1050221079977530e-06
2.3491920906912467e-01 -1.0054705244326374e-02 1.4193352626971656e+01 1.0920871902024438e-06
2.3491920906912467e-01 7.1065644079062674e-17 1.4215873246696889e+01 1.0877757037295317e-06
2.3491920906912467e-01 1.0054705244326445e-02 1.4193352626971645e+01 1.0920871912618504e-06
2.3491920906912467e-01 2.0109410488652890e-02 1.4129213869130286e+01 1.1050221086123749e-06
2.3491920906912467e-01 3.0164115732979335e-02 1.4032579648365905e+01 1.1265817761027588e-06
2.3491920906912467e-01 4.0218820977305780e-02 1.3915106219233261e+01 1.1567682081976703e-06
2.3491920906912467e-01 5.0273526221632225e-02 1.3787509904822910e+01 1.1955838245867431e-06
2.3491920906912467e-01 6.0328231465958670e-02 1.3657715420168362e+01 1.2430310181963449e-06
2.3491920906912467e-01 7.0382936710285046e-02 1.3530732614536927e+01 1.2991115561660292e-06
2.3491920906912467e-01 8.0437641954611491e-02 1.3409335410264633e+01 1.3638257777729792e-06
2.3491920906912467e-01 9.0492347198937936e-02 1.3294830018731831e+01 1.4371715524831469e-06
2.3491920906912467e-01 1.0054705244326438e-01 1.3187645178451957e+01 1.5191429491242928e-06
2.3491920906912467e-01 1.1060175768759083e-01 1.3087720251765605e+01 1.6097285643064293e-06
2.3491920906912467e-01 1.2065646293191720e-01 1.2994741080964872e+01 1.7089094506938206e-06
2.3491920906912467e-01 1.3071116817624365e-01 1.2908276876370472e+01 1.8166565798647646e-06
2.3491920906912467e-01 1.4076587342057009e-01 1.2827856999645430e+01 1.9329277700261211e-06
2.3491920906912467e-01 1.5082057866489645e-01 1.2753012489614569e+01 2.0576640031626199e-06
2.3491920906912467e-01 1.6087528390922298e-01 1.2683297316951998e+01 2.1907850527697601e-06
2.3491920906912467e-01 1.7092998915354934e-01 1.2618298163346120e+01 2.3321843399600525e-06
2.3491920906912467e-01 1.8098469439787587e-01 1.2557637821150980e+01 2.4817229339282570e-06
2.3491920906912467e-01 1.9103939964220223e-01 1.2500975146072808e+01 2.6392226135146278e-06
2.3491920906912467e-01 2.0109410488652862e-01 1.2448003240974280e+01 2.8044579088235043e-06
2.3491920906912467e-01 2.1114881013085512e-01 1.2398446823127024e+01 2.9771470492912431e-06
2.3491920906912467e-01 2.2120351537518151e-01 1.2352059307360051e+01 3.1569417558531212e-06
2.3491920906912467e-01 2.3125822061950801e-01 1.2308619894692296e+01 3.3434158338214324e-06
2.3491920906912467e-01 2.4131292586383440e-01 1.2267930815948493e+01 3.5360525509792861e-06
2.3491920906912467e-01 2.5136763110816079e-01 1.2229814799641746e+01 3.7342308257505047e-06
2.3491920906912467e-01 2.6142233635248729e-01 1.2194112788167679e+01 3.9372103072574730e-06
2.3491920906912467e-01 2.7147704159681368e-01 1.2160681901562203e+01 4.1441155080851927e-06
2.3491920906912467e-01 2.8153174684114018e-01 1.2129393635190462e+01 4.3539192590666806e-06
2.3491920906912467e-01 2.9158645208546657e-01 1.2100132271732933e+01 4.5654259032150583e-06
2.3491920906912467e-01 3.0164115732979291e-01 1.2072793485733825e+01 4.7772548468886518e-06
2.3491920906912467e-01 3.1169586257411946e-01 1.2047283119020902e+01 4.9878253586791000e-06
2.3491920906912467e-01 3.2175056781844580e-01 1.2023516106451748e+01 5.1953438752185007e-06
2.3491920906912467e-01 3.3180527306277235e-01 1.2001415533082753e+01 5.3977955730559552e-06
2.3491920906912467e-01 3.4185997830709869e-01 1.1980911805640583e+01 5.5929426414465357e-06
2.3491920906912467e-01 3.5191468355142524e-01 1.1961941922903257e+01 5.7783326023395388e-06
2.3491920906912467e-01 3.6196938879575158e-01 1.1944448831163989e+01 5.9513212432572949e-06
2.3491920906912467e-01 3.7202409404007797e-01 1.1928380852309376e+01 6.1091163368102375e-06
2.3491920906912467e-01 3.8207879928440447e-01 1.1913691173192337e+01 6.2488503834486222e-06
2.3491920906912467e-01 3.9213350452873086e-01 1.1900337385972044e+01 6.3676931291240022e-06
2.3491920906912467e-01 4.0218820977305736e-01 1.1888281070061335e+01 6.4630173755030645e-06
2.3491920906912467e-01 4.1224291501738375e-01 1.1877487407563203e+01 6.5326339425995346e-06
2.3491920906912467e-01 4.2229762026171014e-01 1.1867924826197884e+01 6.5751118620544227e-06
2.3491920906912467e-01 4.3235232550603664e-01 1.1859564667910170e+01 6.5901942436989415e-06
2.3491920906912467e-01 4.4240703075036303e-01 1.1852380889741502e+01 6.5793011739149419e-06
2.3491920906912467e-01 4.5246173599468953e-01 1.1846349815033065e+01 6.5460026170143582e-06
2.3491920906912467e-01 4.6251644123901592e-01 1.1841449591861544e+01 6.4909841855325863e-06
2.3491920906912467e-01 4.7257114648334225e-01 1.1837648924519900e+01 6.2618259070747278e-06
2.3491920906912467e-01 4.8262585172766881e-01 1.1834876340981920e+01 5.1801176703285866e-06
2.3491920906912467e-01 4.9268055697199514e-01 1.1833291649145769e+01 6.2819418182182455e-06
2.3491920906912467e-01 5.0273526221632159e-01 1.1832813675641688e+01 7.6822533378087104e-06
2.5298991745905736e-01 -5.0273526221632159e-01 1.1847565474729318e+01 7.4667894552529433e-06
2.5298991745905736e-01 -4.9268055697199509e-01 1.1848092775800938e+01 5.9788160327416010e-06
2.5298991745905736e-01 -4.8262585172766864e-01 1.1849801975128091e+01 4.7490518266293433e-06
2.5298991745905736e-01 -4.7257114648334225e-01 1.1852738008104952e+01 5.8155228294205173e-06
2.5298991745905736e-01 -4.6251644123901581e-01 1.1856747905703012e+01 6.0651093009616535e-06
2.5298991745905736e-01 -4.5246173599468936e-01 1.1861916021354549e+01 6.1495678347714907e-06
2.5298991745905736e-01 -4.4240703075036292e-01 1.1868277409544508e+01 6.2154017790888737e-06
2.5298991745905736e-01 -4.3235232550603647e-01 1.1875855800787260e+01 6.2604489205967642e-06
2.5298991745905736e-01 -4.2229762026171014e-01 1.1884677014519275e+01 6.2800444254295894e-06
2.5298991745905736e-01 -4.1224291501738369e-01 1.1894769598626795e+01 6.2719233913248294e-06
2.5298991745905736e-01 -4.0218820977305725e-01 1.1906165107353436e+01 6.2357302699987872e-06
2.5298991745905736e-01 -3.9213350452873080e-01 1.1918898436548863e+01 6.1724816766617917e-06
2.5298991745905736e-01 -3.8207879928440436e-01 1.1933008199122035e+01 6.0841107148225948e-06
2.5298991745905736e-01 -3.7202409404007797e-01 1.1948537134583042e+01 5.9731088373528606e-06
2.5298991745905736e-01 -3.6196938879575147e-01 1.1965532555456123e+01 5.8422581989687145e-06
2.5298991745905736e-01 -3.5191468355142508e-01 1.1984046838048766e+01 5.6944394074266856e-06
2.5298991745905736e-01 -3.4185997830709863e-01 1.2004137967724361e+01 5.5324985390090699e-06
2.5298991745905736e-01 -3.3180527306277219e-01 1.2025870150677161e+01 5.3591590817158186e-06
2.5298991745905736e-01 -3.2175056781844580e-01 1.2049314505911246e+01 5.1769670881037020e-06
2.5298991745905736e-01 -3.1169586257411935e-01 1.2074549853038068e+01 4.9882603820223022e-06
2.5298991745905736e-01 -3.0164115732979291e-01 1.2101663613843341e+01 4.7951548543284804e-06
2.5298991745905736e-01 -2.9158645208546646e-01 1.2130752848486644e+01 4.5995426379525395e-06
2.5298991745905736e-01 -2.8153174684114002e-01 1.2161925450821553e+01 4.4030983113930433e-06
2.5298991745905736e-01 -2.7147704159681363e-01 1.2195301531802780e+01 4.2072903101342820e-06
2.5298991745905736e-01 -2.6142233635248718e-01 1.2231015025437690e+01 4.0133954984647957e-06
2.5298991745905736e-01 -2.5136763110816074e-01 1.2269215558415084e+01 3.8225154303204534e-06
2.5298991745905736e-01 -2.4131292586383432e-01 1.2310070632585269e+01 3.6355932552194579e-06
2.5298991745905736e-01 -2.3125822061950788e-01 1.2353768179018928e+01 3.4534305420907929e-06
2.5298991745905736e-01 -2.2120351537518143e-01 1.2400519553500462e+01 3.2767035276045254e-06
2.5298991745905736e-01 -2.1114881013085501e-01 1.2450563055835888e+01 3.1059784676757276e-06
2.5298991745905736e-01 -2.0109410488652857e-01 1.2504168068610403e+01 2.9417258968211515e-06
2.5298991745905736e-01 -1.9103939964220218e-01 1.2561639923324691e+01 2.7843336915661620e-06
2.5298991745905736e-01 -1.8098469439787573e-01 1.2623325609463095e+01 2.6341188997739924e-06
2.5298991745905736e-01 -1.7092998915354929e-01 1.2689620437301237e+01 2.4913383442664689e-06
2.5298991745905736e-01 -1.6087528390922284e-01 1.2760975732616091e+01 2.3561980409704322e-06
2.5298991745905736e-01 -1.5082057866489645e-01 1.2837907549918876e+01 2.2288614934213620e-06
2.5298991745905736e-01 -1.4076587342057001e-01 1.2921006178570828e+01 2.1094569383291521e-06
2.5298991745905736e-01 -1.3071116817624356e-01 1.3010945759177861e+01 1.9980836250332568e-06
2.5298991745905736e-01 -1.2065646293191713e-01 1.3108492374843157e+01 1.8948172144715539e-06
2.5298991745905736e-01 -1.1060175768759069e-01 1.3214507018261974e+01 1.7997143837571787e-06
2.5298991745905736e-01 -1.0054705244326431e-01 1.3329935792784351e+01 1.7128167209572254e-06
2.5298991745905736e-01 -9.0492347198937867e-02 1.3455771348488353e+01 1.6341539901604786e-06
2.5298991745905736e-01 -8.0437641954611422e-02 1.3592952223224890e+01 1.5637468439034023e-06
2.5298991745905736e-01 -7.0382936710284977e-02 1.3742131034968819e+01 1.5016090540402787e-06
2.5298991745905736e-01 -6.0328231465958525e-02 1.3903171239088515e+01 1.4477493255545991e-06
2.5298991745905736e-01 -5.0273526221632080e-02 1.4074104898083771e+01 1.4021727541184107e-06
2.5298991745905736e-01 -4.0218820977305711e-02 1.4249135501105078e+01 1.3648819811275409e-06
2.5298991745905736e-01 -3.0164115732979262e-02 1.4415513750721132e+01 1.3358780865468903e-06
2.5298991745905736e-01 -2.0109410488652817e-02 1.4551588030338962e+01 1.3151612716751754e-06
2.5298991745905736e-01 -1.0054705244326374e-02 1.4634955855154201e+01 1.3027313492219624e-06
2.5298991745905736e-01 7.1065644079062674e-17 1.4661035292213500e+01 1.2985880748366522e-06
2.5298991745905736e-01 1.0054705244326445e-02 1.4634955855154198e+01 1.3027313476776879e-06
2.5298991745905736e-01 2.0109410488652890e-02 1.4551588030338943e+01 1.3151612731729641e-06
2.5298991745905736e-01 3.0164115732979335e-02 1.4415513750721127e+01 1.3358780875092191e-06
2.5298991745905736e-01 4.0218820977305780e-02 1.4249135501105073e+01 1.3648819812671800e-06
2.5298991745905736e-01 5.0273526221632225e-02 1.4074104898083780e+01 1.4021727544161947e-06
2.5298991745905736e-01 6.0328231465958670e-02 1.3903171239088490e+01 1.4477493254977949e-06
2.5298991745905736e-01 7.0382936710285046e-02 1.3742131034968834e+01 1.5016090540383515e-06
2.5298991745905736e-01 8.0437641954611491e-02 1.3592952223224886e+01 1.5637468439441037e-06
2.5298991745905736e-01 9.0492347198937936e-02 1.3455771348488355e+01 1.6341539901263899e-06
2.5298991745905736e-01 1.0054705244326438e-01 1.3329935792784351e+01 1.7128167209442194e-06
2.5298991745905736e-01 1.1060175768759083e-01 1.3214507018261969e+01 1.7997143837493875e-06
2.5298991745905736e-01 1.2065646293191720e-01 1.3108492374843157e+01 1.8948172144542524e-06
2.5298991745905736e-01 1.3071116817624365e-01 1.3010945759177858e+01 1.9980836250367699e-06
2.5298991745905736e-01 1.4076587342057009e-01 1.2921006178570819e+01 2.1094569383219265e-06
2.5298991745905736e-01 1.5082057866489645e-01 1.2837907549918869e+01 2.2288614934136798e-06
2.5298991745905736e-01 1.6087528390922298e-01 1.2760975732616085e+01 2.3561980409745026e-06
2.5298991745905736e-01 1.7092998915354934e-01 1.2689620437301226e+01 2.4913383442611127e-06
2.5298991745905736e-01 1.8098469439787587e-01 1.2623325609463093e+01 2.6341188997747488e-06
2.5298991745905736e-01 1.9103939964220223e-01 1.2561639923324694e+01 2.7843336915598402e-06
2.5298991745905736e-01 2.0109410488652862e-01 1.2504168068610396e+01 2.9417258968202219e-06
2.5298991745905736e-01 2.1114881013085512e-01 1.2450563055835890e+01 3.1059784676749272e-06
2.5298991745905736e-01 2.2120351537518151e-01 1.2400519553500470e+01 3.2767035276076679e-06
2.5298991745905736e-01 2.3125822061950801e-01 1.2353768179018925e+01 3.4534305420918530e-06
2.5298991745905736e-01 2.4131292586383440e-01 1.2310070632585262e+01 3.6355932552157013e-06
2.5298991745905736e-01 2.5136763110816079e-01 1.2269215558415084e+01 3.8225154303153018e-06
2.5298991745905736e-01 2.6142233635248729e-01 1.2231015025437690e+01 4.0133954984614838e-06
2.5298991745905736e-01 2.7147704159681368e-01 1.2195301531802796e+01 4.2072903101325354e-06
2.5298991745905736e-01 2.8153174684114018e-01 1.2161925450821546e+01 4.4030983113966974e-06
2.5298991745905736e-01 2.9158645208546657e-01 1.2130752848486646e+01 4.5995426379511877e-06
2.5298991745905736e-01 3.0164115732979291e-01 1.2101663613843344e+01 4.7951548543258749e-06
2.5298991745905736e-01 3.1169586257411946e-01 1.2074549853038075e+01 4.9882603820212146e-06
2.5298991745905736e-01 3.2175056781844580e-01 1.2049314505911246e+01 5.1769670881012363e-06
2.5298991745905736e-01 3.3180527306277235e-01 1.2025870150677157e+01 5.3591590817107034e-06
2.5298991745905736e-01 3.4185997830709869e-01 1.2004137967724365e+01 5.5324985390077409e-06
2.5298991745905736e-01 3.5191468355142524e-01 1.1984046838048753e+01 5.6944394074270016e-06
2.5298991745905736e-01 3.6196938879575158e-01 1.1965532555456116e+01 5.8422581989680936e-06
2.5298991745905736e-01 3.7202409404007797e-01 1.1948537134583045e+01 5.9731088373528648e-06
2.5298991745905736e-01 3.8207879928440447e-01 1.1933008199122019e+01 6.0841107148233503e-06
2.5298991745905736e-01 3.9213350452873086e-01 1.1918898436548861e+01 6.1724816766625481e-06
2.5298991745905736e-01 4.0218820977305736e-01 1.1906165107353431e+01 6.2357302699986644e-06
2.5298991745905736e-01 4.1224291501738375e-01 1.1894769598626796e+01 6.2719233913230752e-06
2.5298991745905736e-01 4.2229762026171014e-01 1.1884677014519283e+01 6.2800444254292294e-06
2.5298991745905736e-01 4.3235232550603664e-01 1.1875855800787269e+01 6.2604489205960849e-06
2.5298991745905736e-01 4.4240703075036303e-01 1.1868277409544502e+01 6.2154017790897614e-06
2.5298991745905736e-01 4.5246173599468953e-01 1.1861916021354542e+01 6.1495678347708436e-06
2.5298991745905736e-01 4.6251644123901592e-01 1.1856747905703005e+01 6.0651093009629071e-06
2.5298991745905736e-01 4.7257114648334225e-01 1.1852738008104945e+01 5.8155228294201268e-06
2.5298991745905736e-01 4.8262585172766881e-01 1.1849801975128107e+01 4.7490518266294026e-06
2.5298991745905736e-01 4.9268055697199514e-01 1.1848092775800946e+01 5.9788160327450349e-06
2.5298991745905736e-01 5.0273526221632159e-01 1.1847565474729318e+01 7.4667894552521496e-06
2.7106062584898993e-01 -5.0273526221632159e-01 1.1858518040574966e+01 7.3642589344269057e-06
2.7106062584898993e-01 -4.9268055697199509e-01 1.1859089264680112e+01 5.8094573843752022e-06
2.7106062584898993e-01 -4.8262585172766864e-01 1.1860909539132086e+01 4.4816635099961746e-06
2.7106062584898993e-01 -4.7257114648334225e-01 1.1863989945192776e+01 5.5369446836175733e-06
2.7106062584898993e-01 -4.6251644123901581e-01 1.1868182463963684e+01 5.7997778859264534e-06
2.7106062584898993e-01 -4.5246173599468936e-01 1.1873583805949188e+01 5.9041312457619515e-06
2.7106062584898993e-01 -4.4240703075036292e-01 1.1880232433306238e+01 5.9927273244114351e-06
2.7106062584898993e-01 -4.3235232550603647e-01 1.1888153607949528e+01 6.0624144534056072e-06
2.7106062584898993e-01 -4.2229762026171014e-01 1.1897374909077186e+01 6.1076935738843543e-06
2.7106062584898993e-01 -4.1224291501738369e-01 1.1907926961964778e+01 6.1255837277573790e-06
2.7106062584898993e-01 -4.0218820977305725e-01 1.1919843736192286e+01 6.1151578800043428e-06
2.7106062584898993e-01 -3.9213350452873080e-01 1.1933162907777840e+01 6.0770060944959605e-06
2.7106062584898993e-01 -3.8207879928440436e-01 1.1947926269254259e+01 6.0127644857307769e-06
2.7106062584898993e-01 -3.7202409404007797e-01 1.1964180181916516e+01 5.9247349447516121e-06
2.7106062584898993e-01 -3.6196938879575147e-01 1.1981976073706882e+01 5.8155943023402876e-06
2.7106062584898993e-01 -3.5191468355142508e-01 1.2001370991364226e+01 5.6881808950213883e-06
2.7106062584898993e-01 -3.4185997830709863e-01 1.2022428218648885e+01 5.5453436927982648e-06
2.7106062584898993e-01 -3.3180527306277219e-01 1.2045217974905455e+01 5.3898399158192982e-06
2.7106062584898993e-01 -3.2175056781844580e-01 1.2069818210644367e+01 5.2242691585703346e-06
2.7106062584898993e-01 -3.1169586257411935e-01 1.2096315519629242e+01 5.0510343825235485e-06
2.7106062584898993e-01 -3.0164115732979291e-01 1.2124806190442563e+01 4.8723222786214779e-06
2.7106062584898993e-01 -2.9158645208546646e-01 1.2155397424926694e+01 4.6900972909133009e-06
2.7106062584898993e-01 -2.8153174684114002e-01 1.2188208756541076e+01 4.5061050210192482e-06
2.7106062584898993e-01 -2.7147704159681363e-01 1.2223373708885648e+01 4.3218818419912079e-06
2.7106062584898993e-01 -2.6142233635248718e-01 1.2261041743861536e+01 4.1387683971330000e-06
2.7106062584898993e-01 -2.5136763110816074e-01 1.2301380560766468e+01 3.9579252994568195e-06
2.7106062584898993e-01 -2.4131292586383432e-01 1.2344578822845094e+01 3.7803498278493564e-06
2.7106062584898993e-01 -2.3125822061950788e-01 1.2390849407491197e+01 3.6068927747563716e-06
2.7106062584898993e-01 -2.2120351537518143e-01 1.2440433301849366e+01 3.4382748666827940e-06
2.7106062584898993e-01 -2.1114881013085501e-01 1.2493604298871569e+01 3.2751023757344009e-06
2.7106062584898993e-01 -2.0109410488652857e-01 1.2550674692439317e+01 3.1178816851761945e-06
2.7106062584898993e-01 -1.9103939964220218e-01 1.2612002227173427e+01 2.9670326769488273e-06
2.7106062584898993e-01 -1.8098469439787573e-01 1.2677998632985190e+01 2.8229008849875340e-06
2.7106062584898993e-01 -1.7092998915354929e-01 1.2749140170733179e+01 2.6857684114717978e-06
2.7106062584898993e-01 -1.6087528390922284e-01 1.2825980737382370e+01 2.5558636400446655e-06
2.7106062584898993e-01 -1.5082057866489645e-01 1.2909168226768635e+01 2.4333698047286610e-06
2.7106062584898993e-01 -1.4076587342057001e-01 1.2999465002639974e+01 2.3184324886895033e-06
2.7106062584898993e-01 -1.3071116817624356e-01 1.3097773465328631e+01 2.2111661356356201e-06
2.7106062584898993e-01 -1.2065646293191713e-01 1.3205167636902466e+01 2.1116596611740790e-06
2.7106062584898993e-01 -1.1060175768759069e-01 1.3322931048225273e+01 2.0199812512029673e-06
2.7106062584898993e-01 -1.0054705244326431e-01 1.3452598874416143e+01 1.9361824334162073e-06
2.7106062584898993e-01 -9.0492347198937867e-02 1.3595995106766360e+01 1.8603015037699873e-06
2.7106062584898993e-01 -8.0437641954611422e-02 1.3755234342196285e+01 1.7923663854311122e-06
2.7106062584898993e-01 -7.0382936710284977e-02 1.3932593281187051e+01 1.7323969919654695e-06
2.7106062584898993e-01 -6.0328231465958525e-02 1.4129947313266488e+01 1.6804071607655884e-06
2.7106062584898993e-01 -5.0273526221632080e-02 1.4346711926608711e+01 1.6364062168980053e-06
2.7106062584898993e-01 -4.0218820977305711e-02 1.4572181649636342e+01 1.6004002192237063e-06
2.7106062584898993e-01 -3.0164115732979262e-02 1.4757993255206813e+01 1.5723929352401149e-06
2.7106062584898993e-01 -2.0109410488652817e-02 1.4818752917829903e+01 1.5523865923717604e-06
2.7106062584898993e-01 -1.0054705244326374e-02 1.4872343031821408e+01 1.5403823921535906e-06
2.7106062584898993e-01 7.1065644079062674e-17 1.4911796683836926e+01 1.5363809307589558e-06
2.7106062584898993e-01 1.0054705244326445e-02 1.4872343031821401e+01 1.5403824042050476e-06
2.7106062584898993e-01 2.0109410488652890e-02 1.4818752917829894e+01 1.5523865894122860e-06
2.7106062584898993e-01 3.0164115732979335e-02 1.4757993255206815e+01 1.5723929302001043e-06
2.7106062584898993e-01 4.0218820977305780e-02 1.4572181649636347e+01 1.6004002166075525e-06
2.7106062584898993e-01 5.0273526221632225e-02 1.4346711926608728e+01 1.6364062161246403e-06
2.7106062584898993e-01 6.0328231465958670e-02 1.4129947313266491e+01 1.6804071606065109e-06
2.7106062584898993e-01 7.0382936710285046e-02 1.3932593281187058e+01 1.7323969920683611e-06
2.7106062584898993e-01 8.0437641954611491e-02 1.3755234342196283e+01 1.7923663854570049e-06
2.7106062584898993e-01 9.0492347198937936e-02 1.3595995106766368e+01 1.8603015038058030e-06
2.7106062584898993e-01 1.0054705244326438e-01 1.3452598874416145e+01 1.9361824334096894e-06
2.7106062584898993e-01 1.1060175768759083e-01 1.3322931048225266e+01 2.0199812511938812e-06
2.7106062584898993e-01 1.2065646293191720e-01 1.3205167636902457e+01 2.1116596611870653e-06
2.7106062584898993e-01 1.3071116817624365e-01 1.3097773465328613e+01 2.2111661356466984e-06
2.7106062584898993e-01 1.4076587342057009e-01 1.2999465002639980e+01 2.3184324886842881e-06
2.7106062584898993e-01 1.5082057866489645e-01 1.2909168226768651e+01 2.4333698047293847e-06
2.7106062584898993e-01 1.6087528390922298e-01 1.2825980737382373e+01 2.5558636400334999e-06
2.7106062584898993e-01 1.7092998915354934e-01 1.2749140170733179e+01 2.6857684114689382e-06
2.7106062584898993e-01 1.8098469439787587e-01 1.2677998632985195e+01 2.8229008849782472e-06
2.7106062584898993e-01 1.9103939964220223e-01 1.2612002227173431e+01 2.9670326769469080e-06
2.7106062584898993e-01 2.0109410488652862e-01 1.2550674692439324e+01 3.1178816851732286e-06
2.7106062584898993e-01 2.1114881013085512e-01 1.2493604298871553e+01 3.2751023757324108e-06
2.7106062584898993e-01 2.2120351537518151e-01 1.2440433301849373e+01 3.4382748666844520e-06
2.7106062584898993e-01 2.3125822061950801e-01 1.2390849407491196e+01 3.6068927747574219e-06
2.7106062584898993e-01 2.4131292586383440e-01 1.2344578822845104e+01 3.7803498278491578e-06
2.7106062584898993e-01 2.5136763110816079e-01 1.2301380560766486e+01 3.9579252994520736e-06
2.7106062584898993e-01 2.6142233635248729e-01 1.2261041743861519e+01 4.1387683971285903e-06
2.7106062584898993e-01 2.7147704159681368e-01 1.2223373708885656e+01 4.3218818419896781e-06
2.7106062584898993e-01 2.8153174684114018e-01 1.2188208756541087e+01 4.5061050210194337e-06
2.7106062584898993e-01 2.9158645208546657e-01 1.2155397424926695e+01 4.6900972909144393e-06
2.7106062584898993e-01 3.0164115732979291e-01 1.2124806190442575e+01 4.8723222786203716e-06
2.7106062584898993e-01 3.1169586257411946e-01 1.2096315519629236e+01 5.0510343825193422e-06
2.7106062584898993e-01 3.2175056781844580e-01 1.2069818210644369e+01 5.2242691585689159e-06
2.7106062584898993e-01 3.3180527306277235e-01 1.2045217974905441e+01 5.3898399158233005e-06
2.7106062584898993e-01 3.4185997830709869e-01 1.2022428218648885e+01 5.5453436927997327e-06
2.7106062584898993e-01 3.5191468355142524e-01 1.2001370991364215e+01 5.6881808950174801e-06
2.7106062584898993e-01 3.6196938879575158e-01 1.1981976073706871e+01 5.8155943023441382e-06
2.7106062584898993e-01 3.7202409404007797e-01 1.1964180181916520e+01 5.9247349447519881e-06
2.7106062584898993e-01 3.8207879928440447e-01 1.1947926269254260e+01 6.0127644857303500e-06
2.7106062584898993e-01 3.9213350452873086e-01 1.1933162907777835e+01 6.0770060944981459e-06
2.7106062584898993e-01 4.0218820977305736e-01 1.1919843736192279e+01 6.1151578800045003e-06
2.7106062584898993e-01 4.1224291501738375e-01 1.1907926961964783e+01 6.1255837277563608e-06
2.7106062584898993e-01 4.2229762026171014e-01 1.1897374909077190e+01 6.1076935738861933e-06
2.7106062584898993e-01 4.3235232550603664e-01 1.1888153607949528e+01 6.0624144534048161e-06
2.7106062584898993e-01 4.4240703075036303e-01 1.1880232433306242e+01 5.9927273244119162e-06
2.7106062584898993e-01 4.5246173599468953e-01 1.1873583805949183e+01 5.9041312457603151e-06
2.7106062584898993e-01 4.6251644123901592e-01 1.1868182463963702e+01 5.7997778859268566e-06
2.7106062584898993e-01 4.7257114648334225e-01 1.1863989945192776e+01 5.5369446836159538e-06
2.7106062584898993e-01 4.8262585172766881e-01 1.1860909539132070e+01 4.4816635099967429e-06
2.7106062584898993e-01 4.9268055697199514e-01 1.1859089264680104e+01 5.8094573843744796e-06
2.7106062584898993e-01 5.0273526221632159e-01 1.1858518040574968e+01 7.3642589344246577e-06
2.8913133423892273e-01 -5.0273526221632159e-01 1.1864898729276860e+01 7.3791203350764252e-06
2.8913133423892273e-01 -4.9268055697199509e-01 1.1865505640573796e+01 5.7929822734824605e-06
2.8913133423892273e-01 -4.8262585172766864e-01 1.1867417728984735e+01 4.4155514510892263e-06
2.8913133423892273e-01 -4.7257114648334225e-01 1.1870617104798111e+01 5.4620947702007520e-06
2.8913133423892273e-01 -4.6251644123901581e-01 1.1874956703600702e+01 5.7291777426474306e-06
2.8913133423892273e-01 -4.5246173599468936e-01 1.1880544982931477e+01 5.8418959184635639e-06
2.8913133423892273e-01 -4.4240703075036292e-01 1.1887423379343204e+01 5.9412684144794344e-06
2.8913133423892273e-01 -4.3235232550603647e-01 1.1895618217985353e+01 6.0237487104298348e-06
2.8913133423892273e-01 -4.2229762026171014e-01 1.1905158307897565e+01 6.0833648545150526e-06
2.8913133423892273e-01 -4.1224291501738369e-01 1.1916075750483467e+01 6.1166277415564259e-06
2.8913133423892273e-01 -4.0218820977305725e-01 1.1928406246830482e+01 6.1221354329142365e-06
2.8913133423892273e-01 -3.9213350452873080e-01 1.1942189473998145e+01 6.1000737710260413e-06
2.8913133423892273e-01 -3.8207879928440436e-01 1.1957469515741442e+01 6.0517586430551506e-06
2.8913133423892273e-01 -3.7202409404007797e-01 1.1974295342063582e+01 5.9792538703727346e-06
2.8913133423892273e-01 -3.6196938879575147e-01 1.1992721341317905e+01 5.8850706133862807e-06
2.8913133423892273e-01 -3.5191468355142508e-01 1.2012807914041565e+01 5.7719411188097627e-06
2.8913133423892273e-01 -3.4185997830709863e-01 1.2034622141288224e+01 5.6426548375367738e-06
2.8913133423892273e-01 -3.3180527306277219e-01 1.2058238543142769e+01 5.4999443107875302e-06
2.8913133423892273e-01 -3.2175056781844580e-01 1.2083739946064094e+01 5.3464094367389694e-06
2.8913133423892273e-01 -3.1169586257411935e-01 1.2111218481170782e+01 5.1844705726413196e-06
2.8913133423892273e-01 -3.0164115732979291e-01 1.2140776739907110e+01 5.0163428142562497e-06
2.8913133423892273e-01 -2.9158645208546646e-01 1.2172529119043586e+01 4.8440254782345324e-06
2.8913133423892273e-01 -2.8153174684114002e-01 1.2206603394063825e+01 4.6693022180596969e-06
2.8913133423892273e-01 -2.7147704159681363e-01 1.2243142569167199e+01 4.4937483314906251e-06
2.8913133423892273e-01 -2.6142233635248718e-01 1.2282307064037390e+01 4.3187427010151607e-06
2.8913133423892273e-01 -2.5136763110816074e-01 1.2324277313104007e+01 4.1454824905269766e-06
2.8913133423892273e-01 -2.4131292586383432e-01 1.2369256873515328e+01 3.9749992414463984e-06
2.8913133423892273e-01 -2.3125822061950788e-01 1.2417476165215167e+01 3.8081754050430643e-06
2.8913133423892273e-01 -2.2120351537518143e-01 1.2469197002867645e+01 3.6457606432694259e-06
2.8913133423892273e-01 -2.1114881013085501e-01 1.2524718128454056e+01 3.4883874506040928e-06
2.8913133423892273e-01 -2.0109410488652857e-01 1.2584382020285966e+01 3.3365858123653636e-06
2.8913133423892273e-01 -1.9103939964220218e-01 1.2648583346324992e+01 3.1907967340314633e-06
2.8913133423892273e-01 -1.8098469439787573e-01 1.2717779557831093e+01 3.0513845622420590e-06
2.8913133423892273e-01 -1.7092998915354929e-01 1.2792504299143479e+01 2.9186480793053057e-06
2.8913133423892273e-01 -1.6087528390922284e-01 1.2873384563504581e+01 2.7928303953509876e-06
2.8913133423892273e-01 -1.5082057866489645e-01 1.2961162885323485e+01 2.6741276910034704e-06
2.8913133423892273e-01 -1.4076587342057001e-01 1.3056726368703234e+01 2.5626968811490236e-06
2.8913133423892273e-01 -1.3071116817624356e-01 1.3161145057448691e+01 2.4586622814496518e-06
2.8913133423892273e-01 -1.2065646293191713e-01 1.3275723070360117e+01 2.3621213638915660e-06
2.8913133423892273e-01 -1.1060175768759069e-01 1.3402066908795490e+01 2.2731496890246402e-06
2.8913133423892273e-01 -1.0054705244326431e-01 1.3542175571063968e+01 2.1918051011044189e-06
2.8913133423892273e-01 -9.0492347198937867e-02 1.3698553169250239e+01 2.1181312682822623e-06
2.8913133423892273e-01 -8.0437641954611422e-02 1.3874322809010291e+01 2.0521606463802854e-06
2.8913133423892273e-01 -7.0382936710284977e-02 1.4073220407431211e+01 1.9939169376306414e-06
2.8913133423892273e-01 -6.0328231465958525e-02 1.4298867586815385e+01 1.9434171102513989e-06
2.8913133423892273e-01 -5.0273526221632080e-02 1.4550000502770123e+01 1.9006730399538514e-06
2.8913133423892273e-01 -4.0218820977305711e-02 1.4789653548832247e+01 1.8656928248752544e-06
2.8913133423892273e-01 -3.0164115732979262e-02 1.4880648673034427e+01 1.8384818441783560e-06
2.8913133423892273e-01 -2.0109410488652817e-02 1.5060467878349275e+01 1.8190434465422160e-06
2.8913133423892273e-01 -1.0054705244326374e-02 1.5261934547305763e+01 1.8073797206237203e-06
2.8913133423892273e-01 7.1065644079062674e-17 1.5338424840102826e+01 1.8034916850244331e-06
2.8913133423892273e-01 1.0054705244326445e-02 1.5261934547305739e+01 1.8073796952329230e-06
2.8913133423892273e-01 2.0109410488652890e-02 1.5060467878349280e+01 1.8190434482523255e-06
2.8913133423892273e-01 3.0164115732979335e-02 1.4880648673034431e+01 1.8384818378089966e-06
2.8913133423892273e-01 4.0218820977305780e-02 1.4789653548832250e+01 1.8656928254714614e-06
2.8913133423892273e-01 5.0273526221632225e-02 1.4550000502770123e+01 1.9006730414238676e-06
2.8913133423892273e-01 6.0328231465958670e-02 1.4298867586815387e+01 1.9434171101983416e-06
2.8913133423892273e-01 7.0382936710285046e-02 1.4073220407431217e+01 1.9939169375369185e-06
2.8913133423892273e-01 8.0437641954611491e-02 1.3874322809010309e+01 2.0521606463430100e-06
2.8913133423892273e-01 9.0492347198937936e-02 1.3698553169250239e+01 2.1181312681939460e-06
2.8913133423892273e-01 1.0054705244326438e-01 1.3542175571063972e+01 2.1918051010294074e-06
2.8913133423892273e-01 1.1060175768759083e-01 1.3402066908795494e+01 2.2731496889941280e-06
2.8913133423892273e-01 1.2065646293191720e-01 1.3275723070360117e+01 2.3621213639110609e-06
2.8913133423892273e-01 1.3071116817624365e-01 1.3161145057448691e+01 2.4586622814652478e-06
2.8913133423892273e-01 1.4076587342057009e-01 1.3056726368703231e+01 2.5626968811382003e-06
2.8913133423892273e-01 1.5082057866489645e-01 1.2961162885323478e+01 2.6741276909942644e-06
2.8913133423892273e-01 1.6087528390922298e-01 1.2873384563504572e+01 2.7928303953403188e-06
2.8913133423892273e-01 1.7092998915354934e-01 1.2792504299143474e+01 2.9186480793033940e-06
2.8913133423892273e-01 1.8098469439787587e-01 1.2717779557831108e+01 3.0513845622410866e-06
2.8913133423892273e-01 1.9103939964220223e-01 1.2648583346324985e+01 3.1907967340295951e-06
2.8913133423892273e-01 2.0109410488652862e-01 1.2584382020285974e+01 3.3365858123598579e-06
2.8913133423892273e-01 2.1114881013085512e-01 1.2524718128454047e+01 3.4883874506001177e-06
2.8913133423892273e-01 2.2120351537518151e-01 1.2469197002867645e+01 3.6457606432712479e-06
2.8913133423892273e-01 2.3125822061950801e-01 1.2417476165215168e+01 3.8081754050412139e-06
2.8913133423892273e-01 2.4131292586383440e-01 1.2369256873515315e+01 3.9749992414423724e-06
2.8913133423892273e-01 2.5136763110816079e-01 1.2324277313104009e+01 4.1454824905224713e-06
2.8913133423892273e-01 2.6142233635248729e-01 1.2282307064037379e+01 4.3187427010128855e-06
2.8913133423892273e-01 2.7147704159681368e-01 1.2243142569167194e+01 4.4937483314944334e-06
2.8913133423892273e-01 2.8153174684114018e-01 1.2206603394063833e+01 4.6693022180614172e-06
2.8913133423892273e-01 2.9158645208546657e-01 1.2172529119043579e+01 4.8440254782316364e-06
2.8913133423892273e-01 3.0164115732979291e-01 1.2140776739907112e+01 5.0163428142545065e-06
2.8913133423892273e-01 3.1169586257411946e-01 1.2111218481170781e+01 5.1844705726415458e-06
2.8913133423892273e-01 3.2175056781844580e-01 1.2083739946064091e+01 5.3464094367386823e-06
2.8913133423892273e-01 3.3180527306277235e-01 1.2058238543142773e+01 5.4999443107881469e-06
2.8913133423892273e-01 3.4185997830709869e-01 1.2034622141288242e+01 5.6426548375345360e-06
2.8913133423892273e-01 3.5191468355142524e-01 1.2012807914041550e+01 5.7719411188098660e-06
2.8913133423892273e-01 3.6196938879575158e-01 1.1992721341317894e+01 5.8850706133832585e-06
2.8913133423892273e-01 3.7202409404007797e-01 1.1974295342063586e+01 5.9792538703725075e-06
2.8913133423892273e-01 3.8207879928440447e-01 1.1957469515741442e+01 6.0517586430539241e-06
2.8913133423892273e-01 3.9213350452873086e-01 1.1942189473998154e+01 6.1000737710259727e-06
2.8913133423892273e-01 4.0218820977305736e-01 1.1928406246830477e+01 6.1221354329137207e-06
2.8913133423892273e-01 4.1224291501738375e-01 1.1916075750483456e+01 6.1166277415544734e-06
2.8913133423892273e-01 4.2229762026171014e-01 1.1905158307897564e+01 6.0833648545168814e-06
2.8913133423892273e-01 4.3235232550603664e-01 1.1895618217985351e+01 6.0237487104295680e-06
2.8913133423892273e-01 4.4240703075036303e-01 1.1887423379343206e+01 5.9412684144795995e-06
2.8913133423892273e-01 4.5246173599468953e-01 1.1880544982931474e+01 5.8418959184645575e-06
2.8913133423892273e-01 4.6251644123901592e-01 1.1874956703600708e+01 5.7291777426471324e-06
2.8913133423892273e-01 4.7257114648334225e-01 1.1870617104798116e+01 5.4620947702007172e-06
2.8913133423892273e-01 4.8262585172766881e-01 1.1867417728984735e+01 4.4155514510889434e-06
2.8913133423892273e-01 4.9268055697199514e-01 1.1865505640573794e+01 5.7929822734836056e-06
2.8913133423892273e-01 5.0273526221632159e-01 1.1864898729276860e+01 7.3791203350765099e-06
3.0720204262885531e-01 -5.0273526221632159e-01 1.1866065349768432e+01 7.5079483506671003e-06
3.0720204262885531e-01 -4.9268055697199509e-01 1.1866697450835998e+01 5.9373284047614386e-06
3.0720204262885531e-01 -4.8262585172766864e-01 1.1868677308805344e+01 4.5738387332982148e-06
3.0720204262885531e-01 -4.7257114648334225e-01 1.1871964982728640e+01 5.6135887020476700e-06
3.0720204262885531e-01 -4.6251644123901581e-01 1.1876408747512889e+01 5.8754817027027966e-06
3.0720204262885531e-01 -4.5246173599468936e-01 1.1882128118036075e+01 5.9844851086235889e-06
3.0720204262885531e-01 -4.4240703075036292e-01 1.1889167011643687e+01 6.0818336525522219e-06
3.0720204262885531e-01 -4.3235232550603647e-01 1.1897552258764147e+01 6.1642171016260949e-06
3.0720204262885531e-01 -4.2229762026171014e-01 1.1907313255503510e+01 6.2256170886654709e-06
3.0720204262885531e-01 -4.1224291501738369e-01 1.1918482842206151e+01 6.2623137946785835e-06
3.0720204262885531e-01 -4.0218820977305725e-01 1.1931097607549287e+01 6.2725889919864261e-06
3.0720204262885531e-01 -3.9213350452873080e-01 1.1945198264151935e+01 6.2562958626637140e-06
3.0720204262885531e-01 -3.8207879928440436e-01 1.1960830082839253e+01 6.2144423301886310e-06
3.0720204262885531e-01 -3.7202409404007797e-01 1.1978043379930586e+01 6.1488288322496400e-06
3.0720204262885531e-01 -3.6196938879575147e-01 1.1996894061023273e+01 6.0617537514373695e-06
3.0720204262885531e-01 -3.5191468355142508e-01 1.2017444230273462e+01 5.9557851767954065e-06
3.0720204262885531e-01 -3.4185997830709863e-01 1.2039762877941566e+01 5.8335910757632269e-06
3.0720204262885531e-01 -3.3180527306277219e-01 1.2063926662107711e+01 5.6978178138948658e-06
3.0720204262885531e-01 -3.2175056781844580e-01 1.2090020803665512e+01 5.5510070808484383e-06
3.0720204262885531e-01 -3.1169586257411935e-01 1.2118140117430130e+01 5.3955424041778764e-06
3.0720204262885531e-01 -3.0164115732979291e-01 1.2148390206814250e+01 5.2336178793397190e-06
3.0720204262885531e-01 -2.9158645208546646e-01 1.2180888855396100e+01 5.0672231795266790e-06
3.0720204262885531e-01 -2.8153174684114002e-01 1.2215767656244878e+01 4.8981401866561808e-06
3.0720204262885531e-01 -2.7147704159681363e-01 1.2253173929621305e+01 4.7279476588985986e-06
3.0720204262885531e-01 -2.6142233635248718e-01 1.2293272992356719e+01 4.5580312210981625e-06
3.0720204262885531e-01 -2.5136763110816074e-01 1.2336250858821257e+01 4.3895966559976597e-06
3.0720204262885531e-01 -2.4131292586383432e-01 1.2382317475300908e+01 4.2236850128285424e-06
3.0720204262885531e-01 -2.3125822061950788e-01 1.2431710618748529e+01 4.0611884657308481e-06
3.0720204262885531e-01 -2.2120351537518143e-01 1.2484700630008831e+01 3.9028661705707573e-06
3.0720204262885531e-01 -2.1114881013085501e-01 1.2541596204688039e+01 3.7493596082920833e-06
3.0720204262885531e-01 -2.0109410488652857e-01 1.2602751537564764e+01 3.6012070811152309e-06
3.0720204262885531e-01 -1.9103939964220218e-01 1.2668575217184499e+01 3.4588571599126129e-06
3.0720204262885531e-01 -1.8098469439787573e-01 1.2739541408367309e+01 3.3226809772179398e-06
3.0720204262885531e-01 -1.7092998915354929e-01 1.2816204060043738e+01 3.1929833288743720e-06
3.0720204262885531e-01 -1.6087528390922284e-01 1.2899215161118848e+01 3.0700125956109660e-06
3.0720204262885531e-01 -1.5082057866489645e-01 1.2989348477383784e+01 2.9539695286552304e-06
3.0720204262885531e-01 -1.4076587342057001e-01 1.3087530793101196e+01 2.8450149639393392e-06
3.0720204262885531e-01 -1.3071116817624356e-01 1.3194883520582003e+01 2.7432765430783774e-06
3.0720204262885531e-01 -1.2065646293191713e-01 1.3312778683069308e+01 2.6488545247953097e-06
3.0720204262885531e-01 -1.1060175768759069e-01 1.3442914623304866e+01 2.5618267732340557e-06
3.0720204262885531e-01 -1.0054705244326431e-01 1.3587417550868436e+01 2.4822530080912895e-06
3.0720204262885531e-01 -9.0492347198937867e-02 1.3748971535951840e+01 2.4101783987128324e-06
3.0720204262885531e-01 -8.0437641954611422e-02 1.3930955730956180e+01 2.3456365792462010e-06
3.0720204262885531e-01 -7.0382936710284977e-02 1.4137448652302679e+01 2.2886521567967737e-06
3.0720204262885531e-01 -6.0328231465958525e-02 1.4372339986342814e+01 2.2392427772219986e-06
3.0720204262885531e-01 -5.0273526221632080e-02 1.4632902452343272e+01 2.1974208091032367e-06
3.0720204262885531e-01 -4.0218820977305711e-02 1.4864364895795346e+01 2.1631947008292424e-06
3.0720204262885531e-01 -3.0164115732979262e-02 1.4949366553266177e+01 2.1365700409242516e-06
3.0720204262885531e-01 -2.0109410488652817e-02 1.5192603064775655e+01 2.1175503949083083e-06
3.0720204262885531e-01 -1.0054705244326374e-02 1.5415959743252584e+01 2.1061378612904053e-06
3.0720204262885531e-01 7.1065644079062674e-17 1.5491762917546630e+01 2.1023335604614402e-06
3.0720204262885531e-01 1.0054705244326445e-02 1.5415959743252579e+01 2.1061378369520088e-06
3.0720204262885531e-01 2.0109410488652890e-02 1.5192603064775630e+01 2.1175503740836619e-06
3.0720204262885531e-01 3.0164115732979335e-02 1.4949366553266177e+01 2.1365700118338588e-06
3.0720204262885531e-01 4.0218820977305780e-02 1.4864364895795337e+01 2.1631947014160004e-06
3.0720204262885531e-01 5.0273526221632225e-02 1.4632902452343270e+01 2.1974208110757897e-06
3.0720204262885531e-01 6.0328231465958670e-02 1.4372339986342798e+01 2.2392427774105181e-06
3.0720204262885531e-01 7.0382936710285046e-02 1.4137448652302670e+01 2.2886521566149687e-06
3.0720204262885531e-01 8.0437641954611491e-02 1.3930955730956169e+01 2.3456365792393337e-06
3.0720204262885531e-01 9.0492347198937936e-02 1.3748971535951835e+01 2.4101783987306896e-06
3.0720204262885531e-01 1.0054705244326438e-01 1.3587417550868418e+01 2.4822530080394308e-06
3.0720204262885531e-01 1.1060175768759083e-01 1.3442914623304866e+01 2.5618267732052973e-06
3.0720204262885531e-01 1.2065646293191720e-01 1.3312778683069293e+01 2.6488545247836820e-06
3.0720204262885531e-01 1.3071116817624365e-01 1.3194883520582001e+01 2.7432765430755716e-06
3.0720204262885531e-01 1.4076587342057009e-01 1.3087530793101182e+01 2.8450149639329442e-06
3.0720204262885531e-01 1.5082057866489645e-01 1.2989348477383773e+01 2.9539695286513404e-06
3.0720204262885531e-01 1.6087528390922298e-01 1.2899215161118841e+01 3.0700125956102371e-06
3.0720204262885531e-01 1.7092998915354934e-01 1.2816204060043745e+01 3.1929833288755092e-06
3.0720204262885531e-01 1.8098469439787587e-01 1.2739541408367320e+01 3.3226809772266227e-06
3.0720204262885531e-01 1.9103939964220223e-01 1.2668575217184491e+01 3.4588571599146420e-06
3.0720204262885531e-01 2.0109410488652862e-01 1.2602751537564760e+01 3.6012070811134881e-06
3.0720204262885531e-01 2.1114881013085512e-01 1.2541596204688025e+01 3.7493596082874568e-06
3.0720204262885531e-01 2.2120351537518151e-01 1.2484700630008845e+01 3.9028661705707319e-06
3.0720204262885531e-01 2.3125822061950801e-01 1.2431710618748513e+01 4.0611884657270738e-06
3.0720204262885531e-01 2.4131292586383440e-01 1.2382317475300917e+01 4.2236850128282307e-06
3.0720204262885531e-01 2.5136763110816079e-01 1.2336250858821256e+01 4.3895966559968321e-06
3.0720204262885531e-01 2.6142233635248729e-01 1.2293272992356702e+01 4.5580312210969979e-06
3.0720204262885531e-01 2.7147704159681368e-01 1.2253173929621290e+01 4.7279476588951452e-06
3.0720204262885531e-01 2.8153174684114018e-01 1.2215767656244870e+01 4.8981401866560063e-06
3.0720204262885531e-01 2.9158645208546657e-01 1.2180888855396111e+01 5.0672231795210242e-06
3.0720204262885531e-01 3.0164115732979291e-01 1.2148390206814256e+01 5.2336178793391261e-06
3.0720204262885531e-01 3.1169586257411946e-01 1.2118140117430137e+01 5.3955424041775232e-06
3.0720204262885531e-01 3.2175056781844580e-01 1.2090020803665517e+01 5.5510070808483409e-06
3.0720204262885531e-01 3.3180527306277235e-01 1.2063926662107711e+01 5.6978178138938680e-06
3.0720204262885531e-01 3.4185997830709869e-01 1.2039762877941575e+01 5.8335910757625518e-06
3.0720204262885531e-01 3.5191468355142524e-01 1.2017444230273460e+01 5.9557851767990318e-06
3.0720204262885531e-01 3.6196938879575158e-01 1.1996894061023271e+01 6.0617537514368392e-06
3.0720204262885531e-01 3.7202409404007797e-01 1.1978043379930600e+01 6.1488288322491987e-06
3.0720204262885531e-01 3.8207879928440447e-01 1.1960830082839243e+01 6.2144423301894476e-06
3.0720204262885531e-01 3.9213350452873086e-01 1.1945198264151928e+01 6.2562958626636166e-06
3.0720204262885531e-01 4.0218820977305736e-01 1.1931097607549290e+01 6.2725889919844118e-06
3.0720204262885531e-01 4.1224291501738375e-01 1.1918482842206151e+01 6.2623137946758425e-06
3.0720204262885531e-01 4.2229762026171014e-01 1.1907313255503512e+01 6.2256170886689827e-06
3.0720204262885531e-01 4.3235232550603664e-01 1.1897552258764154e+01 6.1642171016242975e-06
3.0720204262885531e-01 4.4240703075036303e-01 1.1889167011643677e+01 6.0818336525496046e-06
3.0720204262885531e-01 4.5246173599468953e-01 1.1882128118036078e+01 5.9844851086248603e-06
3.0720204262885531e-01 4.6251644123901592e-01 1.1876408747512894e+01 5.8754817027048862e-06
3.0720204262885531e-01 4.7257114648334225e-01 1.1871964982728638e+01 5.6135887020495013e-06
3.0720204262885531e-01 4.8262585172766881e-01 1.1868677308805344e+01 4.5738387332983182e-06
3.0720204262885531e-01 4.9268055697199514e-01 1.1866697450835993e+01 5.9373284047609058e-06
3.0720204262885531e-01 5.0273526221632159e-01 1.1866065349768432e+01 7.5079483506678050e-06
3.2527275101878811e-01 -5.0273526221632159e-01 1.1861531245205867e+01 7.7522253575255124e-06
3.2527275101878811e-01 -4.9268055697199509e-01 1.1862176874115816e+01 6.2460818639452805e-06
3.2527275101878811e-01 -4.8262585172766864e-01 1.1864197612516458e+01 4.9634533188190515e-06
3.2527275101878811e-01 -4.7257114648334225e-01 1.1867539212392657e+01 5.9983931541321053e-06
3.2527275101878811e-01 -4.6251644123901581e-01 1.1872039107971121e+01 6.2465040578389243e-06
3.2527275101878811e-01 -4.5246173599468936e-01 1.1877827133824784e+01 6.3405978202769095e-06
3.2527275101878811e-01 -4.4240703075036292e-01 1.1884949166840553e+01 6.4237744747581620e-06
3.2527275101878811e-01 -4.3235232550603647e-01 1.1893431942563998e+01 6.4935462328965536e-06
3.2527275101878811e-01 -4.2229762026171014e-01 1.1903304743335310e+01 6.5442866226555401e-06
3.2527275101878811e-01 -4.1224291501738369e-01 1.1914600338056950e+01 6.5723637108290587e-06
3.2527275101878811e-01 -4.0218820977305725e-01 1.1927355271141847e+01 6.5759541343109247e-06
3.2527275101878811e-01 -3.9213350452873080e-01 1.1941610222350661e+01 6.5547022194670300e-06
3.2527275101878811e-01 -3.8207879928440436e-01 1.1957410426516308e+01 6.5093659299192123e-06
3.2527275101878811e-01 -3.7202409404007797e-01 1.1974806147333410e+01 6.4414938468914784e-06
3.2527275101878811e-01 -3.6196938879575147e-01 1.1993853207961632e+01 6.3531522821902638e-06
3.2527275101878811e-01 -3.5191468355142508e-01 1.2014613586516075e+01 6.2467068982158969e-06
3.2527275101878811e-01 -3.4185997830709863e-01 1.2037156088196989e+01 6.1246554370016060e-06
3.2527275101878811e-01 -3.3180527306277219e-01 1.2061557108873892e+01 5.9895047081878377e-06
3.2527275101878811e-01 -3.2175056781844580e-01 1.2087901508014554e+01 5.8436840034100827e-06
3.2527275101878811e-01 -3.1169586257411935e-01 1.2116283612362651e+01 5.6894874084408734e-06
3.2527275101878811e-01 -3.0164115732979291e-01 1.2146808376049254e+01 5.5290383697957558e-06
3.2527275101878811e-01 -2.9158645208546646e-01 1.2179592728194324e+01 5.3642709460403720e-06
3.2527275101878811e-01 -2.8153174684114002e-01 1.2214767145875012e+01 5.1969232314147432e-06
3.2527275101878811e-01 -2.7147704159681363e-01 1.2252477499061502e+01 5.0285393881104967e-06
3.2527275101878811e-01 -2.6142233635248718e-01 1.2292887225338028e+01 4.8604775298438993e-06
3.2527275101878811e-01 -2.5136763110816074e-01 1.2336179906733435e+01 4.6939213622959637e-06
3.2527275101878811e-01 -2.4131292586383432e-01 1.2382562339858975e+01 4.5298940182394237e-06
3.2527275101878811e-01 -2.3125822061950788e-01 1.2432268215275080e+01 4.3692729443525647e-06
3.2527275101878811e-01 -2.2120351537518143e-01 1.2485562554628487e+01 4.2128050230258733e-06
3.2527275101878811e-01 -2.1114881013085501e-01 1.2542747097455814e+01 4.0611213622718994e-06
3.2527275101878811e-01 -2.0109410488652857e-01 1.2604166887599181e+01 3.9147513761902843e-06
3.2527275101878811e-01 -1.9103939964220218e-01 1.2670218387436231e+01 3.7741359200397575e-06
3.2527275101878811e-01 -1.8098469439787573e-01 1.2741359554236350e+01 3.6396393478428583e-06
3.2527275101878811e-01 -1.7092998915354929e-01 1.2818122457342021e+01 3.5115604360715154e-06
3.2527275101878811e-01 -1.6087528390922284e-01 1.2901129211228758e+01 3.3901421701357119e-06
3.2527275101878811e-01 -1.5082057866489645e-01 1.2991112264207478e+01 3.2755804268048295e-06
3.2527275101878811e-01 -1.4076587342057001e-01 1.3088940430419655e+01 3.1680316099796264e-06
3.2527275101878811e-01 -1.3071116817624356e-01 1.3195652481142936e+01 3.0676193119622874e-06
3.2527275101878811e-01 -1.2065646293191713e-01 1.3312500548352551e+01 2.9744400801775766e-06
3.2527275101878811e-01 -1.1060175768759069e-01 1.3441005734854356e+01 2.8885683727725049e-06
3.2527275101878811e-01 -1.0054705244326431e-01 1.3583027109817468e+01 2.8100607858150438e-06
3.2527275101878811e-01 -9.0492347198937867e-02 1.3740839090866142e+01 2.7389596320483821e-06
3.2527275101878811e-01 -8.0437641954611422e-02 1.3917188302136527e+01 2.6752959479833115e-06
3.2527275101878811e-01 -7.0382936710284977e-02 1.4115209808018840e+01 2.6190919980295073e-06
3.2527275101878811e-01 -6.0328231465958525e-02 1.4337703439666711e+01 2.5703633416034135e-06
3.2527275101878811e-01 -5.0273526221632080e-02 1.4583418774668457e+01 2.5291205207941175e-06
3.2527275101878811e-01 -4.0218820977305711e-02 1.4827228970391820e+01 2.4953704223626219e-06
3.2527275101878811e-01 -3.0164115732979262e-02 1.4953145540108144e+01 2.4691173183931323e-06
3.2527275101878811e-01 -2.0109410488652817e-02 1.5061745087149687e+01 2.4503638106534492e-06
3.2527275101878811e-01 -1.0054705244326374e-02 1.5259615262144894e+01 2.4391112653751540e-06
3.2527275101878811e-01 7.1065644079062674e-17 1.5346764261644521e+01 2.4353603256375210e-06
3.2527275101878811e-01 1.0054705244326445e-02 1.5259615262144926e+01 2.4391112764150778e-06
3.2527275101878811e-01 2.0109410488652890e-02 1.5061745087149696e+01 2.4503637983243036e-06
3.2527275101878811e-01 3.0164115732979335e-02 1.4953145540108158e+01 2.4691173330764065e-06
3.2527275101878811e-01 4.0218820977305780e-02 1.4827228970391822e+01 2.4953704214748365e-06
3.2527275101878811e-01 5.0273526221632225e-02 1.4583418774668448e+01 2.5291205212749899e-06
3.2527275101878811e-01 6.0328231465958670e-02 1.4337703439666717e+01 2.5703633414287239e-06
3.2527275101878811e-01 7.0382936710285046e-02 1.4115209808018836e+01 2.6190919979299246e-06
3.2527275101878811e-01 8.0437641954611491e-02 1.3917188302136523e+01 2.6752959477979570e-06
3.2527275101878811e-01 9.0492347198937936e-02 1.3740839090866157e+01 2.7389596319659116e-06
3.2527275101878811e-01 1.0054705244326438e-01 1.3583027109817476e+01 2.8100607857147246e-06
3.2527275101878811e-01 1.1060175768759083e-01 1.3441005734854354e+01 2.8885683727272559e-06
3.2527275101878811e-01 1.2065646293191720e-01 1.3312500548352546e+01 2.9744400801938130e-06
3.2527275101878811e-01 1.3071116817624365e-01 1.3195652481142941e+01 3.0676193119607598e-06
3.2527275101878811e-01 1.4076587342057009e-01 1.3088940430419655e+01 3.1680316099856281e-06
3.2527275101878811e-01 1.5082057866489645e-01 1.2991112264207477e+01 3.2755804267979668e-06
3.2527275101878811e-01 1.6087528390922298e-01 1.2901129211228762e+01 3.3901421701280242e-06
3.2527275101878811e-01 1.7092998915354934e-01 1.2818122457342016e+01 3.5115604360701420e-06
3.2527275101878811e-01 1.8098469439787587e-01 1.2741359554236364e+01 3.6396393478335253e-06
3.2527275101878811e-01 1.9103939964220223e-01 1.2670218387436227e+01 3.7741359200382129e-06
3.2527275101878811e-01 2.0109410488652862e-01 1.2604166887599186e+01 3.9147513761908408e-06
3.2527275101878811e-01 2.1114881013085512e-01 1.2542747097455822e+01 4.0611213622667012e-06
3.2527275101878811e-01 2.2120351537518151e-01 1.2485562554628489e+01 4.2128050230236168e-06
3.2527275101878811e-01 2.3125822061950801e-01 1.2432268215275087e+01 4.3692729443508444e-06
3.2527275101878811e-01 2.4131292586383440e-01 1.2382562339858973e+01 4.5298940182370936e-06
3.2527275101878811e-01 2.5136763110816079e-01 1.2336179906733435e+01 4.6939213622933896e-06
3.2527275101878811e-01 2.6142233635248729e-01 1.2292887225338024e+01 4.8604775298399352e-06
3.2527275101878811e-01 2.7147704159681368e-01 1.2252477499061500e+01 5.0285393881120044e-06
3.2527275101878811e-01 2.8153174684114018e-01 1.2214767145875014e+01 5.1969232314115592e-06
3.2527275101878811e-01 2.9158645208546657e-01 1.2179592728194310e+01 5.3642709460333688e-06
3.2527275101878811e-01 3.0164115732979291e-01 1.2146808376049245e+01 5.5290383697936441e-06
3.2527275101878811e-01 3.1169586257411946e-01 1.2116283612362654e+01 5.6894874084378004e-06
3.2527275101878811e-01 3.2175056781844580e-01 1.2087901508014568e+01 5.8436840034128093e-06
3.2527275101878811e-01 3.3180527306277235e-01 1.2061557108873888e+01 5.9895047081866206e-06
3.2527275101878811e-01 3.4185997830709869e-01 1.2037156088196992e+01 6.1246554370011444e-06
3.2527275101878811e-01 3.5191468355142524e-01 1.2014613586516081e+01 6.2467068982151050e-06
3.2527275101878811e-01 3.6196938879575158e-01 1.1993853207961630e+01 6.3531522821864344e-06
3.2527275101878811e-01 3.7202409404007797e-01 1.1974806147333400e+01 6.4414938468903866e-06
3.2527275101878811e-01 3.8207879928440447e-01 1.1957410426516311e+01 6.5093659299162799e-06
3.2527275101878811e-01 3.9213350452873086e-01 1.1941610222350652e+01 6.5547022194674544e-06
3.2527275101878811e-01 4.0218820977305736e-01 1.1927355271141851e+01 6.5759541343138893e-06
3.2527275101878811e-01 4.1224291501738375e-01 1.1914600338056973e+01 6.5723637108271910e-06
3.2527275101878811e-01 4.2229762026171014e-01 1.1903304743335305e+01 6.5442866226552047e-06
3.2527275101878811e-01 4.3235232550603664e-01 1.1893431942564007e+01 6.4935462329010963e-06
3.2527275101878811e-01 4.4240703075036303e-01 1.1884949166840544e+01 6.4237744747580383e-06
3.2527275101878811e-01 4.5246173599468953e-01 1.1877827133824782e+01 6.3405978202770772e-06
3.2527275101878811e-01 4.6251644123901592e-01 1.1872039107971124e+01 6.2465040578395139e-06
3.2527275101878811e-01 4.7257114648334225e-01 1.1867539212392657e+01 5.9983931541324450e-06
3.2527275101878811e-01 4.8262585172766881e-01 1.1864197612516453e+01 4.9634533188170381e-06
3.2527275101878811e-01 4.9268055697199514e-01 1.1862176874115828e+01 6.2460818639471931e-06
3.2527275101878811e-01 5.0273526221632159e-01 1.1861531245205867e+01 7.7522253575244587e-06
3.4334345940872069e-01 -5.0273526221632159e-01 1.1850982094191080e+01 8.1240281130199623e-06
3.4334345940872069e-01 -4.9268055697199509e-01 1.1851629698924588e+01 6.7224398623569636e-06
3.4334345940872069e-01 -4.8262585172766864e-01 1.1853663892659752e+01 5.5760610777685528e-06
3.4334345940872069e-01 -4.7257114648334225e-01 1.1857023226905756e+01 6.6081869264420977e-06
3.4334345940872069e-01 -4.6251644123901581e-01 1.1861528781403802e+01 6.8356890988541206e-06
3.4334345940872069e-01 -4.5246173599468936e-01 1.1867319961081854e+01 6.9056760177554767e-06
3.4334345940872069e-01 -4.4240703075036292e-01 1.1874444089229566e+01 6.9643990622049667e-06
3.4334345940872069e-01 -4.3235232550603647e-01 1.1882927219178113e+01 7.0106638750406423e-06
3.4334345940872069e-01 -4.2229762026171014e-01 1.1892797826089472e+01 7.0396285042827518e-06
3.4334345940872069e-01 -4.1224291501738369e-01 1.1904087800174011e+01 7.0480674452913733e-06
3.4334345940872069e-01 -4.0218820977305725e-01 1.1916832710310588e+01 7.0342907286092521e-06
3.4334345940872069e-01 -3.9213350452873080e-01 1.1931072134660591e+01 6.9978979980163156e-06
3.4334345940872069e-01 -3.8207879928440436e-01 1.1946850049221771e+01 6.9394988299644462e-06
3.4334345940872069e-01 -3.7202409404007797e-01 1.1964215268197256e+01 6.8604424922203056e-06
3.4334345940872069e-01 -3.6196938879575147e-01 1.1983221937848819e+01 6.7625795820875681e-06
3.4334345940872069e-01 -3.5191468355142508e-01 1.2003930090373196e+01 6.6480644262655019e-06
3.4334345940872069e-01 -3.4185997830709863e-01 1.2026406267680983e+01 6.5191990296933837e-06
3.4334345940872069e-01 -3.3180527306277219e-01 1.2050724227664968e+01 6.3783150605270531e-06
3.4334345940872069e-01 -3.2175056781844580e-01 1.2076965748163637e+01 6.2276884717880666e-06
3.4334345940872069e-01 -3.1169586257411935e-01 1.2105221546710373e+01 6.0694808943903208e-06
3.4334345940872069e-01 -3.0164115732979291e-01 1.2135592337567656e+01 5.9057022345515992e-06
3.4334345940872069e-01 -2.9158645208546646e-01 1.2168190051708791e+01 5.7381895644554244e-06
3.4334345940872069e-01 -2.8153174684114002e-01 1.2203139250559436e+01 5.5685981707970871e-06
3.4334345940872069e-01 -2.7147704159681363e-01 1.2240578770723241e+01 5.3984013932682741e-06
3.4334345940872069e-01 -2.6142233635248718e-01 1.2280663644913115e+01 5.2288965797839794e-06
3.4334345940872069e-01 -2.5136763110816074e-01 1.2323567354302606e+01 5.0612150840885446e-06
3.4334345940872069e-01 -2.4131292586383432e-01 1.2369484480004779e+01 4.8963347284394286e-06
3.4334345940872069e-01 -2.3125822061950788e-01 1.2418633836996843e+01 4.7350935580933188e-06
3.4334345940872069e-01 -2.2120351537518143e-01 1.2471262193279369e+01 4.5782040347339037e-06
3.4334345940872069e-01 -2.1114881013085501e-01 1.2527648701227264e+01 4.4262670669696385e-06
3.4334345940872069e-01 -2.0109410488652857e-01 1.2588110197806790e+01 4.2797854690251584e-06
3.4334345940872069e-01 -1.9103939964220218e-01 1.2653007566233251e+01 4.1391765847734866e-06
3.4334345940872069e-01 -1.8098469439787573e-01 1.2722753393605364e+01 4.0047839233909451e-06
3.4334345940872069e-01 -1.7092998915354929e-01 1.2797821204987635e+01 3.8768877326271450e-06
3.4334345940872069e-01 -1.6087528390922284e-01 1.2878756597628795e+01 3.7557144925164004e-06
3.4334345940872069e-01 -1.5082057866489645e-01 1.2966190622427845e+01 3.6414453523215983e-06
3.4334345940872069e-01 -1.4076587342057001e-01 1.3060855723206872e+01 3.5342235594489063e-06
3.4334345940872069e-01 -1.3071116817624356e-01 1.3163604355970975e+01 3.4341609463801032e-06
3.4334345940872069e-01 -1.2065646293191713e-01 1.3275429860898447e+01 3.3413435505828212e-06
3.4334345940872069e-01 -1.1060175768759069e-01 1.3397487766433263e+01 3.2558364462874467e-06
3.4334345940872069e-01 -1.0054705244326431e-01 1.3531112324440302e+01 3.1776878684696617e-06
3.4334345940872069e-01 -9.0492347198937867e-02 1.3677814901920279e+01 3.1069327058462971e-06
3.4334345940872069e-01 -8.0437641954611422e-02 1.3839230674694138e+01 3.0435954365056845e-06
3.4334345940872069e-01 -7.0382936710284977e-02 1.4016928294556578e+01 2.9876925751370610e-06
3.4334345940872069e-01 -6.0328231465958525e-02 1.4211857459697434e+01 2.9392346929535882e-06
3.4334345940872069e-01 -5.0273526221632080e-02 1.4422812307248078e+01 2.8982280687610280e-06
3.4334345940872069e-01 -4.0218820977305711e-02 1.4642155813140471e+01 2.8646760187716528e-06
3.4334345940872069e-01 -3.0164115732979262e-02 1.4844768603726118e+01 2.8385799508772374e-06
3.4334345940872069e-01 -2.0109410488652817e-02 1.4976256900103241e+01 2.8199401698999922e-06
3.4334345940872069e-01 -1.0054705244326374e-02 1.5020549800048791e+01 2.8087564894837178e-06
3.4334345940872069e-01 7.1065644079062674e-17 1.5034044111185043e+01 2.8050286321335033e-06
3.4334345940872069e-01 1.0054705244326445e-02 1.5020549800048794e+01 2.8087564912420743e-06
3.4334345940872069e-01 2.0109410488652890e-02 1.4976256900103230e+01 2.8199401664008157e-06
3.4334345940872069e-01 3.0164115732979335e-02 1.4844768603726111e+01 2.8385799502834614e-06
3.4334345940872069e-01 4.0218820977305780e-02 1.4642155813140439e+01 2.8646760192263977e-06
3.4334345940872069e-01 5.0273526221632225e-02 1.4422812307248075e+01 2.8982280687087995e-06
3.4334345940872069e-01 6.0328231465958670e-02 1.4211857459697431e+01 2.9392346927926672e-06
3.4334345940872069e-01 7.0382936710285046e-02 1.4016928294556564e+01 2.9876925747991033e-06
3.4334345940872069e-01 8.0437641954611491e-02 1.3839230674694138e+01 3.0435954363492536e-06
3.4334345940872069e-01 9.0492347198937936e-02 1.3677814901920271e+01 3.1069327057597718e-06
3.4334345940872069e-01 1.0054705244326438e-01 1.3531112324440302e+01 3.1776878684354953e-06
3.4334345940872069e-01 1.1060175768759083e-01 1.3397487766433271e+01 3.2558364462485949e-06
3.4334345940872069e-01 1.2065646293191720e-01 1.3275429860898456e+01 3.3413435505627834e-06
3.4334345940872069e-01 1.3071116817624365e-01 1.3163604355970959e+01 3.4341609463810442e-06
3.4334345940872069e-01 1.4076587342057009e-01 1.3060855723206862e+01 3.5342235594352712e-06
3.4334345940872069e-01 1.5082057866489645e-01 1.2966190622427856e+01 3.6414453523203391e-06
3.4334345940872069e-01 1.6087528390922298e-01 1.2878756597628806e+01 3.7557144925183443e-06
3.4334345940872069e-01 1.7092998915354934e-01 1.2797821204987624e+01 3.8768877326147131e-06
3.4334345940872069e-01 1.8098469439787587e-01 1.2722753393605355e+01 4.0047839233793636e-06
3.4334345940872069e-01 1.9103939964220223e-01 1.2653007566233251e+01 4.1391765847616265e-06
3.4334345940872069e-01 2.0109410488652862e-01 1.2588110197806795e+01 4.2797854690231915e-06
3.4334345940872069e-01 2.1114881013085512e-01 1.2527648701227255e+01 4.4262670669769653e-06
3.4334345940872069e-01 2.2120351537518151e-01 1.2471262193279371e+01 4.5782040347262466e-06
3.4334345940872069e-01 2.3125822061950801e-01 1.2418633836996840e+01 4.7350935580942505e-06
3.4334345940872069e-01 2.4131292586383440e-01 1.2369484480004770e+01 4.8963347284384452e-06
3.4334345940872069e-01 2.5136763110816079e-01 1.2323567354302602e+01 5.0612150840851438e-06
3.4334345940872069e-01 2.6142233635248729e-01 1.2280663644913121e+01 5.2288965797893487e-06
3.4334345940872069e-01 2.7147704159681368e-01 1.2240578770723248e+01 5.3984013932677074e-06
3.4334345940872069e-01 2.8153174684114018e-01 1.2203139250559426e+01 5.5685981707969312e-06
3.4334345940872069e-01 2.9158645208546657e-01 1.2168190051708800e+01 5.7381895644523158e-06
3.4334345940872069e-01 3.0164115732979291e-01 1.2135592337567676e+01 5.9057022345553295e-06
3.4334345940872069e-01 3.1169586257411946e-01 1.2105221546710366e+01 6.0694808943897415e-06
3.4334345940872069e-01 3.2175056781844580e-01 1.2076965748163644e+01 6.2276884717879472e-06
3.4334345940872069e-01 3.3180527306277235e-01 1.2050724227664974e+01 6.3783150605274495e-06
3.4334345940872069e-01 3.4185997830709869e-01 1.2026406267680994e+01 6.5191990296901107e-06
3.4334345940872069e-01 3.5191468355142524e-01 1.2003930090373190e+01 6.6480644262637587e-06
3.4334345940872069e-01 3.6196938879575158e-01 1.1983221937848823e+01 6.7625795820885244e-06
3.4334345940872069e-01 3.7202409404007797e-01 1.1964215268197250e+01 6.8604424922232008e-06
3.4334345940872069e-01 3.8207879928440447e-01 1.1946850049221780e+01 6.9394988299640667e-06
3.4334345940872069e-01 3.9213350452873086e-01 1.1931072134660587e+01 6.9978979980195293e-06
3.4334345940872069e-01 4.0218820977305736e-01 1.1916832710310576e+01 7.0342907286080078e-06
3.4334345940872069e-01 4.1224291501738375e-01 1.1904087800174011e+01 7.0480674452897097e-06
3.4334345940872069e-01 4.2229762026171014e-01 1.1892797826089467e+01 7.0396285042826832e-06
3.4334345940872069e-01 4.3235232550603664e-01 1.1882927219178113e+01 7.0106638750426193e-06
3.4334345940872069e-01 4.4240703075036303e-01 1.1874444089229572e+01 6.9643990622028305e-06
3.4334345940872069e-01 4.5246173599468953e-01 1.1867319961081863e+01 6.9056760177547033e-06
3.4334345940872069e-01 4.6251644123901592e-01 1.1861528781403818e+01 6.8356890988541037e-06
3.4334345940872069e-01 4.7257114648334225e-01 1.1857023226905767e+01 6.6081869264403969e-06
3.4334345940872069e-01 4.8262585172766881e-01 1.1853663892659748e+01 5.5760610777696870e-06
3.4334345940872069e-01 4.9268055697199514e-01 1.1851629698924588e+01 6.7224398623529690e-06
3.4334345940872069e-01 5.0273526221632159e-01 1.1850982094191080e+01 8.1240281130191119e-06
3.6141416779865321e-01 -5.0273526221632159e-01 1.1834286353642304e+01 8.6400530818282094e-06
3.6141416779865321e-01 -4.9268055697199509e-01 1.1834925503084939e+01 7.3671455400175147e-06
3.6141416779865321e-01 -4.8262585172766864e-01 1.1836947179181015e+01 6.3909399256991223e-06
3.6141416779865321e-01 -4.7257114648334225e-01 1.1840288178787508e+01 7.4219034815644664e-06
3.6141416779865321e-01 -4.6251644123901581e-01 1.1844749269651631e+01 7.6241560560441817e-06
3.6141416779865321e-01 -4.5246173599468936e-01 1.1850478680590369e+01 7.6634572757990194e-06
3.6141416779865321e-01 -4.4240703075036292e-01 1.1857524706546837e+01 7.6900691930265145e-06
3.6141416779865321e-01 -4.3235232550603647e-01 1.1865912195484338e+01 7.7044046135136035e-06
3.6141416779865321e-01 -4.2229762026171014e-01 1.1875668192242378e+01 7.7027071735919461e-06
3.6141416779865321e-01 -4.1224291501738369e-01 1.1886822978671830e+01 7.6824341991268487e-06
3.6141416779865321e-01 -4.0218820977305725e-01 1.1899410304460760e+01 7.6422615482564557e-06
3.6141416779865321e-01 -3.9213350452873080e-01 1.1913467678254149e+01 7.5819252558236371e-06
3.6141416779865321e-01 -3.8207879928440436e-01 1.1929036711952612e+01 7.5020174036892951e-06
3.6141416779865321e-01 -3.7202409404007797e-01 1.1946163511718304e+01 7.4037746899619424e-06
3.6141416779865321e-01 -3.6196938879575147e-01 1.1964899116092779e+01 7.2888826219718697e-06
3.6141416779865321e-01 -3.5191468355142508e-01 1.1985299985877594e+01 7.1593068968624674e-06
3.6141416779865321e-01 -3.4185997830709863e-01 1.2007428553248662e+01 7.0171559597071255e-06
3.6141416779865321e-01 -3.3180527306277219e-01 1.2031353839732924e+01 6.8645741556093943e-06
3.6141416779865321e-01 -3.2175056781844580e-01 1.2057152154624122e+01 6.7036624443297182e-06
3.6141416779865321e-01 -3.1169586257411935e-01 1.2084907887417581e+01 6.5364225874675729e-06
3.6141416779865321e-01 -3.0164115732979291e-01 1.2114714410076200e+01 6.3647205017611472e-06
3.6141416779865321e-01 -2.9158645208546646e-01 1.2146675107514094e+01 6.1902647236939994e-06
3.6141416779865321e-01 -2.8153174684114002e-01 1.2180904557686922e+01 6.0145964085262604e-06
3.6141416779865321e-01 -2.7147704159681363e-01 1.2217529886169189e+01 5.8390878447694855e-06
3.6141416779865321e-01 -2.6142233635248718e-01 1.2256692324107519e+01 5.6649470186144011e-06
3.6141416779865321e-01 -2.5136763110816074e-01 1.2298549002943362e+01 5.4932262690400533e-06
3.6141416779865321e-01 -2.4131292586383432e-01 1.2343275024183070e+01 5.3248335138543184e-06
3.6141416779865321e-01 -2.3125822061950788e-01 1.2391065847471985e+01 5.1605448958354463e-06
3.6141416779865321e-01 -2.2120351537518143e-01 1.2442140044711037e+01 5.0010179989134618e-06
3.6141416779865321e-01 -2.1114881013085501e-01 1.2496742470805362e+01 4.8468050251774236e-06
3.6141416779865321e-01 -2.0109410488652857e-01 1.2555147900766553e+01 4.6983655115399019e-06
3.6141416779865321e-01 -1.9103939964220218e-01 1.2617665174517068e+01 4.5560783099934454e-06
3.6141416779865321e-01 -1.8098469439787573e-01 1.2684641868090802e+01 4.4202526648612522e-06
3.6141416779865321e-01 -1.7092998915354929e-01 1.2756469460847917e+01 4.2911383012128105e-06
3.6141416779865321e-01 -1.6087528390922284e-01 1.2833588871042416e+01 4.1689344974527358e-06
3.6141416779865321e-01 -1.5082057866489645e-01 1.2916496047227570e+01 4.0537981561881782e-06
3.6141416779865321e-01 -1.4076587342057001e-01 1.3005746958733006e+01 3.9458509149910356e-06
3.6141416779865321e-01 -1.3071116817624356e-01 1.3101960692296805e+01 3.8451853571160717e-06
3.6141416779865321e-01 -1.2065646293191713e-01 1.3205818186566223e+01 3.7518703920607299e-06
3.6141416779865321e-01 -1.1060175768759069e-01 1.3318051955017800e+01 3.6659558806577175e-06
3.6141416779865321e-01 -1.0054705244326431e-01 1.3439418075101925e+01 3.5874765812088957e-06
3.6141416779865321e-01 -9.0492347198937867e-02 1.3570634081824435e+01 3.5164554901421942e-06
3.6141416779865321e-01 -8.0437641954611422e-02 1.3712252114981455e+01 3.4529066485077192e-06
3.6141416779865321e-01 -7.0382936710284977e-02 1.3864410533186872e+01 3.3968374798484241e-06
3.6141416779865321e-01 -6.0328231465958525e-02 1.4026362709842168e+01 3.3482507191976147e-06
3.6141416779865321e-01 -5.0273526221632080e-02 1.4195621273130326e+01 3.3071459882311227e-06
3.6141416779865321e-01 -4.0218820977305711e-02 1.4366540020037370e+01 3.2735210639810568e-06
3.6141416779865321e-01 -3.0164115732979262e-02 1.4528455264335840e+01 3.2473728823918668e-06
3.6141416779865321e-01 -2.0109410488652817e-02 1.4664750298760890e+01 3.2286983120578938e-06
3.6141416779865321e-01 -1.0054705244326374e-02 1.4756059122763315e+01 3.2174947297277334e-06
3.6141416779865321e-01 7.1065644079062674e-17 1.4788055967551907e+01 3.2137604021817857e-06
3.6141416779865321e-01 1.0054705244326445e-02 1.4756059122763292e+01 3.2174947279995511e-06
3.6141416779865321e-01 2.0109410488652890e-02 1.4664750298760875e+01 3.2286983125379205e-06
3.6141416779865321e-01 3.0164115732979335e-02 1.4528455264335825e+01 3.2473728825954181e-06
3.6141416779865321e-01 4.0218820977305780e-02 1.4366540020037379e+01 3.2735210637590003e-06
3.6141416779865321e-01 5.0273526221632225e-02 1.4195621273130323e+01 3.3071459881316785e-06
3.6141416779865321e-01 6.0328231465958670e-02 1.4026362709842159e+01 3.3482507192023204e-06
3.6141416779865321e-01 7.0382936710285046e-02 1.3864410533186877e+01 3.3968374798203323e-06
3.6141416779865321e-01 8.0437641954611491e-02 1.3712252114981455e+01 3.4529066485249563e-06
3.6141416779865321e-01 9.0492347198937936e-02 1.3570634081824426e+01 3.5164554901106888e-06
3.6141416779865321e-01 1.0054705244326438e-01 1.3439418075101919e+01 3.5874765811676181e-06
3.6141416779865321e-01 1.1060175768759083e-01 1.3318051955017800e+01 3.6659558806570483e-06
3.6141416779865321e-01 1.2065646293191720e-01 1.3205818186566223e+01 3.7518703920531134e-06
3.6141416779865321e-01 1.3071116817624365e-01 1.3101960692296801e+01 3.8451853571305618e-06
3.6141416779865321e-01 1.4076587342057009e-01 1.3005746958732985e+01 3.9458509149689966e-06
3.6141416779865321e-01 1.5082057866489645e-01 1.2916496047227572e+01 4.0537981561917502e-06
3.6141416779865321e-01 1.6087528390922298e-01 1.2833588871042409e+01 4.1689344974604006e-06
3.6141416779865321e-01 1.7092998915354934e-01 1.2756469460847917e+01 4.2911383012106226e-06
3.6141416779865321e-01 1.8098469439787587e-01 1.2684641868090800e+01 4.4202526648493226e-06
3.6141416779865321e-01 1.9103939964220223e-01 1.2617665174517070e+01 4.5560783099961110e-06
3.6141416779865321e-01 2.0109410488652862e-01 1.2555147900766551e+01 4.6983655115339794e-06
3.6141416779865321e-01 2.1114881013085512e-01 1.2496742470805367e+01 4.8468050251764834e-06
3.6141416779865321e-01 2.2120351537518151e-01 1.2442140044711030e+01 5.0010179989169423e-06
3.6141416779865321e-01 2.3125822061950801e-01 1.2391065847471980e+01 5.1605448958337353e-06
3.6141416779865321e-01 2.4131292586383440e-01 1.2343275024183070e+01 5.3248335138590898e-06
3.6141416779865321e-01 2.5136763110816079e-01 1.2298549002943359e+01 5.4932262690384363e-06
3.6141416779865321e-01 2.6142233635248729e-01 1.2256692324107512e+01 5.6649470186152566e-06
3.6141416779865321e-01 2.7147704159681368e-01 1.2217529886169187e+01 5.8390878447699522e-06
3.6141416779865321e-01 2.8153174684114018e-01 1.2180904557686938e+01 6.0145964085284288e-06
3.6141416779865321e-01 2.9158645208546657e-01 1.2146675107514099e+01 6.1902647236931185e-06
3.6141416779865321e-01 3.0164115732979291e-01 1.2114714410076203e+01 6.3647205017617053e-06
3.6141416779865321e-01 3.1169586257411946e-01 1.2084907887417573e+01 6.5364225874679693e-06
3.6141416779865321e-01 3.2175056781844580e-01 1.2057152154624134e+01 6.7036624443319840e-06
3.6141416779865321e-01 3.3180527306277235e-01 1.2031353839732924e+01 6.8645741556094959e-06
3.6141416779865321e-01 3.4185997830709869e-01 1.2007428553248650e+01 7.0171559597083376e-06
3.6141416779865321e-01 3.5191468355142524e-01 1.1985299985877587e+01 7.1593068968607708e-06
3.6141416779865321e-01 3.6196938879575158e-01 1.1964899116092768e+01 7.2888826219746124e-06
3.6141416779865321e-01 3.7202409404007797e-01 1.1946163511718307e+01 7.4037746899610742e-06
3.6141416779865321e-01 3.8207879928440447e-01 1.1929036711952609e+01 7.5020174036930255e-06
3.6141416779865321e-01 3.9213350452873086e-01 1.1913467678254149e+01 7.5819252558219854e-06
3.6141416779865321e-01 4.0218820977305736e-01 1.1899410304460750e+01 7.6422615482538553e-06
3.6141416779865321e-01 4.1224291501738375e-01 1.1886822978671816e+01 7.6824341991248734e-06
3.6141416779865321e-01 4.2229762026171014e-01 1.1875668192242383e+01 7.7027071735939993e-06
3.6141416779865321e-01 4.3235232550603664e-01 1.1865912195484345e+01 7.7044046135134951e-06
3.6141416779865321e-01 4.4240703075036303e-01 1.1857524706546849e+01 7.6900691930267500e-06
3.6141416779865321e-01 4.5246173599468953e-01 1.1850478680590369e+01 7.6634572757983536e-06
3.6141416779865321e-01 4.6251644123901592e-01 1.1844749269651622e+01 7.6241560560460926e-06
3.6141416779865321e-01 4.7257114648334225e-01 1.1840288178787505e+01 7.4219034815660173e-06
3.6141416779865321e-01 4.8262585172766881e-01 1.1836947179181022e+01 6.3909399256969997e-06
3.6141416779865321e-01 4.9268055697199514e-01 1.1834925503084937e+01 7.3671455400151718e-06
3.6141416779865321e-01 5.0273526221632159e-01 1.1834286353642304e+01 8.6400530818275267e-06
3.7948487618858606e-01 -5.0273526221632159e-01 1.1811496409788866e+01 9.3107184605717067e-06
3.7948487618858606e-01 -4.9268055697199509e-01 1.1812118306794938e+01 8.1739144354094038e-06
3.7948487618858606e-01 -4.8262585172766864e-01 1.1814104205194665e+01 7.3789408661981926e-06
3.7948487618858606e-01 -4.7257114648334225e-01 1.1817392693094471e+01 8.4095926095647276e-06
3.7948487618858606e-01 -4.6251644123901581e-01 1.1821762114808704e+01 8.5840990910024588e-06
3.7948487618858606e-01 -4.5246173599468936e-01 1.1827368759841242e+01 8.5888768177812245e-06
3.7948487618858606e-01 -4.4240703075036292e-01 1.1834261476933140e+01 8.5785991026220566e-06
3.7948487618858606e-01 -4.3235232550603647e-01 1.1842463487856779e+01 8.5554337368799324e-06
3.7948487618858606e-01 -4.2229762026171014e-01 1.1851999902457766e+01 8.5168959093157502e-06
3.7948487618858606e-01 -4.1224291501738369e-01 1.1862898800238474e+01 8.4613290217761726e-06
3.7948487618858606e-01 -4.0218820977305725e-01 1.1875191424116736e+01 8.3879697614262514e-06
3.7948487618858606e-01 -3.9213350452873080e-01 1.1888912425832148e+01 8.2968612286422345e-06
3.7948487618858606e-01 -3.8207879928440436e-01 1.1904100157731406e+01 8.1887168638894591e-06
3.7948487618858606e-01 -3.7202409404007797e-01 1.1920797004131757e+01 8.0647665500598533e-06
3.7948487618858606e-01 -3.6196938879575147e-01 1.1939049751399393e+01 7.9266058816095233e-06
3.7948487618858606e-01 -3.5191468355142508e-01 1.1958909999433377e+01 7.7760609355591784e-06
3.7948487618858606e-01 -3.4185997830709863e-01 1.1980434619462475e+01 7.6150744413930869e-06
3.7948487618858606e-01 -3.3180527306277219e-01 1.2003686264592492e+01 7.4456149241685060e-06
3.7948487618858606e-01 -3.2175056781844580e-01 1.2028733940745536e+01 7.2696077663053971e-06
3.7948487618858606e-01 -3.1169586257411935e-01 1.2055653646697987e+01 7.0888857274400900e-06
3.7948487618858606e-01 -3.0164115732979291e-01 1.2084529092934721e+01 6.9051558736888054e-06
3.7948487618858606e-01 -2.9158645208546646e-01 1.2115452510007156e+01 6.7199797878407739e-06
3.7948487618858606e-01 -2.8153174684114002e-01 1.2148525557961555e+01 6.5347641415425423e-06
3.7948487618858606e-01 -2.7147704159681363e-01 1.2183860349071091e+01 6.3507590635933098e-06
3.7948487618858606e-01 -2.6142233635248718e-01 1.2221580596341603e+01 6.1690621419733786e-06
3.7948487618858606e-01 -2.5136763110816074e-01 1.2261822899698116e+01 5.9906262978145669e-06
3.7948487618858606e-01 -2.4131292586383432e-01 1.2304738179801557e+01 5.8162701363391128e-06
3.7948487618858606e-01 -2.3125822061950788e-01 1.2350493265132172e+01 5.6466896996674142e-06
3.7948487618858606e-01 -2.2120351537518143e-01 1.2399272629773238e+01 5.4824708160706481e-06
3.7948487618858606e-01 -2.1114881013085501e-01 1.2451280264783897e+01 5.3241014599317649e-06
3.7948487618858606e-01 -2.0109410488652857e-01 1.2506741641233013e+01 5.1719837131175465e-06
3.7948487618858606e-01 -1.9103939964220218e-01 1.2565905681567603e+01 5.0264450553745507e-06
3.7948487618858606e-01 -1.8098469439787573e-01 1.2629046587830304e+01 4.8877488167931979e-06
3.7948487618858606e-01 -1.7092998915354929e-01 1.2696465263816714e+01 4.7561037040250374e-06
3.7948487618858606e-01 -1.6087528390922284e-01 1.2768489886707867e+01 4.6316723691415359e-06
3.7948487618858606e-01 -1.5082057866489645e-01 1.2845474888083556e+01 4.5145790311397958e-06
3.7948487618858606e-01 -1.4076587342057001e-01 1.2927797122560992e+01 4.4049161875808904e-06
3.7948487618858606e-01 -1.3071116817624356e-01 1.3015847217027037e+01 4.3027504717525745e-06
3.7948487618858606e-01 -1.2065646293191713e-01 1.3110012814425854e+01 4.2081277217522403e-06
3.7948487618858606e-01 -1.1060175768759069e-01 1.3210648353806015e+01 4.1210773322772989e-06
3.7948487618858606e-01 -1.0054705244326431e-01 1.3318022717743798e+01 4.0416159620995455e-06
3.7948487618858606e-01 -9.0492347198937867e-02 1.3432230954734505e+01 3.9697506677837007e-06
3.7948487618858606e-01 -8.0437641954611422e-02 1.3553048888747135e+01 3.9054815315451362e-06
3.7948487618858606e-01 -7.0382936710284977e-02 1.3679700405538220e+01 3.8488038462644150e-06
3.7948487618858606e-01 -6.0328231465958525e-02 1.3810501282946845e+01 3.7997099152010584e-06
3.7948487618858606e-01 -5.0273526221632080e-02 1.3942356532205253e+01 3.7581905186786288e-06
3.7948487618858606e-01 -4.0218820977305711e-02 1.4070158678245848e+01 3.7242360930616744e-06
3.7948487618858606e-01 -3.0164115732979262e-02 1.4186320526313940e+01 3.6978376610871208e-06
3.7948487618858606e-01 -2.0109410488652817e-02 1.4280974154714965e+01 3.6789875498183248e-06
3.7948487618858606e-01 -1.0054705244326374e-02 1.4343497639158279e+01 3.6676799182409074e-06
3.7948487618858606e-01 7.1065644079062674e-17 1.4365425240066282e+01 3.6639111204669221e-06
3.7948487618858606e-01 1.0054705244326445e-02 1.4343497639158278e+01 3.6676799183756132e-06
3.7948487618858606e-01 2.0109410488652890e-02 1.4280974154714961e+01 3.6789875500009044e-06
3.7948487618858606e-01 3.0164115732979335e-02 1.4186320526313931e+01 3.6978376613466547e-06
3.7948487618858606e-01 4.0218820977305780e-02 1.4070158678245841e+01 3.7242360931116273e-06
3.7948487618858606e-01 5.0273526221632225e-02 1.3942356532205261e+01 3.7581905186937979e-06
3.7948487618858606e-01 6.0328231465958670e-02 1.3810501282946845e+01 3.7997099151277413e-06
3.7948487618858606e-01 7.0382936710285046e-02 1.3679700405538229e+01 3.8488038461940028e-06
3.7948487618858606e-01 8.0437641954611491e-02 1.3553048888747139e+01 3.9054815314924414e-06
3.7948487618858606e-01 9.0492347198937936e-02 1.3432230954734505e+01 3.9697506677493078e-06
3.7948487618858606e-01 1.0054705244326438e-01 1.3318022717743789e+01 4.0416159620770034e-06
3.7948487618858606e-01 1.1060175768759083e-01 1.3210648353806016e+01 4.1210773322429627e-06
3.7948487618858606e-01 1.2065646293191720e-01 1.3110012814425858e+01 4.2081277217346517e-06
3.7948487618858606e-01 1.3071116817624365e-01 1.3015847217027046e+01 4.3027504717528752e-06
3.7948487618858606e-01 1.4076587342057009e-01 1.2927797122560980e+01 4.4049161875718111e-06
3.7948487618858606e-01 1.5082057866489645e-01 1.2845474888083551e+01 4.5145790311351600e-06
3.7948487618858606e-01 1.6087528390922298e-01 1.2768489886707872e+01 4.6316723691263096e-06
3.7948487618858606e-01 1.7092998915354934e-01 1.2696465263816712e+01 4.7561037040130553e-06
3.7948487618858606e-01 1.8098469439787587e-01 1.2629046587830292e+01 4.8877488167941187e-06
3.7948487618858606e-01 1.9103939964220223e-01 1.2565905681567594e+01 5.0264450553655001e-06
3.7948487618858606e-01 2.0109410488652862e-01 1.2506741641232992e+01 5.1719837131127116e-06
3.7948487618858606e-01 2.1114881013085512e-01 1.2451280264783904e+01 5.3241014599299912e-06
3.7948487618858606e-01 2.2120351537518151e-01 1.2399272629773229e+01 5.4824708160697790e-06
3.7948487618858606e-01 2.3125822061950801e-01 1.2350493265132167e+01 5.6466896996705177e-06
3.7948487618858606e-01 2.4131292586383440e-01 1.2304738179801555e+01 5.8162701363371028e-06
3.7948487618858606e-01 2.5136763110816079e-01 1.2261822899698110e+01 5.9906262978136250e-06
3.7948487618858606e-01 2.6142233635248729e-01 1.2221580596341603e+01 6.1690621419702793e-06
3.7948487618858606e-01 2.7147704159681368e-01 1.2183860349071097e+01 6.3507590635918699e-06
3.7948487618858606e-01 2.8153174684114018e-01 1.2148525557961568e+01 6.5347641415431801e-06
3.7948487618858606e-01 2.9158645208546657e-01 1.2115452510007161e+01 6.7199797878346202e-06
3.7948487618858606e-01 3.0164115732979291e-01 1.2084529092934719e+01 6.9051558736899260e-06
3.7948487618858606e-01 3.1169586257411946e-01 1.2055653646697982e+01 7.0888857274387584e-06
3.7948487618858606e-01 3.2175056781844580e-01 1.2028733940745530e+01 7.2696077663041579e-06
3.7948487618858606e-01 3.3180527306277235e-01 1.2003686264592496e+01 7.4456149241665714e-06
3.7948487618858606e-01 3.4185997830709869e-01 1.1980434619462486e+01 7.6150744413913928e-06
3.7948487618858606e-01 3.5191468355142524e-01 1.1958909999433388e+01 7.7760609355617025e-06
3.7948487618858606e-01 3.6196938879575158e-01 1.1939049751399377e+01 7.9266058816079919e-06
3.7948487618858606e-01 3.7202409404007797e-01 1.1920797004131749e+01 8.0647665500606461e-06
3.7948487618858606e-01 3.8207879928440447e-01 1.1904100157731403e+01 8.1887168638886815e-06
3.7948487618858606e-01 3.9213350452873086e-01 1.1888912425832151e+01 8.2968612286428579e-06
3.7948487618858606e-01 4.0218820977305736e-01 1.1875191424116727e+01 8.3879697614236781e-06
3.7948487618858606e-01 4.1224291501738375e-01 1.1862898800238474e+01 8.4613290217756170e-06
3.7948487618858606e-01 4.2229762026171014e-01 1.1851999902457774e+01 8.5168959093177577e-06
3.7948487618858606e-01 4.3235232550603664e-01 1.1842463487856779e+01 8.5554337368799680e-06
3.7948487618858606e-01 4.4240703075036303e-01 1.1834261476933149e+01 8.5785991026207030e-06
3.7948487618858606e-01 4.5246173599468953e-01 1.1827368759841251e+01 8.5888768177788393e-06
3.7948487618858606e-01 4.6251644123901592e-01 1.1821762114808712e+01 8.5840990909992452e-06
3.7948487618858606e-01 4.7257114648334225e-01 1.1817392693094467e+01 8.4095926095659964e-06
3.7948487618858606e-01 4.8262585172766881e-01 1.1814104205194656e+01 7.3789408661974497e-06
3.7948487618858606e-01 4.9268055697199514e-01 1.1812118306794954e+01 8.1739144354097392e-06
3.7948487618858606e-01 5.0273526221632159e-01 1.1811496409788866e+01 9.3107184605715508e-06
3.9755558457851858e-01 -5.0273526221632159e-01 1.1782836795391756e+01 1.0133713779221251e-05
3.9755558457851858e-01 -4.9268055697199509e-01 1.1783434348364411e+01 9.1275288534409736e-06
3.9755558457851858e-01 -4.8262585172766864e-01 1.1785364476827409e+01 8.5067437663172689e-06
3.9755558457851858e-01 -4.7257114648334225e-01 1.1788569593875797e+01 9.5366702566529915e-06
3.9755558457851858e-01 -4.6251644123901581e-01 1.1792805152237033e+01 9.6827115488564228e-06
3.9755558457851858e-01 -4.5246173599468936e-01 1.1798234676519717e+01 9.6516047454097952e-06
3.9755558457851858e-01 -4.4240703075036292e-01 1.1804907213047004e+01 9.6023683011540286e-06
3.9755558457851858e-01 -4.3235232550603647e-01 1.1812844058896127e+01 9.5389259325869641e-06
3.9755558457851858e-01 -4.2229762026171014e-01 1.1822068029376348e+01 9.4601357828020545e-06
3.9755558457851858e-01 -4.1224291501738369e-01 1.1832604576264398e+01 9.3653439930349026e-06
3.9755558457851858e-01 -4.0218820977305725e-01 1.1844481943361856e+01 9.2544848214925886e-06
3.9755558457851858e-01 -3.9213350452873080e-01 1.1857731364108073e+01 9.1280457579319806e-06
3.9755558457851858e-01 -3.8207879928440436e-01 1.1872387297672153e+01 8.9869868160433123e-06
3.9755558457851858e-01 -3.7202409404007797e-01 1.1888487696461491e+01 8.8326374367415873e-06
3.9755558457851858e-01 -3.6196938879575147e-01 1.1906074303052335e+01 8.6665885135971924e-06
3.9755558457851858e-01 -3.5191468355142508e-01 1.1925192977434573e+01 8.4905910980041515e-06
3.9755558457851858e-01 -3.4185997830709863e-01 1.1945894057088294e+01 8.3064683324182241e-06
3.9755558457851858e-01 -3.3180527306277219e-01 1.1968232753336096e+01 8.1160434492779414e-06
3.9755558457851858e-01 -3.2175056781844580e-01 1.1992269587927009e+01 7.9210841827686433e-06
3.9755558457851858e-01 -3.1169586257411935e-01 1.2018070874030002e+01 7.7232624316602978e-06
3.9755558457851858e-01 -3.0164115732979291e-01 1.2045709245764435e+01 7.5241272206190571e-06
3.9755558457851858e-01 -2.9158645208546646e-01 1.2075264240005978e+01 7.3250887034070618e-06
3.9755558457851858e-01 -2.8153174684114002e-01 1.2106822933338426e+01 7.1274109549308319e-06
3.9755558457851858e-01 -2.7147704159681363e-01 1.2140480635427590e+01 6.9322114791539102e-06
3.9755558457851858e-01 -2.6142233635248718e-01 1.2176341637399956e+01 6.7404656270381970e-06
3.9755558457851858e-01 -2.5136763110816074e-01 1.2214520009438331e+01 6.5530144149467132e-06
3.9755558457851858e-01 -2.4131292586383432e-01 1.2255140434893645e+01 6.3705745243949291e-06
3.9755558457851858e-01 -2.3125822061950788e-01 1.2298339057451148e+01 6.1937495285776008e-06
3.9755558457851858e-01 -2.2120351537518143e-01 1.2344264301308124e+01 6.0230416214108083e-06
3.9755558457851858e-01 -2.1114881013085501e-01 1.2393077598942396e+01 5.8588633176504889e-06
3.9755558457851858e-01 -2.0109410488652857e-01 1.2444953922362108e+01 5.7015487497130367e-06
3.9755558457851858e-01 -1.9103939964220218e-01 1.2500081954889131e+01 5.5513643114160555e-06
3.9755558457851858e-01 -1.8098469439787573e-01 1.2558663651155740e+01 5.4085184954884371e-06
3.9755558457851858e-01 -1.7092998915354929e-01 1.2620912797369707e+01 5.2731708441496117e-06
3.9755558457851858e-01 -1.6087528390922284e-01 1.2687051978351620e+01 5.1454399861120039e-06
3.9755558457851858e-01 -1.5082057866489645e-01 1.2757307047118946e+01 5.0254107713182265e-06
3.9755558457851858e-01 -1.4076587342057001e-01 1.2831897725537692e+01 4.9131405406310054e-06
3.9755558457851858e-01 -1.3071116817624356e-01 1.2911022268999750e+01 4.8086645850335399e-06
3.9755558457851858e-01 -1.2065646293191713e-01 1.2994833111757526e+01 4.7120008583282171e-06
3.9755558457851858e-01 -1.1060175768759069e-01 1.3083398974282398e+01 4.6231540122869134e-06
3.9755558457851858e-01 -1.0054705244326431e-01 1.3176647013982477e+01 4.5421188243388265e-06
3.9755558457851858e-01 -9.0492347198937867e-02 1.3274276407005157e+01 4.4688830858421837e-06
3.9755558457851858e-01 -8.0437641954611422e-02 1.3375633047510657e+01 4.4034300164142589e-06
3.9755558457851858e-01 -7.0382936710284977e-02 1.3479536066662371e+01 4.3457402643528486e-06
3.9755558457851858e-01 -6.0328231465958525e-02 1.3584055617292108e+01 4.2957935485770466e-06
3.9755558457851858e-01 -5.0273526221632080e-02 1.3686266739995148e+01 4.2535699919512166e-06
3.9755558457851858e-01 -4.0218820977305711e-02 1.3782056176229252e+01 4.2190511889226310e-06
3.9755558457851858e-01 -3.0164115732979262e-02 1.3866134240133576e+01 4.1922210461485405e-06
3.9755558457851858e-01 -2.0109410488652817e-02 1.3932454549958166e+01 4.1730664267705263e-06
3.9755558457851858e-01 -1.0054705244326374e-02 1.3975165601969678e+01 4.1615776255406549e-06
3.9755558457851858e-01 7.1065644079062674e-17 1.3989937881566352e+01 4.1577486929590556e-06
3.9755558457851858e-01 1.0054705244326445e-02 1.3975165601969660e+01 4.1615776254502604e-06
3.9755558457851858e-01 2.0109410488652890e-02 1.3932454549958148e+01 4.1730664267751197e-06
3.9755558457851858e-01 3.0164115732979335e-02 1.3866134240133599e+01 4.1922210461015497e-06
3.9755558457851858e-01 4.0218820977305780e-02 1.3782056176229238e+01 4.2190511888911044e-06
3.9755558457851858e-01 5.0273526221632225e-02 1.3686266739995158e+01 4.2535699918740773e-06
3.9755558457851858e-01 6.0328231465958670e-02 1.3584055617292108e+01 4.2957935485244162e-06
3.9755558457851858e-01 7.0382936710285046e-02 1.3479536066662398e+01 4.3457402642767817e-06
3.9755558457851858e-01 8.0437641954611491e-02 1.3375633047510673e+01 4.4034300164052008e-06
3.9755558457851858e-01 9.0492347198937936e-02 1.3274276407005145e+01 4.4688830858213213e-06
3.9755558457851858e-01 1.0054705244326438e-01 1.3176647013982482e+01 4.5421188243146666e-06
3.9755558457851858e-01 1.1060175768759083e-01 1.3083398974282412e+01 4.6231540122741919e-06
3.9755558457851858e-01 1.2065646293191720e-01 1.2994833111757522e+01 4.7120008583138853e-06
3.9755558457851858e-01 1.3071116817624365e-01 1.2911022268999750e+01 4.8086645850359921e-06
3.9755558457851858e-01 1.4076587342057009e-01 1.2831897725537694e+01 4.9131405406270455e-06
3.9755558457851858e-01 1.5082057866489645e-01 1.2757307047118950e+01 5.0254107713230935e-06
3.9755558457851858e-01 1.6087528390922298e-01 1.2687051978351620e+01 5.1454399861057748e-06
3.9755558457851858e-01 1.7092998915354934e-01 1.2620912797369693e+01 5.2731708441374187e-06
3.9755558457851858e-01 1.8098469439787587e-01 1.2558663651155733e+01 5.4085184954867507e-06
3.9755558457851858e-01 1.9103939964220223e-01 1.2500081954889128e+01 5.5513643114152204e-06
3.9755558457851858e-01 2.0109410488652862e-01 1.2444953922362101e+01 5.7015487497117314e-06
3.9755558457851858e-01 2.1114881013085512e-01 1.2393077598942391e+01 5.8588633176453033e-06
3.9755558457851858e-01 2.2120351537518151e-01 1.2344264301308119e+01 6.0230416214073533e-06
3.9755558457851858e-01 2.3125822061950801e-01 1.2298339057451138e+01 6.1937495285737316e-06
3.9755558457851858e-01 2.4131292586383440e-01 1.2255140434893653e+01 6.3705745243892099e-06
3.9755558457851858e-01 2.5136763110816079e-01 1.2214520009438344e+01 6.5530144149466582e-06
3.9755558457851858e-01 2.6142233635248729e-01 1.2176341637399943e+01 6.7404656270385349e-06
3.9755558457851858e-01 2.7147704159681368e-01 1.2140480635427579e+01 6.9322114791550275e-06
3.9755558457851858e-01 2.8153174684114018e-01 1.2106822933338416e+01 7.1274109549264061e-06
3.9755558457851858e-01 2.9158645208546657e-01 1.2075264240005964e+01 7.3250887034057184e-06
3.9755558457851858e-01 3.0164115732979291e-01 1.2045709245764410e+01 7.5241272206151168e-06
3.9755558457851858e-01 3.1169586257411946e-01 1.2018070874030004e+01 7.7232624316550377e-06
3.9755558457851858e-01 3.2175056781844580e-01 1.1992269587926993e+01 7.9210841827722805e-06
3.9755558457851858e-01 3.3180527306277235e-01 1.1968232753336100e+01 8.1160434492772926e-06
3.9755558457851858e-01 3.4185997830709869e-01 1.1945894057088283e+01 8.3064683324145903e-06
3.9755558457851858e-01 3.5191468355142524e-01 1.1925192977434568e+01 8.4905910980046445e-06
3.9755558457851858e-01 3.6196938879575158e-01 1.1906074303052323e+01 8.6665885135963742e-06
3.9755558457851858e-01 3.7202409404007797e-01 1.1888487696461480e+01 8.8326374367406708e-06
3.9755558457851858e-01 3.8207879928440447e-01 1.1872387297672153e+01 8.9869868160428160e-06
3.9755558457851858e-01 3.9213350452873086e-01 1.1857731364108062e+01 9.1280457579299748e-06
3.9755558457851858e-01 4.0218820977305736e-01 1.1844481943361862e+01 9.2544848214910690e-06
3.9755558457851858e-01 4.1224291501738375e-01 1.1832604576264407e+01 9.3653439930353820e-06
3.9755558457851858e-01 4.2229762026171014e-01 1.1822068029376352e+01 9.4601357828029507e-06
3.9755558457851858e-01 4.3235232550603664e-01 1.1812844058896120e+01 9.5389259325880754e-06
3.9755558457851858e-01 4.4240703075036303e-01 1.1804907213047001e+01 9.6023683011533628e-06
3.9755558457851858e-01 4.5246173599468953e-01 1.1798234676519712e+01 9.6516047454104711e-06
3.9755558457851858e-01 4.6251644123901592e-01 1.1792805152237037e+01 9.6827115488534497e-06
3.9755558457851858e-01 4.7257114648334225e-01 1.1788569593875797e+01 9.5366702566521597e-06
3.9755558457851858e-01 4.8262585172766881e-01 1.1785364476827413e+01 8.5067437663200691e-06
3.9755558457851858e-01 4.9268055697199514e-01 1.1783434348364416e+01 9.1275288534431912e-06
3.9755558457851858e-01 5.0273526221632159e-01 1.1782836795391756e+01 1.0133713779220902e-05
4.1562629296845144e-01 -5.0273526221632159e-01 1.1748680086624880e+01 1.1094831812552730e-05
4.1562629296845144e-01 -4.9268055697199509e-01 1.1749247738734510e+01 1.0205952124057422e-05
4.1562629296845144e-01 -4.8262585172766864e-01 1.1751105464410557e+01 9.7407052514955052e-06
4.1562629296845144e-01 -4.7257114648334225e-01 1.1754200654097394e+01 1.0767804198987370e-05
4.1562629296845144e-01 -4.6251644123901581e-01 1.1758266622032727e+01 1.0885913488752392e-05
4.1562629296845144e-01 -4.5246173599468936e-01 1.1763473188516301e+01 1.0819545267512432e-05
4.1562629296845144e-01 -4.4240703075036292e-01 1.1769869296224622e+01 1.0731541792467098e-05
4.1562629296845144e-01 -4.3235232550603647e-01 1.1777474143397372e+01 1.0627471817064171e-05
4.1562629296845144e-01 -4.2229762026171014e-01 1.1786308040976698e+01 1.0507512121182000e-05
4.1562629296845144e-01 -4.1224291501738369e-01 1.1796393562822127e+01 1.0372045452171461e-05
4.1562629296845144e-01 -4.0218820977305725e-01 1.1807755664566713e+01 1.0221775108213479e-05
4.1562629296845144e-01 -3.9213350452873080e-01 1.1820421834902566e+01 1.0057723539770624e-05
4.1562629296845144e-01 -3.8207879928440436e-01 1.1834422277226775e+01 9.8811927717410823e-06
4.1562629296845144e-01 -3.7202409404007797e-01 1.1849790114411908e+01 9.6937025079239206e-06
4.1562629296845144e-01 -3.6196938879575147e-01 1.1866561613793772e+01 9.4969193290308775e-06
4.1562629296845144e-01 -3.5191468355142508e-01 1.1884776431773732e+01 9.2925867918967807e-06
4.1562629296845144e-01 -3.4185997830709863e-01 1.1904477878545844e+01 9.0824626612334997e-06
4.1562629296845144e-01 -3.3180527306277219e-01 1.1925713203871393e+01 8.8682665698270341e-06
4.1562629296845144e-01 -3.2175056781844580e-01 1.1948533904771550e+01 8.6516392569308888e-06
4.1562629296845144e-01 -3.1169586257411935e-01 1.1972996055568224e+01 8.4341131136103202e-06
4.1562629296845144e-01 -3.0164115732979291e-01 1.1999160659849471e+01 8.2170929222213238e-06
4.1562629296845144e-01 -2.9158645208546646e-01 1.2027094022558131e+01 8.0018452609858570e-06
4.1562629296845144e-01 -2.8153174684114002e-01 1.2056868138306351e+01 7.7894949176477505e-06
4.1562629296845144e-01 -2.7147704159681363e-01 1.2088561088902271e+01 7.5810267114778129e-06
4.1562629296845144e-01 -2.6142233635248718e-01 1.2122257438495090e+01 7.3772912814358176e-06
4.1562629296845144e-01 -2.5136763110816074e-01 1.2158048608052541e+01 7.1790136053407778e-06
4.1562629296845144e-01 -2.4131292586383432e-01 1.2196033201141944e+01 6.9868032346334267e-06
4.1562629296845144e-01 -2.3125822061950788e-01 1.2236317238830685e+01 6.8011654395742577e-06
4.1562629296845144e-01 -2.2120351537518143e-01 1.2279014240981919e+01 6.6225126489768999e-06
4.1562629296845144e-01 -2.1114881013085501e-01 1.2324245061436544e+01 6.4511757307764802e-06
4.1562629296845144e-01 -2.0109410488652857e-01 1.2372137341416275e+01 6.2874147945039611e-06
4.1562629296845144e-01 -1.9103939964220218e-01 1.2422824383016350e+01 6.1314293047402118e-06
4.1562629296845144e-01 -1.8098469439787573e-01 1.2476443154425152e+01 5.9833673793388323e-06
4.1562629296845144e-01 -1.7092998915354929e-01 1.2533131008659199e+01 5.8433342104214961e-06
4.1562629296845144e-01 -1.6087528390922284e-01 1.2593020511966298e+01 5.7113995934119737e-06
4.1562629296845144e-01 -1.5082057866489645e-01 1.2656231515603656e+01 5.5876045832543842e-06
4.1562629296845144e-01 -1.4076587342057001e-01 1.2722859240491056e+01 5.4719673199147211e-06
4.1562629296845144e-01 -1.3071116817624356e-01 1.2792956654328536e+01 5.3644880796135649e-06
4.1562629296845144e-01 -1.2065646293191713e-01 1.2866508796641090e+01 5.2651536168409194e-06
4.1562629296845144e-01 -1.1060175768759069e-01 1.2943395990569572e+01 5.1739408656247758e-06
4.1562629296845144e-01 -1.0054705244326431e-01 1.3023342237610063e+01 5.0908200689264736e-06
4.1562629296845144e-01 -9.0492347198937867e-02 1.3105844957465269e+01 5.0157574028780197e-06
4.1562629296845144e-01 -8.0437641954611422e-02 1.3190083547402692e+01 4.9487171589548792e-06
4.1562629296845144e-01 -7.0382936710284977e-02 1.3274808716243960e+01 4.8896635426081850e-06
4.1562629296845144e-01 -6.0328231465958525e-02 1.3358224739170387e+01 4.8385621413797345e-06
4.1562629296845144e-01 -5.0273526221632080e-02 1.3437894978479269e+01 4.7953811100686047e-06
4.1562629296845144e-01 -4.0218820977305711e-02 1.3510725636250619e+01 4.7600921147311550e-06
4.1562629296845144e-01 -3.0164115732979262e-02 1.3573101666187481e+01 4.7326710714032379e-06
4.1562629296845144e-01 -2.0109410488652817e-02 1.3621235892577364e+01 4.7130987097630972e-06
4.1562629296845144e-01 -1.0054705244326374e-02 1.3651722342012865e+01 4.7013609863869621e-06
4.1562629296845144e-01 7.1065644079062674e-17 1.3662171710662930e+01 4.6974493661788458e-06
4.1562629296845144e-01 1.0054705244326445e-02 1.3651722342012871e+01 4.7013609864139324e-06
4.1562629296845144e-01 2.0109410488652890e-02 1.3621235892577378e+01 4.7130987098247586e-06
4.1562629296845144e-01 3.0164115732979335e-02 1.3573101666187469e+01 4.7326710714241206e-06
4.1562629296845144e-01 4.0218820977305780e-02 1.3510725636250605e+01 4.7600921147312609e-06
4.1562629296845144e-01 5.0273526221632225e-02 1.3437894978479273e+01 4.7953811100483496e-06
4.1562629296845144e-01 6.0328231465958670e-02 1.3358224739170391e+01 4.8385621413725847e-06
4.1562629296845144e-01 7.0382936710285046e-02 1.3274808716243964e+01 4.8896635426161742e-06
4.1562629296845144e-01 8.0437641954611491e-02 1.3190083547402674e+01 4.9487171589552147e-06
4.1562629296845144e-01 9.0492347198937936e-02 1.3105844957465273e+01 5.0157574028738896e-06
4.1562629296845144e-01 1.0054705244326438e-01 1.3023342237610056e+01 5.0908200689278433e-06
4.1562629296845144e-01 1.1060175768759083e-01 1.2943395990569574e+01 5.1739408656209878e-06
4.1562629296845144e-01 1.2065646293191720e-01 1.2866508796641087e+01 5.2651536168429150e-06
4.1562629296845144e-01 1.3071116817624365e-01 1.2792956654328528e+01 5.3644880796128763e-06
4.1562629296845144e-01 1.4076587342057009e-01 1.2722859240491063e+01 5.4719673199120233e-06
4.1562629296845144e-01 1.5082057866489645e-01 1.2656231515603647e+01 5.5876045832473665e-06
4.1562629296845144e-01 1.6087528390922298e-01 1.2593020511966293e+01 5.7113995934020821e-06
4.1562629296845144e-01 1.7092998915354934e-01 1.2533131008659209e+01 5.8433342104307339e-06
4.1562629296845144e-01 1.8098469439787587e-01 1.2476443154425162e+01 5.9833673793417995e-06
4.1562629296845144e-01 1.9103939964220223e-01 1.2422824383016341e+01 6.1314293047361655e-06
4.1562629296845144e-01 2.0109410488652862e-01 1.2372137341416277e+01 6.2874147945024195e-06
4.1562629296845144e-01 2.1114881013085512e-01 1.2324245061436539e+01 6.4511757307814675e-06
4.1562629296845144e-01 2.2120351537518151e-01 1.2279014240981921e+01 6.6225126489733178e-06
4.1562629296845144e-01 2.3125822061950801e-01 1.2236317238830681e+01 6.8011654395769360e-06
4.1562629296845144e-01 2.4131292586383440e-01 1.2196033201141946e+01 6.9868032346320224e-06
4.1562629296845144e-01 2.5136763110816079e-01 1.2158048608052541e+01 7.1790136053421864e-06
4.1562629296845144e-01 2.6142233635248729e-01 1.2122257438495089e+01 7.3772912814312767e-06
4.1562629296845144e-01 2.7147704159681368e-01 1.2088561088902280e+01 7.5810267114784008e-06
4.1562629296845144e-01 2.8153174684114018e-01 1.2056868138306358e+01 7.7894949176511284e-06
4.1562629296845144e-01 2.9158645208546657e-01 1.2027094022558122e+01 8.0018452609877137e-06
4.1562629296845144e-01 3.0164115732979291e-01 1.1999160659849460e+01 8.2170929222228552e-06
4.1562629296845144e-01 3.1169586257411946e-01 1.1972996055568222e+01 8.4341131136072996e-06
4.1562629296845144e-01 3.2175056781844580e-01 1.1948533904771546e+01 8.6516392569323863e-06
4.1562629296845144e-01 3.3180527306277235e-01 1.1925713203871387e+01 8.8682665698254366e-06
4.1562629296845144e-01 3.4185997830709869e-01 1.1904477878545851e+01 9.0824626612308790e-06
4.1562629296845144e-01 3.5191468355142524e-01 1.1884776431773727e+01 9.2925867918965605e-06
4.1562629296845144e-01 3.6196938879575158e-01 1.1866561613793772e+01 9.4969193290331306e-06
4.1562629296845144e-01 3.7202409404007797e-01 1.1849790114411913e+01 9.6937025079206290e-06
4.1562629296845144e-01 3.8207879928440447e-01 1.1834422277226770e+01 9.8811927717410332e-06
4.1562629296845144e-01 3.9213350452873086e-01 1.1820421834902570e+01 1.0057723539771208e-05
4.1562629296845144e-01 4.0218820977305736e-01 1.1807755664566729e+01 1.0221775108217264e-05
4.1562629296845144e-01 4.1224291501738375e-01 1.1796393562822130e+01 1.0372045452172950e-05
4.1562629296845144e-01 4.2229762026171014e-01 1.1786308040976698e+01 1.0507512121179444e-05
4.1562629296845144e-01 4.3235232550603664e-01 1.1777474143397379e+01 1.0627471817064740e-05
4.1562629296845144e-01 4.4240703075036303e-01 1.1769869296224629e+01 1.0731541792461699e-05
4.1562629296845144e-01 4.5246173599468953e-01 1.1763473188516304e+01 1.0819545267511772e-05
4.1562629296845144e-01 4.6251644123901592e-01 1.1758266622032728e+01 1.0885913488750368e-05
4.1562629296845144e-01 4.7257114648334225e-01 1.1754200654097394e+01 1.0767804198984654e-05
4.1562629296845144e-01 4.8262585172766881e-01 1.1751105464410568e+01 9.7407052514951427e-06
4.1562629296845144e-01 4.9268055697199514e-01 1.1749247738734502e+01 1.0205952124053930e-05
4.1562629296845144e-01 5.0273526221632159e-01 1.1748680086624880e+01 1.1094831812553013e-05
4.3369700135838396e-01 -5.0273526221632159e-01 1.1709515198917417e+01 1.2172927265292634e-05
4.3369700135838396e-01 -4.9268055697199509e-01 1.1710048687652524e+01 1.1384387323918465e-05
4.3369700135838396e-01 -4.8262585172766864e-01 1.1711820593008156e+01 1.1049787635043394e-05
4.3369700135838396e-01 -4.7257114648334225e-01 1.1714784122356569e+01 1.2069973029991510e-05
4.3369700135838396e-01 -4.6251644123901581e-01 1.1718652000606895e+01 1.2161401726405765e-05
4.3369700135838396e-01 -4.5246173599468936e-01 1.1723599253593196e+01 1.2061808956637593e-05
4.3369700135838396e-01 -4.4240703075036292e-01 1.1729674461149564e+01 1.1936917646451443e-05
4.3369700135838396e-01 -4.3235232550603647e-01 1.1736894660950128e+01 1.1793758238792515e-05
4.3369700135838396e-01 -4.2229762026171014e-01 1.1745277586362587e+01 1.1633734116823363e-05
4.3369700135838396e-01 -4.1224291501738369e-01 1.1754842843533597e+01 1.1458231433720271e-05
4.3369700135838396e-01 -4.0218820977305725e-01 1.1765611996909266e+01 1.1268733846751895e-05
4.3369700135838396e-01 -3.9213350452873080e-01 1.1777608678218016e+01 1.1066839770033209e-05
4.3369700135838396e-01 -3.8207879928440436e-01 1.1790858718151011e+01 1.0854250946595524e-05
4.3369700135838396e-01 -3.7202409404007797e-01 1.1805390293423942e+01 1.0632741707430711e-05
4.3369700135838396e-01 -3.6196938879575147e-01 1.1821234085640116e+01 1.0404118325891861e-05
4.3369700135838396e-01 -3.5191468355142508e-01 1.1838423450214227e+01 1.0170176119469061e-05
4.3369700135838396e-01 -3.4185997830709863e-01 1.1856994594322666e+01 9.9326596252274480e-06
4.3369700135838396e-01 -3.3180527306277219e-01 1.1876986762869249e+01 9.6932290145535506e-06
4.3369700135838396e-01 -3.2175056781844580e-01 1.1898442430990556e+01 9.4534341986282178e-06
4.3369700135838396e-01 -3.1169586257411935e-01 1.1921407500727550e+01 9.2146968564419577e-06
4.3369700135838396e-01 -3.0164115732979291e-01 1.1945931498110317e+01 8.9782998356323249e-06
4.3369700135838396e-01 -2.9158645208546646e-01 1.1972067764912527e+01 8.7453829395442612e-06
4.3369700135838396e-01 -2.8153174684114002e-01 1.1999873636524438e+01 8.5169439269399135e-06
4.3369700135838396e-01 -2.7147704159681363e-01 1.2029410593458712e+01 8.2938435319140779e-06
4.3369700135838396e-01 -2.6142233635248718e-01 1.2060744368504061e+01 8.0768133954036763e-06
4.3369700135838396e-01 -2.5136763110816074e-01 1.2093944983860480e+01 7.8664659391911984e-06
4.3369700135838396e-01 -2.4131292586383432e-01 1.2129086681859155e+01 7.6633053750199295e-06
4.3369700135838396e-01 -2.3125822061950788e-01 1.2166247697880031e+01 7.4677392042852815e-06
4.3369700135838396e-01 -2.2120351537518143e-01 1.2205509803140984e+01 7.2800897145052185e-06
4.3369700135838396e-01 -2.1114881013085501e-01 1.2246957515809383e+01 7.1006051111655982e-06
4.3369700135838396e-01 -2.0109410488652857e-01 1.2290676838177850e+01 6.9294700347520795e-06
4.3369700135838396e-01 -1.9103939964220218e-01 1.2336753321135633e+01 6.7668153031686031e-06
4.3369700135838396e-01 -1.8098469439787573e-01 1.2385269179194088e+01 6.6127267904243891e-06
4.3369700135838396e-01 -1.7092998915354929e-01 1.2436299072790291e+01 6.4672534066808439e-06
4.3369700135838396e-01 -1.6087528390922284e-01 1.2489904031297984e+01 6.3304141840807182e-06
4.3369700135838396e-01 -1.5082057866489645e-01 1.2546122802206934e+01 6.2022045008629473e-06
4.3369700135838396e-01 -1.4076587342057001e-01 1.2604959675307978e+01 6.0826014948258077e-06
4.3369700135838396e-01 -1.3071116817624356e-01 1.2666367553567525e+01 5.9715687284811018e-06
4.3369700135838396e-01 -1.2065646293191713e-01 1.2730224761545180e+01 5.8690601742453727e-06
4.3369700135838396e-01 -1.1060175768759069e-01 1.2796303894224460e+01 5.7750235900049746e-06
4.3369700135838396e-01 -1.0054705244326431e-01 1.2864231122088505e+01 5.6894033541501715e-06
4.3369700135838396e-01 -9.0492347198937867e-02 1.2933435175531077e+01 5.6121428267034483e-06
4.3369700135838396e-01 -8.0437641954611422e-02 1.3003087382192200e+01 5.5431862984514751e-06
4.3369700135838396e-01 -7.0382936710284977e-02 1.3072038499824748e+01 5.4824805852632466e-06
4.3369700135838396e-01 -6.0328231465958525e-02 1.3138765412863052e+01 5.4299763191990653e-06
4.3369700135838396e-01 -5.0273526221632080e-02 1.3201350571895446e+01 5.3856289821724551e-06
4.3369700135838396e-01 -4.0218820977305711e-02 1.3257525748019578e+01 5.3493997226255656e-06
4.3369700135838396e-01 -3.0164115732979262e-02 1.3304810993422151e+01 5.3212559891076830e-06
4.3369700135838396e-01 -2.0109410488652817e-02 1.3340759529556051e+01 5.3011720101218220e-06
4.3369700135838396e-01 -1.0054705244326374e-02 1.3363278368053926e+01 5.2891291433930642e-06
4.3369700135838396e-01 7.1065644079062674e-17 1.3370951624503341e+01 5.2851161123837826e-06
4.3369700135838396e-01 1.0054705244326445e-02 1.3363278368053926e+01 5.2891291433711108e-06
4.3369700135838396e-01 2.0109410488652890e-02 1.3340759529556028e+01 5.3011720101230121e-06
4.3369700135838396e-01 3.0164115732979335e-02 1.3304810993422143e+01 5.3212559890915792e-06
4.3369700135838396e-01 4.0218820977305780e-02 1.3257525748019564e+01 5.3493997226137444e-06
4.3369700135838396e-01 5.0273526221632225e-02 1.3201350571895446e+01 5.3856289821587975e-06
4.3369700135838396e-01 6.0328231465958670e-02 1.3138765412863059e+01 5.4299763191779962e-06
4.3369700135838396e-01 7.0382936710285046e-02 1.3072038499824750e+01 5.4824805852618812e-06
4.3369700135838396e-01 8.0437641954611491e-02 1.3003087382192192e+01 5.5431862984454612e-06
4.3369700135838396e-01 9.0492347198937936e-02 1.2933435175531088e+01 5.6121428266916119e-06
4.3369700135838396e-01 1.0054705244326438e-01 1.2864231122088501e+01 5.6894033541315072e-06
4.3369700135838396e-01 1.1060175768759083e-01 1.2796303894224447e+01 5.7750235899928460e-06
4.3369700135838396e-01 1.2065646293191720e-01 1.2730224761545164e+01 5.8690601742521465e-06
4.3369700135838396e-01 1.3071116817624365e-01 1.2666367553567520e+01 5.9715687284804555e-06
4.3369700135838396e-01 1.4076587342057009e-01 1.2604959675307985e+01 6.0826014948229913e-06
4.3369700135838396e-01 1.5082057866489645e-01 1.2546122802206934e+01 6.2022045008586546e-06
4.3369700135838396e-01 1.6087528390922298e-01 1.2489904031297995e+01 6.3304141840782245e-06
4.3369700135838396e-01 1.7092998915354934e-01 1.2436299072790291e+01 6.4672534066847707e-06
4.3369700135838396e-01 1.8098469439787587e-01 1.2385269179194083e+01 6.6127267904171182e-06
4.3369700135838396e-01 1.9103939964220223e-01 1.2336753321135633e+01 6.7668153031629508e-06
4.3369700135838396e-01 2.0109410488652862e-01 1.2290676838177866e+01 6.9294700347489608e-06
4.3369700135838396e-01 2.1114881013085512e-01 1.2246957515809385e+01 7.1006051111623032e-06
4.3369700135838396e-01 2.2120351537518151e-01 1.2205509803140993e+01 7.2800897145079747e-06
4.3369700135838396e-01 2.3125822061950801e-01 1.2166247697880040e+01 7.4677392042846005e-06
4.3369700135838396e-01 2.4131292586383440e-01 1.2129086681859150e+01 7.6633053750153233e-06
4.3369700135838396e-01 2.5136763110816079e-01 1.2093944983860483e+01 7.8664659391887200e-06
4.3369700135838396e-01 2.6142233635248729e-01 1.2060744368504059e+01 8.0768133954023753e-06
4.3369700135838396e-01 2.7147704159681368e-01 1.2029410593458699e+01 8.2938435319122127e-06
4.3369700135838396e-01 2.8153174684114018e-01 1.1999873636524420e+01 8.5169439269396052e-06
4.3369700135838396e-01 2.9158645208546657e-01 1.1972067764912518e+01 8.7453829395462958e-06
4.3369700135838396e-01 3.0164115732979291e-01 1.1945931498110314e+01 8.9782998356300871e-06
4.3369700135838396e-01 3.1169586257411946e-01 1.1921407500727550e+01 9.2146968564417053e-06
4.3369700135838396e-01 3.2175056781844580e-01 1.1898442430990558e+01 9.4534341986295883e-06
4.3369700135838396e-01 3.3180527306277235e-01 1.1876986762869251e+01 9.6932290145520328e-06
4.3369700135838396e-01 3.4185997830709869e-01 1.1856994594322661e+01 9.9326596252197908e-06
4.3369700135838396e-01 3.5191468355142524e-01 1.1838423450214227e+01 1.0170176119467408e-05
4.3369700135838396e-01 3.6196938879575158e-01 1.1821234085640119e+01 1.0404118325891981e-05
4.3369700135838396e-01 3.7202409404007797e-01 1.1805390293423930e+01 1.0632741707430319e-05
4.3369700135838396e-01 3.8207879928440447e-01 1.1790858718151004e+01 1.0854250946593207e-05
4.3369700135838396e-01 3.9213350452873086e-01 1.1777608678218014e+01 1.1066839770032837e-05
4.3369700135838396e-01 4.0218820977305736e-01 1.1765611996909259e+01 1.1268733846758303e-05
4.3369700135838396e-01 4.1224291501738375e-01 1.1754842843533588e+01 1.1458231433720803e-05
4.3369700135838396e-01 4.2229762026171014e-01 1.1745277586362580e+01 1.1633734116823895e-05
4.3369700135838396e-01 4.3235232550603664e-01 1.1736894660950123e+01 1.1793758238790764e-05
4.3369700135838396e-01 4.4240703075036303e-01 1.1729674461149562e+01 1.1936917646450120e-05
4.3369700135838396e-01 4.5246173599468953e-01 1.1723599253593196e+01 1.2061808956642540e-05
4.3369700135838396e-01 4.6251644123901592e-01 1.1718652000606893e+01 1.2161401726401711e-05
4.3369700135838396e-01 4.7257114648334225e-01 1.1714784122356569e+01 1.2069973029987939e-05
4.3369700135838396e-01 4.8262585172766881e-01 1.1711820593008145e+01 1.1049787635045456e-05
4.3369700135838396e-01 4.9268055697199514e-01 1.1710048687652517e+01 1.1384387323919761e-05
4.3369700135838396e-01 5.0273526221632159e-01 1.1709515198917417e+01 1.2172927265291910e-05
4.5176770974831654e-01 -5.0273526221632159e-01 1.1665913692566273e+01 1.3345049850998133e-05
4.5176770974831654e-01 -4.9268055697199509e-01 1.1666409826834725e+01 1.2638906856332984e-05
4.5176770974831654e-01 -4.8262585172766864e-01 1.1668085462853051e+01 1.2407361180924373e-05
4.5176770974831654e-01 -4.7257114648334225e-01 1.1670900527885182e+01 1.3414527861840617e-05
4.5176770974831654e-01 -4.6251644123901581e-01 1.1674549163844208e+01 1.3480807971817635e-05
4.5176770974831654e-01 -4.5246173599468936e-01 1.1679210352674060e+01 1.3350904497188886e-05
4.5176770974831654e-01 -4.4240703075036292e-01 1.1684932080703739e+01 1.3192119053696474e-05
4.5176770974831654e-01 -4.3235232550603647e-01 1.1691729255367152e+01 1.3012723442918969e-05
4.5176770974831654e-01 -4.2229762026171014e-01 1.1699617071857915e+01 1.2815216612581305e-05
4.5176770974831654e-01 -4.1224291501738369e-01 1.1708612211140970e+01 1.2601908700166937e-05
4.5176770974831654e-01 -4.0218820977305725e-01 1.1718732896571570e+01 1.2375027611828499e-05
4.5176770974831654e-01 -3.9213350452873080e-01 1.1729998966100595e+01 1.2136744690494981e-05
4.5176770974831654e-01 -3.8207879928440436e-01 1.1742431960399996e+01 1.1889181270322167e-05
4.5176770974831654e-01 -3.7202409404007797e-01 1.1756055219595101e+01 1.1634400297510621e-05
4.5176770974831654e-01 -3.6196938879575147e-01 1.1770893984578205e+01 1.1374388934369398e-05
4.5176770974831654e-01 -3.5191468355142508e-01 1.1786975500368980e+01 1.1111037659484337e-05
4.5176770974831654e-01 -3.4185997830709863e-01 1.1804329119404278e+01 1.0846120043262764e-05
4.5176770974831654e-01 -3.3180527306277219e-01 1.1822986402394035e+01 1.0581275894043686e-05
4.5176770974831654e-01 -3.2175056781844580e-01 1.1842981213656140e+01 1.0317999183191904e-05
4.5176770974831654e-01 -3.1169586257411935e-01 1.1864349806677602e+01 1.0057631183487743e-05
4.5176770974831654e-01 -3.0164115732979291e-01 1.1887130893993097e+01 9.8013585936568028e-06
4.5176770974831654e-01 -2.9158645208546646e-01 1.1911365693198405e+01 9.5502160259864551e-06
4.5176770974831654e-01 -2.8153174684114002e-01 1.1937097937832418e+01 9.3050920399091227e-06
4.5176770974831654e-01 -2.7147704159681363e-01 1.1964373837688038e+01 9.0667378537308776e-06
4.5176770974831654e-01 -2.6142233635248718e-01 1.1993241967466886e+01 8.8357779074682192e-06
4.5176770974831654e-01 -2.5136763110816074e-01 1.2023753055051099e+01 8.6127215443183395e-06
4.5176770974831654e-01 -2.4131292586383432e-01 1.2055959630320846e+01 8.3979751970330212e-06
4.5176770974831654e-01 -2.3125822061950788e-01 1.2089915481445582e+01 8.1918545904849239e-06
4.5176770974831654e-01 -2.2120351537518143e-01 1.2125674846655697e+01 7.9945965901142463e-06
4.5176770974831654e-01 -2.1114881013085501e-01 1.2163291243998890e+01 7.8063704312567606e-06
4.5176770974831654e-01 -2.0109410488652857e-01 1.2202815807379462e+01 7.6272881539157209e-06
4.5176770974831654e-01 -1.9103939964220218e-01 1.2244294951652224e+01 7.4574141400680007e-06
4.5176770974831654e-01 -1.8098469439787573e-01 1.2287767129679825e+01 7.2967737077549111e-06
4.5176770974831654e-01 -1.7092998915354929e-01 1.2333258367008259e+01 7.1453607591849809e-06
4.5176770974831654e-01 -1.6087528390922284e-01 1.2380776163011001e+01 7.0031445112029882e-06
4.5176770974831654e-01 -1.5082057866489645e-01 1.2430301231745936e+01 6.8700753579314194e-06
4.5176770974831654e-01 -1.4076587342057001e-01 1.2481776429024100e+01 6.7460899287729027e-06
4.5176770974831654e-01 -1.3071116817624356e-01 1.2535092096269665e+01 6.6311154128583801e-06
4.5176770974831654e-01 -1.2065646293191713e-01 1.2590066995614237e+01 6.5250732236664061e-06
4.5176770974831654e-01 -1.1060175768759069e-01 1.2646424110040005e+01 6.4278820777513682e-06
4.5176770974831654e-01 -1.0054705244326431e-01 1.2703761006057329e+01 6.3394605586294534e-06
4.5176770974831654e-01 -9.0492347198937867e-02 1.2761515469875532e+01 6.2597292328841285e-06
4.5176770974831654e-01 -8.0437641954611422e-02 1.2818929083734181e+01 6.1886123808247703e-06
4.5176770974831654e-01 -7.0382936710284977e-02 1.2875014630657326e+01 6.1260393979382228e-06
4.5176770974831654e-01 -6.0328231465958525e-02 1.2928537653606748e+01 6.0719459177866851e-06
4.5176770974831654e-01 -5.0273526221632080e-02 1.2978027052002066e+01 6.0262747012611824e-06
4.5176770974831654e-01 -4.0218820977305711e-02 1.3021831349359777e+01 5.9889763309536101e-06
4.5176770974831654e-01 -3.0164115732979262e-02 1.3058231653037431e+01 5.9600097438721644e-06
4.5176770974831654e-01 -2.0109410488652817e-02 1.3085606241921459e+01 5.9393426303961775e-06
4.5176770974831654e-01 -1.0054705244326374e-02 1.3102619435621204e+01 5.9269517215330462e-06
4.5176770974831654e-01 7.1065644079062674e-17 1.3108392579387855e+01 5.9228229820665124e-06
4.5176770974831654e-01 1.0054705244326445e-02 1.3102619435621197e+01 5.9269517215534275e-06
4.5176770974831654e-01 2.0109410488652890e-02 1.3085606241921454e+01 5.9393426304030478e-06
4.5176770974831654e-01 3.0164115732979335e-02 1.3058231653037428e+01 5.9600097438761446e-06
4.5176770974831654e-01 4.0218820977305780e-02 1.3021831349359781e+01 5.9889763309362535e-06
4.5176770974831654e-01 5.0273526221632225e-02 1.2978027052002044e+01 6.0262747012486023e-06
4.5176770974831654e-01 6.0328231465958670e-02 1.2928537653606746e+01 6.0719459177893084e-06
4.5176770974831654e-01 7.0382936710285046e-02 1.2875014630657319e+01 6.1260393979514932e-06
4.5176770974831654e-01 8.0437641954611491e-02 1.2818929083734185e+01 6.1886123808316440e-06
4.5176770974831654e-01 9.0492347198937936e-02 1.2761515469875526e+01 6.2597292328738319e-06
4.5176770974831654e-01 1.0054705244326438e-01 1.2703761006057334e+01 6.3394605586306409e-06
4.5176770974831654e-01 1.1060175768759083e-01 1.2646424110040009e+01 6.4278820777585892e-06
4.5176770974831654e-01 1.2065646293191720e-01 1.2590066995614235e+01 6.5250732236749899e-06
4.5176770974831654e-01 1.3071116817624365e-01 1.2535092096269658e+01 6.6311154128567098e-06
4.5176770974831654e-01 1.4076587342057009e-01 1.2481776429024087e+01 6.7460899287792716e-06
4.5176770974831654e-01 1.5082057866489645e-01 1.2430301231745942e+01 6.8700753579321402e-06
4.5176770974831654e-01 1.6087528390922298e-01 1.2380776163011001e+01 7.0031445112026282e-06
4.5176770974831654e-01 1.7092998915354934e-01 1.2333258367008268e+01 7.1453607591840135e-06
4.5176770974831654e-01 1.8098469439787587e-01 1.2287767129679819e+01 7.2967737077506370e-06
4.5176770974831654e-01 1.9103939964220223e-01 1.2244294951652209e+01 7.4574141400687316e-06
4.5176770974831654e-01 2.0109410488652862e-01 1.2202815807379453e+01 7.6272881539113061e-06
4.5176770974831654e-01 2.1114881013085512e-01 1.2163291243998898e+01 7.8063704312504197e-06
4.5176770974831654e-01 2.2120351537518151e-01 1.2125674846655684e+01 7.9945965901090964e-06
4.5176770974831654e-01 2.3125822061950801e-01 1.2089915481445573e+01 8.1918545904862063e-06
4.5176770974831654e-01 2.4131292586383440e-01 1.2055959630320841e+01 8.3979751970343036e-06
4.5176770974831654e-01 2.5136763110816079e-01 1.2023753055051110e+01 8.6127215443165421e-06
4.5176770974831654e-01 2.6142233635248729e-01 1.1993241967466879e+01 8.8357779074643009e-06
4.5176770974831654e-01 2.7147704159681368e-01 1.1964373837688052e+01 9.0667378537249788e-06
4.5176770974831654e-01 2.8153174684114018e-01 1.1937097937832410e+01 9.3050920399125227e-06
4.5176770974831654e-01 2.9158645208546657e-01 1.1911365693198418e+01 9.5502160259895959e-06
4.5176770974831654e-01 3.0164115732979291e-01 1.1887130893993099e+01 9.8013585936582733e-06
4.5176770974831654e-01 3.1169586257411946e-01 1.1864349806677604e+01 1.0057631183483599e-05
4.5176770974831654e-01 3.2175056781844580e-01 1.1842981213656129e+01 1.0317999183194464e-05
4.5176770974831654e-01 3.3180527306277235e-01 1.1822986402394038e+01 1.0581275894041366e-05
4.5176770974831654e-01 3.4185997830709869e-01 1.1804329119404278e+01 1.0846120043266457e-05
4.5176770974831654e-01 3.5191468355142524e-01 1.1786975500368992e+01 1.1111037659487588e-05
4.5176770974831654e-01 3.6196938879575158e-01 1.1770893984578201e+01 1.1374388934371234e-05
4.5176770974831654e-01 3.7202409404007797e-01 1.1756055219595110e+01 1.1634400297511305e-05
4.5176770974831654e-01 3.8207879928440447e-01 1.1742431960399982e+01 1.1889181270320202e-05
4.5176770974831654e-01 3.9213350452873086e-01 1.1729998966100588e+01 1.2136744690495089e-05
4.5176770974831654e-01 4.0218820977305736e-01 1.1718732896571566e+01 1.2375027611829257e-05
4.5176770974831654e-01 4.1224291501738375e-01 1.1708612211140970e+01 1.2601908700166056e-05
4.5176770974831654e-01 4.2229762026171014e-01 1.1699617071857913e+01 1.2815216612581106e-05
4.5176770974831654e-01 4.3235232550603664e-01 1.1691729255367159e+01 1.3012723442921368e-05
4.5176770974831654e-01 4.4240703075036303e-01 1.1684932080703732e+01 1.3192119053696374e-05
4.5176770974831654e-01 4.5246173599468953e-01 1.1679210352674055e+01 1.3350904497191246e-05
4.5176770974831654e-01 4.6251644123901592e-01 1.1674549163844199e+01 1.3480807971818890e-05
4.5176770974831654e-01 4.7257114648334225e-01 1.1670900527885186e+01 1.3414527861840402e-05
4.5176770974831654e-01 4.8262585172766881e-01 1.1668085462853048e+01 1.2407361180921766e-05
4.5176770974831654e-01 4.9268055697199514e-01 1.1666409826834730e+01 1.2638906856332959e-05
4.5176770974831654e-01 5.0273526221632159e-01 1.1665913692566273e+01 1.3345049850996375e-05
4.6983841813824934e-01 -5.0273526221632159e-01 1.1618498313170875e+01 1.4589815417101312e-05
4.6983841813824934e-01 -4.9268055697199509e-01 1.1618954791959981e+01 1.3948603462778958e-05
4.6983841813824934e-01 -4.8262585172766864e-01 1.1620526392291691e+01 1.3791972176946861e-05
4.6983841813824934e-01 -4.7257114648334225e-01 1.1623180906412186e+01 1.4778312891232842e-05
4.6983841813824934e-01 -4.6251644123901581e-01 1.1626596107151315e+01 1.4820969974910724e-05
4.6983841813824934e-01 -4.5246173599468936e-01 1.1630953549199747e+01 1.4664107567711712e-05
4.6983841813824934e-01 -4.4240703075036292e-01 1.1636300413874146e+01 1.4475043529088924e-05
4.6983841813824934e-01 -4.3235232550603647e-01 1.1642649577429699e+01 1.4263061359303477e-05
4.6983841813824934e-01 -4.2229762026171014e-01 1.1650013820728137e+01 1.4031609384881083e-05
4.6983841813824934e-01 -4.1224291501738369e-01 1.1658407041296851e+01 1.3783816316100369e-05
4.6983841813824934e-01 -4.0218820977305725e-01 1.1667844285892691e+01 1.3522586120624702e-05
4.6983841813824934e-01 -3.9213350452873080e-01 1.1678341792077060e+01 1.3250626188109213e-05
4.6983841813824934e-01 -3.8207879928440436e-01 1.1689917040031396e+01 1.2970464951358423e-05
4.6983841813824934e-01 -3.7202409404007797e-01 1.1702588807376557e+01 1.2684459173644209e-05
4.6983841813824934e-01 -3.6196938879575147e-01 1.1716377222721402e+01 1.2394793986800297e-05
4.6983841813824934e-01 -3.5191468355142508e-01 1.1731303814919780e+01 1.2103479312215597e-05
4.6983841813824934e-01 -3.4185997830709863e-01 1.1747391555243940e+01 1.1812345703542444e-05
4.6983841813824934e-01 -3.3180527306277219e-01 1.1764664889284056e+01 1.1523041706962543e-05
4.6983841813824934e-01 -3.2175056781844580e-01 1.1783149754529415e+01 1.1237033919800805e-05
4.6983841813824934e-01 -3.1169586257411935e-01 1.1802873578317687e+01 1.0955610192508010e-05
4.6983841813824934e-01 -3.0164115732979291e-01 1.1823865249109863e+01 1.0679885897444775e-05
4.6983841813824934e-01 -2.9158645208546646e-01 1.1846155051753732e+01 1.0410812862359864e-05
4.6983841813824934e-01 -2.8153174684114002e-01 1.1869774554374589e+01 1.0149190397841665e-05
4.6983841813824934e-01 -2.7147704159681363e-01 1.1894756430552537e+01 9.8956777934639642e-06
4.6983841813824934e-01 -2.6142233635248718e-01 1.1921134195205994e+01 9.6508076798721962e-06
4.6983841813824934e-01 -2.5136763110816074e-01 1.1948941825704322e+01 9.4149997213902677e-06
4.6983841813824934e-01 -2.4131292586383432e-01 1.1978213230659255e+01 9.1885741940876482e-06
4.6983841813824934e-01 -2.3125822061950788e-01 1.2008981516932000e+01 8.9717651007965822e-06
4.6983841813824934e-01 -2.2120351537518143e-01 1.2041277989806202e+01 8.7647325675262220e-06
4.6983841813824934e-01 -2.1114881013085501e-01 1.2075130801004622e+01 8.5675743485795531e-06
4.6983841813824934e-01 -2.0109410488652857e-01 1.2110563133093015e+01 8.3803363380128905e-06
4.6983841813824934e-01 -1.9103939964220218e-01 1.2147590775584494e+01 8.2030220419098530e-06
4.6983841813824934e-01 -1.8098469439787573e-01 1.2186218906667225e+01 8.0356010101244806e-06
4.6983841813824934e-01 -1.7092998915354929e-01 1.2226437844559408e+01 7.8780162585531855e-06
4.6983841813824934e-01 -1.6087528390922284e-01 1.2268217475369603e+01 7.7301907359544224e-06
4.6983841813824934e-01 -1.5082057866489645e-01 1.2311500004868449e+01 7.5920329040510992e-06
4.6983841813824934e-01 -1.4076587342057001e-01 1.2356190631355172e+01 7.4634415081946911e-06
4.6983841813824934e-01 -1.3071116817624356e-01 1.2402145719386407e+01 7.3443096192900524e-06
4.6983841813824934e-01 -1.2065646293191713e-01 1.2449158112909252e+01 7.2345280280480001e-06
4.6983841813824934e-01 -1.1060175768759069e-01 1.2496939434899604e+01 7.1339880696321242e-06
4.6983841813824934e-01 -1.0054705244326431e-01 1.2545099692900411e+01 7.0425839528560601e-06
4.6983841813824934e-01 -9.0492347198937867e-02 1.2593125400859098e+01 6.9602146626825729e-06
4.6983841813824934e-01 -8.0437641954611422e-02 1.2640358901868929e+01 6.8867854986655261e-06
4.6983841813824934e-01 -7.0382936710284977e-02 1.2685983700583524e+01 6.8222093057755364e-06
4.6983841813824934e-01 -6.0328231465958525e-02 1.2729023116098157e+01 6.7664074479793443e-06
4.6983841813824934e-01 -5.0273526221632080e-02 1.2768361450413380e+01 6.7193105685116286e-06
4.6983841813824934e-01 -4.0218820977305711e-02 1.2802796117339307e+01 6.6808591748558431e-06
4.6983841813824934e-01 -3.0164115732979262e-02 1.2831123290175089e+01 6.6510040808108451e-06
4.6983841813824934e-01 -2.0109410488652817e-02 1.2852248017163237e+01 6.6297067325589745e-06
4.6983841813824934e-01 -1.0054705244326374e-02 1.2865297305225994e+01 6.6169394402734460e-06
4.6983841813824934e-01 7.1065644079062674e-17 1.2869711208126816e+01 6.6126855317740047e-06
4.6983841813824934e-01 1.0054705244326445e-02 1.2865297305226006e+01 6.6169394402594124e-06
4.6983841813824934e-01 2.0109410488652890e-02 1.2852248017163237e+01 6.6297067325600375e-06
4.6983841813824934e-01 3.0164115732979335e-02 1.2831123290175103e+01 6.6510040808078965e-06
4.6983841813824934e-01 4.0218820977305780e-02 1.2802796117339314e+01 6.6808591748594913e-06
4.6983841813824934e-01 5.0273526221632225e-02 1.2768361450413364e+01 6.7193105685127569e-06
4.6983841813824934e-01 6.0328231465958670e-02 1.2729023116098153e+01 6.7664074479670674e-06
4.6983841813824934e-01 7.0382936710285046e-02 1.2685983700583538e+01 6.8222093057671906e-06
4.6983841813824934e-01 8.0437641954611491e-02 1.2640358901868934e+01 6.8867854986653278e-06
4.6983841813824934e-01 9.0492347198937936e-02 1.2593125400859128e+01 6.9602146626856206e-06
4.6983841813824934e-01 1.0054705244326438e-01 1.2545099692900406e+01 7.0425839528465369e-06
4.6983841813824934e-01 1.1060175768759083e-01 1.2496939434899605e+01 7.1339880696303819e-06
4.6983841813824934e-01 1.2065646293191720e-01 1.2449158112909258e+01 7.2345280280571582e-06
4.6983841813824934e-01 1.3071116817624365e-01 1.2402145719386409e+01 7.3443096192951473e-06
4.6983841813824934e-01 1.4076587342057009e-01 1.2356190631355181e+01 7.4634415081928184e-06
4.6983841813824934e-01 1.5082057866489645e-01 1.2311500004868446e+01 7.5920329040523316e-06
4.6983841813824934e-01 1.6087528390922298e-01 1.2268217475369607e+01 7.7301907359554490e-06
4.6983841813824934e-01 1.7092998915354934e-01 1.2226437844559388e+01 7.8780162585503411e-06
4.6983841813824934e-01 1.8098469439787587e-01 1.2186218906667227e+01 8.0356010101217176e-06
4.6983841813824934e-01 1.9103939964220223e-01 1.2147590775584497e+01 8.2030220419071459e-06
4.6983841813824934e-01 2.0109410488652862e-01 1.2110563133093015e+01 8.3803363380142593e-06
4.6983841813824934e-01 2.1114881013085512e-01 1.2075130801004617e+01 8.5675743485817215e-06
4.6983841813824934e-01 2.2120351537518151e-01 1.2041277989806217e+01 8.7647325675228000e-06
4.6983841813824934e-01 2.3125822061950801e-01 1.2008981516931989e+01 8.9717651007949322e-06
4.6983841813824934e-01 2.4131292586383440e-01 1.1978213230659261e+01 9.1885741940902689e-06
4.6983841813824934e-01 2.5136763110816079e-01 1.1948941825704313e+01 9.4149997213949941e-06
4.6983841813824934e-01 2.6142233635248729e-01 1.1921134195206003e+01 9.6508076798656215e-06
4.6983841813824934e-01 2.7147704159681368e-01 1.1894756430552532e+01 9.8956777934625090e-06
4.6983841813824934e-01 2.8153174684114018e-01 1.1869774554374571e+01 1.0149190397844122e-05
4.6983841813824934e-01 2.9158645208546657e-01 1.1846155051753719e+01 1.0410812862357520e-05
4.6983841813824934e-01 3.0164115732979291e-01 1.1823865249109872e+01 1.0679885897440918e-05
4.6983841813824934e-01 3.1169586257411946e-01 1.1802873578317687e+01 1.0955610192511540e-05
4.6983841813824934e-01 3.2175056781844580e-01 1.1783149754529427e+01 1.1237033919798498e-05
4.6983841813824934e-01 3.3180527306277235e-01 1.1764664889284061e+01 1.1523041706956742e-05
4.6983841813824934e-01 3.4185997830709869e-01 1.1747391555243929e+01 1.1812345703537428e-05
4.6983841813824934e-01 3.5191468355142524e-01 1.1731303814919771e+01 1.2103479312218448e-05
4.6983841813824934e-01 3.6196938879575158e-01 1.1716377222721416e+01 1.2394793986800219e-05
4.6983841813824934e-01 3.7202409404007797e-01 1.1702588807376566e+01 1.2684459173643629e-05
4.6983841813824934e-01 3.8207879928440447e-01 1.1689917040031396e+01 1.2970464951359890e-05
4.6983841813824934e-01 3.9213350452873086e-01 1.1678341792077056e+01 1.3250626188109771e-05
4.6983841813824934e-01 4.0218820977305736e-01 1.1667844285892699e+01 1.3522586120626448e-05
4.6983841813824934e-01 4.1224291501738375e-01 1.1658407041296853e+01 1.3783816316099586e-05
4.6983841813824934e-01 4.2229762026171014e-01 1.1650013820728143e+01 1.4031609384878116e-05
4.6983841813824934e-01 4.3235232550603664e-01 1.1642649577429712e+01 1.4263061359301062e-05
4.6983841813824934e-01 4.4240703075036303e-01 1.1636300413874149e+01 1.4475043529088858e-05
4.6983841813824934e-01 4.5246173599468953e-01 1.1630953549199752e+01 1.4664107567711236e-05
4.6983841813824934e-01 4.6251644123901592e-01 1.1626596107151304e+01 1.4820969974906731e-05
4.6983841813824934e-01 4.7257114648334225e-01 1.1623180906412188e+01 1.4778312891234394e-05
4.6983841813824934e-01 4.8262585172766881e-01 1.1620526392291696e+01 1.3791972176947456e-05
4.6983841813824934e-01 4.9268055697199514e-01 1.1618954791959986e+01 1.3948603462777788e-05
4.6983841813824934e-01 5.0273526221632159e-01 1.1618498313170875e+01 1.4589815417101127e-05
4.8790912652818191e-01 -5.0273526221632159e-01 1.1567916165000728e+01 1.5888920915801659e-05
4.8790912652818191e-01 -4.9268055697199509e-01 1.1568331434811080e+01 1.5296365449989556e-05
4.8790912652818191e-01 -4.8262585172766864e-01 1.1569793623583921e+01 1.5187363475494784e-05
4.8790912652818191e-01 -4.7257114648334225e-01 1.1572279805046060e+01 1.6144034676874480e-05
4.8790912652818191e-01 -4.6251644123901581e-01 1.1575453618037317e+01 1.6164458319338241e-05
4.8790912652818191e-01 -4.5246173599468936e-01 1.1579497728955577e+01 1.5984108581009528e-05
4.8790912652818191e-01 -4.4240703075036292e-01 1.1584458318915717e+01 1.5768627536496920e-05
4.8790912652818191e-01 -4.3235232550603647e-01 1.1590346378723106e+01 1.5528090534136378e-05
4.8790912652818191e-01 -4.2229762026171014e-01 1.1597172456164389e+01 1.5266750607779639e-05
4.8790912652818191e-01 -4.1224291501738369e-01 1.1604947874523663e+01 1.4988439819820019e-05
4.8790912652818191e-01 -4.0218820977305725e-01 1.1613684745911726e+01 1.4696652153070466e-05
4.8790912652818191e-01 -3.9213350452873080e-01 1.1623395988379372e+01 1.4394571676823325e-05
4.8790912652818191e-01 -3.8207879928440436e-01 1.1634095348748565e+01 1.4085097269491640e-05
4.8790912652818191e-01 -3.7202409404007797e-01 1.1645797424064368e+01 1.3770861114780944e-05
4.8790912652818191e-01 -3.6196938879575147e-01 1.1658517677312670e+01 1.3454241858012718e-05
4.8790912652818191e-01 -3.5191468355142508e-01 1.1672272444155318e+01 1.3137374526062763e-05
4.8790912652818191e-01 -3.4185997830709863e-01 1.1687078927565556e+01 1.2822159257964494e-05
4.8790912652818191e-01 -3.3180527306277219e-01 1.1702955176790367e+01 1.2510270360223167e-05
4.8790912652818191e-01 -3.2175056781844580e-01 1.1719920046191262e+01 1.2203166583484498e-05
4.8790912652818191e-01 -3.1169586257411935e-01 1.1737993128271471e+01 1.1902102986023384e-05
4.8790912652818191e-01 -3.0164115732979291e-01 1.1757194653553100e+01 1.1608144358994613e-05
4.8790912652818191e-01 -2.9158645208546646e-01 1.1777545347846461e+01 1.1322179939373195e-05
4.8790912652818191e-01 -2.8153174684114002e-01 1.1799066234727219e+01 1.1044939005565869e-05
4.8790912652818191e-01 -2.7147704159681363e-01 1.1821778367542422e+01 1.0777006908065391e-05
4.8790912652818191e-01 -2.6142233635248718e-01 1.1845702470784163e+01 1.0518841104786075e-05
4.8790912652818191e-01 -2.5136763110816074e-01 1.1870858464930162e+01 1.0270786824543503e-05
4.8790912652818191e-01 -2.4131292586383432e-01 1.1897264841516597e+01 1.0033092053224097e-05
4.8790912652818191e-01 -2.3125822061950788e-01 1.1924937845879089e+01 9.8059216141312971e-06
4.8790912652818191e-01 -2.2120351537518143e-01 1.1953890413206924e+01 9.5893701869575234e-06
4.8790912652818191e-01 -2.1114881013085501e-01 1.1984130788805409e+01 9.3834741749078310e-06
4.8790912652818191e-01 -2.0109410488652857e-01 1.2015660745280709e+01 9.1882223840465879e-06
4.8790912652818191e-01 -1.9103939964220218e-01 1.2048473287449523e+01 9.0035655220780513e-06
4.8790912652818191e-01 -1.8098469439787573e-01 1.2082549710257625e+01 8.8294245566171247e-06
4.8790912652818191e-01 -1.7092998915354929e-01 1.2117855846897331e+01 8.6656979961743082e-06
4.8790912652818191e-01 -1.6087528390922284e-01 1.2154337316388565e+01 8.5122681723617389e-06
4.8790912652818191e-01 -1.5082057866489645e-01 1.2191913557940454e+01 8.3690066106071700e-06
4.8790912652818191e-01 -1.4076587342057001e-01 1.2230470434409577e+01 8.2357785802716111e-06
4.8790912652818191e-01 -1.3071116817624356e-01 1.2269851218343391e+01 8.1124469149299729e-06
4.8790912652818191e-01 -1.2065646293191713e-01 1.2309845872998919e+01 7.9988751908627951e-06
4.8790912652818191e-01 -1.1060175768759069e-01 1.2350178755627184e+01 7.8949303467155558e-06
4.8790912652818191e-01 -1.0054705244326431e-01 1.2390495268431046e+01 7.8004848216993646e-06
4.8790912652818191e-01 -9.0492347198937867e-02 1.2430348643968514e+01 7.7154182828372284e-06
4.8790912652818191e-01 -8.0437641954611422e-02 1.2469189041656149e+01 7.6396190051240792e-06
4.8790912652818191e-01 -7.0382936710284977e-02 1.2506358429138077e+01 7.5729849611903556e-06
4.8790912652818191e-01 -6.0328231465958525e-02 1.2541096075006291e+01 7.5154246709170605e-06
4.8790912652818191e-01 -5.0273526221632080e-02 1.2572560192217511e+01 7.4668578542442380e-06
4.8790912652818191e-01 -4.0218820977305711e-02 1.2599870064580008e+01 7.4272159250112756e-06
4.8790912652818191e-01 -3.0164115732979262e-02 1.2622168396564181e+01 7.3964423572519290e-06
4.8790912652818191e-01 -2.0109410488652817e-02 1.2638695632504195e+01 7.3744929503668969e-06
4.8790912652818191e-01 -1.0054705244326374e-02 1.2648860465967445e+01 7.3613360139454965e-06
4.8790912652818191e-01 7.1065644079062674e-17 1.2652290882764552e+01 7.3569524886149879e-06
4.8790912652818191e-01 1.0054705244326445e-02 1.2648860465967452e+01 7.3613360139504305e-06
4.8790912652818191e-01 2.0109410488652890e-02 1.2638695632504206e+01 7.3744929503655611e-06
4.8790912652818191e-01 3.0164115732979335e-02 1.2622168396564174e+01 7.3964423572572298e-06
4.8790912652818191e-01 4.0218820977305780e-02 1.2599870064579997e+01 7.4272159250108580e-06
4.8790912652818191e-01 5.0273526221632225e-02 1.2572560192217519e+01 7.4668578542432740e-06
4.8790912652818191e-01 6.0328231465958670e-02 1.2541096075006294e+01 7.5154246709161796e-06
4.8790912652818191e-01 7.0382936710285046e-02 1.2506358429138080e+01 7.5729849611936039e-06
4.8790912652818191e-01 8.0437641954611491e-02 1.2469189041656158e+01 7.6396190051149787e-06
4.8790912652818191e-01 9.0492347198937936e-02 1.2430348643968516e+01 7.7154182828390191e-06
4.8790912652818191e-01 1.0054705244326438e-01 1.2390495268431023e+01 7.8004848216970658e-06
4.8790912652818191e-01 1.1060175768759083e-01 1.2350178755627196e+01 7.8949303467193150e-06
4.8790912652818191e-01 1.2065646293191720e-01 1.2309845872998928e+01 7.9988751908638573e-06
4.8790912652818191e-01 1.3071116817624365e-01 1.2269851218343394e+01 8.1124469149319736e-06
4.8790912652818191e-01 1.4076587342057009e-01 1.2230470434409565e+01 8.2357785802669744e-06
4.8790912652818191e-01 1.5082057866489645e-01 1.2191913557940449e+01 8.3690066106073869e-06
4.8790912652818191e-01 1.6087528390922298e-01 1.2154337316388556e+01 8.5122681723612494e-06
4.8790912652818191e-01 1.7092998915354934e-01 1.2117855846897333e+01 8.6656979961739186e-06
4.8790912652818191e-01 1.8098469439787587e-01 1.2082549710257645e+01 8.8294245566175703e-06
4.8790912652818191e-01 1.9103939964220223e-01 1.2048473287449516e+01 9.0035655220787238e-06
4.8790912652818191e-01 2.0109410488652862e-01 1.2015660745280716e+01 9.1882223840468302e-06
4.8790912652818191e-01 2.1114881013085512e-01 1.1984130788805404e+01 9.3834741749057778e-06
4.8790912652818191e-01 2.2120351537518151e-01 1.1953890413206935e+01 9.5893701869580909e-06
4.8790912652818191e-01 2.3125822061950801e-01 1.1924937845879086e+01 9.8059216141307788e-06
4.8790912652818191e-01 2.4131292586383440e-01 1.1897264841516595e+01 1.0033092053221881e-05
4.8790912652818191e-01 2.5136763110816079e-01 1.1870858464930164e+01 1.0270786824541764e-05
4.8790912652818191e-01 2.6142233635248729e-01 1.1845702470784156e+01 1.0518841104783607e-05
4.8790912652818191e-01 2.7147704159681368e-01 1.1821778367542420e+01 1.0777006908061785e-05
4.8790912652818191e-01 2.8153174684114018e-01 1.1799066234727222e+01 1.1044939005570736e-05
4.8790912652818191e-01 2.9158645208546657e-01 1.1777545347846472e+01 1.1322179939376309e-05
4.8790912652818191e-01 3.0164115732979291e-01 1.1757194653553091e+01 1.1608144358997752e-05
4.8790912652818191e-01 3.1169586257411946e-01 1.1737993128271469e+01 1.1902102986027814e-05
4.8790912652818191e-01 3.2175056781844580e-01 1.1719920046191270e+01 1.2203166583482743e-05
4.8790912652818191e-01 3.3180527306277235e-01 1.1702955176790365e+01 1.2510270360219960e-05
4.8790912652818191e-01 3.4185997830709869e-01 1.1687078927565556e+01 1.2822159257963628e-05
4.8790912652818191e-01 3.5191468355142524e-01 1.1672272444155309e+01 1.3137374526061856e-05
4.8790912652818191e-01 3.6196938879575158e-01 1.1658517677312670e+01 1.3454241858011795e-05
4.8790912652818191e-01 3.7202409404007797e-01 1.1645797424064353e+01 1.3770861114779401e-05
4.8790912652818191e-01 3.8207879928440447e-01 1.1634095348748552e+01 1.4085097269490503e-05
4.8790912652818191e-01 3.9213350452873086e-01 1.1623395988379373e+01 1.4394571676821250e-05
4.8790912652818191e-01 4.0218820977305736e-01 1.1613684745911726e+01 1.4696652153069631e-05
4.8790912652818191e-01 4.1224291501738375e-01 1.1604947874523665e+01 1.4988439819817882e-05
4.8790912652818191e-01 4.2229762026171014e-01 1.1597172456164392e+01 1.5266750607777376e-05
4.8790912652818191e-01 4.3235232550603664e-01 1.1590346378723112e+01 1.5528090534136914e-05
4.8790912652818191e-01 4.4240703075036303e-01 1.1584458318915697e+01 1.5768627536498486e-05
4.8790912652818191e-01 4.5246173599468953e-01 1.1579497728955578e+01 1.5984108581007349e-05
4.8790912652818191e-01 4.6251644123901592e-01 1.1575453618037328e+01 1.6164458319340260e-05
4.8790912652818191e-01 4.7257114648334225e-01 1.1572279805046051e+01 1.6144034676872617e-05
4.8790912652818191e-01 4.8262585172766881e-01 1.1569793623583919e+01 1.5187363475492706e-05
4.8790912652818191e-01 4.9268055697199514e-01 1.1568331434811082e+01 1.5296365449987221e-05
4.8790912652818191e-01 5.0273526221632159e-01 1.1567916165000728e+01 1.5888920915801707e-05
5.0597983491811471e-01 -5.0273526221632159e-01 1.1514817498142120e+01 1.7227492870378048e-05
5.0597983491811471e-01 -4.9268055697199509e-01 1.1515190640586486e+01 1.6668847873090883e-05
5.0597983491811471e-01 -4.8262585172766864e-01 1.1516540153258640e+01 1.6582090649224277e-05
5.0597983491811471e-01 -4.7257114648334225e-01 1.1518854016268360e+01 1.7500113565818728e-05
5.0597983491811471e-01 -4.6251644123901581e-01 1.1521783845452287e+01 1.7499556382122408e-05
5.0597983491811471e-01 -4.5246173599468936e-01 1.1525511957253617e+01 1.7299108363729233e-05
5.0597983491811471e-01 -4.4240703075036292e-01 1.1530083357208964e+01 1.7061062765695383e-05
5.0597983491811471e-01 -4.3235232550603647e-01 1.1535507324684048e+01 1.6796088362632684e-05
5.0597983491811471e-01 -4.2229762026171014e-01 1.1541792390283787e+01 1.6509109280406228e-05
5.0597983491811471e-01 -4.1224291501738369e-01 1.1548947552990954e+01 1.6204546849579277e-05
5.0597983491811471e-01 -4.0218820977305725e-01 1.1556982278812541e+01 1.5886392229381681e-05
5.0597983491811471e-01 -3.9213350452873080e-01 1.1565906499276872e+01 1.5558234465131639e-05
5.0597983491811471e-01 -3.8207879928440436e-01 1.1575730612244227e+01 1.5223290641525097e-05
5.0597983491811471e-01 -3.7202409404007797e-01 1.1586465478130203e+01 1.4884433067580437e-05
5.0597983491811471e-01 -3.6196938879575147e-01 1.1598122407246956e+01 1.4544212711492744e-05
5.0597983491811471e-01 -3.5191468355142508e-01 1.1610713135001124e+01 1.4204879812815475e-05
5.0597983491811471e-01 -3.4185997830709863e-01 1.1624249781794147e+01 1.3868402934736214e-05
5.0597983491811471e-01 -3.3180527306277219e-01 1.1638744794030821e+01 1.3536487489544511e-05
5.0597983491811471e-01 -3.2175056781844580e-01 1.1654210861831682e+01 1.3210594379285688e-05
5.0597983491811471e-01 -3.1169586257411935e-01 1.1670660807921713e+01 1.2891959023279272e-05
5.0597983491811471e-01 -3.0164115732979291e-01 1.1688107440721950e+01 1.2581610762142708e-05
5.0597983491811471e-01 -2.9158645208546646e-01 1.1706563362852206e+01 1.2280392445887368e-05
5.0597983491811471e-01 -2.8153174684114002e-01 1.1726040723977933e+01 1.1988979919400595e-05
5.0597983491811471e-01 -2.7147704159681363e-01 1.1746550904094548e+01 1.1707901091219261e-05
5.0597983491811471e-01 -2.6142233635248718e-01 1.1768104109805284e+01 1.1437554289737963e-05
5.0597983491811471e-01 -2.5136763110816074e-01 1.1790708861753338e+01 1.1178225656580243e-05
5.0597983491811471e-01 -2.4131292586383432e-01 1.1814371345938543e+01 1.0930105385484187e-05
5.0597983491811471e-01 -2.3125822061950788e-01 1.1839094594990366e+01 1.0693302676898940e-05
5.0597983491811471e-01 -2.2120351537518143e-01 1.1864877457402464e+01 1.0467859336235994e-05
5.0597983491811471e-01 -2.1114881013085501e-01 1.1891713303127100e+01 1.0253761994797504e-05
5.0597983491811471e-01 -2.0109410488652857e-01 1.1919588402777554e+01 1.0050952973564531e-05
5.0597983491811471e-01 -1.9103939964220218e-01 1.1948479905246803e+01 9.8593398423497502e-06
5.0597983491811471e-01 -1.8098469439787573e-01 1.1978353325549705e+01 9.6788037498389789e-06
5.0597983491811471e-01 -1.7092998915354929e-01 1.2009159442693633e+01 9.5092066154887866e-06
5.0597983491811471e-01 -1.6087528390922284e-01 1.2040830499299741e+01 9.3503972829801192e-06
5.0597983491811471e-01 -1.5082057866489645e-01 1.2073275595620087e+01 9.2022167385222722e-06
5.0597983491811471e-01 -1.4076587342057001e-01 1.2106375188844956e+01 9.0645024968305750e-06
5.0597983491811471e-01 -1.3071116817624356e-01 1.2139974657059774e+01 8.9370922542657308e-06
5.0597983491811471e-01 -1.2065646293191713e-01 1.2173876984626242e+01 8.8198269031814748e-06
5.0597983491811471e-01 -1.1060175768759069e-01 1.2207834797158903e+01 8.7125529949307433e-06
5.0597983491811471e-01 -1.0054705244326431e-01 1.2241542248910958e+01 8.6151247315120889e-06
5.0597983491811471e-01 -9.0492347198937867e-02 1.2274627668954491e+01 8.5274055582659708e-06
5.0597983491811471e-01 -8.0437641954611422e-02 1.2306648408688016e+01 8.4492694221574371e-06
5.0597983491811471e-01 -7.0382936710284977e-02 1.2337089948633256e+01 8.3806017528922622e-06
5.0597983491811471e-01 -6.0328231465958525e-02 1.2365371854740005e+01 8.3213002170530290e-06
5.0597983491811471e-01 -5.0273526221632080e-02 1.2390863302469965e+01 8.2712752883956381e-06
5.0597983491811471e-01 -4.0218820977305711e-02 1.2412910159129282e+01 8.2304506715108105e-06
5.0597983491811471e-01 -3.0164115732979262e-02 1.2430873697598914e+01 8.1987636099945706e-06
5.0597983491811471e-01 -2.0109410488652817e-02 1.2444178192951217e+01 8.1761651047969278e-06
5.0597983491811471e-01 -1.0054705244326374e-02 1.2452361982520442e+01 8.1626200632786264e-06
5.0597983491811471e-01 7.1065644079062674e-17 1.2455124720546142e+01 8.1581073947289288e-06
5.0597983491811471e-01 1.0054705244326445e-02 1.2452361982520452e+01 8.1626200632738136e-06
5.0597983491811471e-01 2.0109410488652890e-02 1.2444178192951220e+01 8.1761651047933940e-06
5.0597983491811471e-01 3.0164115732979335e-02 1.2430873697598900e+01 8.1987636099962342e-06
5.0597983491811471e-01 4.0218820977305780e-02 1.2412910159129289e+01 8.2304506715130518e-06
5.0597983491811471e-01 5.0273526221632225e-02 1.2390863302469969e+01 8.2712752883929852e-06
5.0597983491811471e-01 6.0328231465958670e-02 1.2365371854740005e+01 8.3213002170524276e-06
5.0597983491811471e-01 7.0382936710285046e-02 1.2337089948633247e+01 8.3806017528875307e-06
5.0597983491811471e-01 8.0437641954611491e-02 1.2306648408688012e+01 8.4492694221546030e-06
5.0597983491811471e-01 9.0492347198937936e-02 1.2274627668954494e+01 8.5274055582678817e-06
5.0597983491811471e-01 1.0054705244326438e-01 1.2241542248910960e+01 8.6151247315095563e-06
5.0597983491811471e-01 1.1060175768759083e-01 1.2207834797158913e+01 8.7125529949211396e-06
5.0597983491811471e-01 1.2065646293191720e-01 1.2173876984626233e+01 8.8198269031809141e-06
5.0597983491811471e-01 1.3071116817624365e-01 1.2139974657059772e+01 8.9370922542689715e-06
5.0597983491811471e-01 1.4076587342057009e-01 1.2106375188844950e+01 9.0645024968318558e-06
5.0597983491811471e-01 1.5082057866489645e-01 1.2073275595620084e+01 9.2022167385230277e-06
5.0597983491811471e-01 1.6087528390922298e-01 1.2040830499299734e+01 9.3503972829809933e-06
5.0597983491811471e-01 1.7092998915354934e-01 1.2009159442693631e+01 9.5092066154875076e-06
5.0597983491811471e-01 1.8098469439787587e-01 1.1978353325549698e+01 9.6788037498400868e-06
5.0597983491811471e-01 1.9103939964220223e-01 1.1948479905246788e+01 9.8593398423495469e-06
5.0597983491811471e-01 2.0109410488652862e-01 1.1919588402777551e+01 1.0050952973564556e-05
5.0597983491811471e-01 2.1114881013085512e-01 1.1891713303127103e+01 1.0253761994795463e-05
5.0597983491811471e-01 2.2120351537518151e-01 1.1864877457402468e+01 1.0467859336232977e-05
5.0597983491811471e-01 2.3125822061950801e-01 1.1839094594990362e+01 1.0693302676899021e-05
5.0597983491811471e-01 2.4131292586383440e-01 1.1814371345938543e+01 1.0930105385488036e-05
5.0597983491811471e-01 2.5136763110816079e-01 1.1790708861753355e+01 1.1178225656577317e-05
5.0597983491811471e-01 2.6142233635248729e-01 1.1768104109805286e+01 1.1437554289738793e-05
5.0597983491811471e-01 2.7147704159681368e-01 1.1746550904094548e+01 1.1707901091217039e-05
5.0597983491811471e-01 2.8153174684114018e-01 1.1726040723977938e+01 1.1988979919399609e-05
5.0597983491811471e-01 2.9158645208546657e-01 1.1706563362852210e+01 1.2280392445886969e-05
5.0597983491811471e-01 3.0164115732979291e-01 1.1688107440721941e+01 1.2581610762142745e-05
5.0597983491811471e-01 3.1169586257411946e-01 1.1670660807921715e+01 1.2891959023281855e-05
5.0597983491811471e-01 3.2175056781844580e-01 1.1654210861831674e+01 1.3210594379285581e-05
5.0597983491811471e-01 3.3180527306277235e-01 1.1638744794030806e+01 1.3536487489548592e-05
5.0597983491811471e-01 3.4185997830709869e-01 1.1624249781794157e+01 1.3868402934735018e-05
5.0597983491811471e-01 3.5191468355142524e-01 1.1610713135001154e+01 1.4204879812816575e-05
5.0597983491811471e-01 3.6196938879575158e-01 1.1598122407246951e+01 1.4544212711491877e-05
5.0597983491811471e-01 3.7202409404007797e-01 1.1586465478130210e+01 1.4884433067577006e-05
5.0597983491811471e-01 3.8207879928440447e-01 1.1575730612244220e+01 1.5223290641525537e-05
5.0597983491811471e-01 3.9213350452873086e-01 1.1565906499276883e+01 1.5558234465132032e-05
5.0597983491811471e-01 4.0218820977305736e-01 1.1556982278812541e+01 1.5886392229386702e-05
5.0597983491811471e-01 4.1224291501738375e-01 1.1548947552990960e+01 1.6204546849576587e-05
5.0597983491811471e-01 4.2229762026171014e-01 1.1541792390283785e+01 1.6509109280406282e-05
5.0597983491811471e-01 4.3235232550603664e-01 1.1535507324684049e+01 1.6796088362633233e-05
5.0597983491811471e-01 4.4240703075036303e-01 1.1530083357208946e+01 1.7061062765695403e-05
5.0597983491811471e-01 4.5246173599468953e-01 1.1525511957253617e+01 1.7299108363728182e-05
5.0597983491811471e-01 4.6251644123901592e-01 1.1521783845452291e+01 1.7499556382120615e-05
5.0597983491811471e-01 4.7257114648334225e-01 1.1518854016268349e+01 1.7500113565820778e-05
5.0597983491811471e-01 4.8262585172766881e-01 1.1516540153258644e+01 1.6582090649223667e-05
5.0597983491811471e-01 4.9268055697199514e-01 1.1515190640586480e+01 1.6668847873089677e-05
5.0597983491811471e-01 5.0273526221632159e-01 1.1514817498142120e+01 1.7227492870377472e-05
5.2405054330804735e-01 -5.0273526221632159e-01 1.1459840140401976e+01 1.8593984555663237e-05
5.2405054330804735e-01 -4.9268055697199509e-01 1.1460170782203990e+01 1.8056186861151458e-05
5.2405054330804735e-01 -4.8262585172766864e-01 1.1461406208966700e+01 1.7969015923892918e-05
5.2405054330804735e-01 -4.7257114648334225e-01 1.1463547034125455e+01 1.8840225859746046e-05
5.2405054330804735e-01 -4.6251644123901581e-01 1.1466234724253654e+01 1.8819881950941068e-05
5.2405054330804735e-01 -4.5246173599468936e-01 1.1469649866795816e+01 1.8602534545783335e-05
5.2405054330804735e-01 -4.4240703075036292e-01 1.1473836143653243e+01 1.8345616802584852e-05
5.2405054330804735e-01 -4.3235232550603647e-01 1.1478801311080183e+01 1.8060219541532987e-05
5.2405054330804735e-01 -4.2229762026171014e-01 1.1484552115530992e+01 1.7751819255710418e-05
5.2405054330804735e-01 -4.1224291501738369e-01 1.1491095501911275e+01 1.7425319694890203e-05
5.2405054330804735e-01 -4.0218820977305725e-01 1.1498438601711502e+01 1.7085116986090167e-05
5.2405054330804735e-01 -3.9213350452873080e-01 1.1506588718238241e+01 1.6735128928451033e-05
5.2405054330804735e-01 -3.8207879928440436e-01 1.1515553311777937e+01 1.6378830467940873e-05
5.2405054330804735e-01 -3.7202409404007797e-01 1.1525339978037845e+01 1.6019288492261672e-05
5.2405054330804735e-01 -3.6196938879575147e-01 1.1535956415743769e+01 1.5659193905878835e-05
5.2405054330804735e-01 -3.5191468355142508e-01 1.1547410380294320e+01 1.5300891046715974e-05
5.2405054330804735e-01 -3.4185997830709863e-01 1.1559709620507508e+01 1.4946405138711747e-05
5.2405054330804735e-01 -3.3180527306277219e-01 1.1572861795129912e+01 1.4597468468939321e-05
5.2405054330804735e-01 -3.2175056781844580e-01 1.1586874365091687e+01 1.4255545753310734e-05
5.2405054330804735e-01 -3.1169586257411935e-01 1.1601754456555220e+01 1.3921858903300297e-05
5.2405054330804735e-01 -3.0164115732979291e-01 1.1617508688629206e+01 1.3597411204224299e-05
5.2405054330804735e-01 -2.9158645208546646e-01 1.1634142958183117e+01 1.3283010783851554e-05
5.2405054330804735e-01 -2.8153174684114002e-01 1.1651662172454776e+01 1.2979293183273060e-05
5.2405054330804735e-01 -2.7147704159681363e-01 1.1670069918040134e+01 1.2686742825822537e-05
5.2405054330804735e-01 -2.6142233635248718e-01 1.1689368052330043e+01 1.2405713197956402e-05
5.2405054330804735e-01 -2.5136763110816074e-01 1.1709556200447611e+01 1.2136445595151135e-05
5.2405054330804735e-01 -2.4131292586383432e-01 1.1730631137192553e+01 1.1879086333643365e-05
5.2405054330804735e-01 -2.3125822061950788e-01 1.1752586029386530e+01 1.1633702378307722e-05
5.2405054330804735e-01 -2.2120351537518143e-01 1.1775409509366408e+01 1.1400295382535466e-05
5.2405054330804735e-01 -2.1114881013085501e-01 1.1799084545317900e+01 1.1178814174804880e-05
5.2405054330804735e-01 -2.0109410488652857e-01 1.1823587068982036e+01 1.0969165757411938e-05
5.2405054330804735e-01 -1.9103939964220218e-01 1.1848884316585510e+01 1.0771224905844547e-05
5.2405054330804735e-01 -1.8098469439787573e-01 1.1874932835672828e+01 1.0584842472403243e-05
5.2405054330804735e-01 -1.7092998915354929e-01 1.1901676110561372e+01 1.0409852506780487e-05
5.2405054330804735e-01 -1.6087528390922284e-01 1.1929041765082861e+01 1.0246078309635274e-05
5.2405054330804735e-01 -1.5082057866489645e-01 1.1956938317130783e+01 1.0093337534806679e-05
5.2405054330804735e-01 -1.4076587342057001e-01 1.1985251490946867e+01 9.9514464518704849e-06
5.2405054330804735e-01 -1.3071116817624356e-01 1.2013840147330811e+01 9.8202234749557655e-06
5.2405054330804735e-01 -1.2065646293191713e-01 1.2042531977074839e+01 9.6994920563875244e-06
5.2405054330804735e-01 -1.1060175768759069e-01 1.2071119224724161e+01 9.5890830353944808e-06
5.2405054330804735e-01 -1.0054705244326431e-01 1.2099354864549824e+01 9.4888365239651959e-06
5.2405054330804735e-01 -9.0492347198937867e-02 1.2126949809837773e+01 9.3986034030464503e-06
5.2405054330804735e-01 -8.0437641954611422e-02 1.2153571818951065e+01 9.3182464943532910e-06
5.2405054330804735e-01 -7.0382936710284977e-02 1.2178846593759033e+01 9.2476414649963613e-06
5.2405054330804735e-01 -6.0328231465958525e-02 1.2202360865989991e+01 9.1866775147747040e-06
5.2405054330804735e-01 -5.0273526221632080e-02 1.2223665803651691e+01 9.1352578892343626e-06
5.2405054330804735e-01 -4.0218820977305711e-02 1.2242277427339662e+01 9.0933002549176045e-06
5.2405054330804735e-01 -3.0164115732979262e-02 1.2257672192229803e+01 9.0607369676262863e-06
5.2405054330804735e-01 -2.0109410488652817e-02 1.2269287596723460e+01 9.0375152588678551e-06
5.2405054330804735e-01 -1.0054705244326374e-02 1.2276561062428744e+01 9.0235973606433131e-06
5.2405054330804735e-01 7.1065644079062674e-17 1.2279044165728710e+01 9.0189605837556544e-06
5.2405054330804735e-01 1.0054705244326445e-02 1.2276561062428755e+01 9.0235973606448750e-06
5.2405054330804735e-01 2.0109410488652890e-02 1.2269287596723462e+01 9.0375152588720022e-06
5.2405054330804735e-01 3.0164115732979335e-02 1.2257672192229810e+01 9.0607369676246159e-06
5.2405054330804735e-01 4.0218820977305780e-02 1.2242277427339660e+01 9.0933002549220903e-06
5.2405054330804735e-01 5.0273526221632225e-02 1.2223665803651681e+01 9.1352578892394804e-06
5.2405054330804735e-01 6.0328231465958670e-02 1.2202360865989986e+01 9.1866775147773281e-06
5.2405054330804735e-01 7.0382936710285046e-02 1.2178846593759038e+01 9.2476414649945893e-06
5.2405054330804735e-01 8.0437641954611491e-02 1.2153571818951070e+01 9.3182464943555339e-06
5.2405054330804735e-01 9.0492347198937936e-02 1.2126949809837761e+01 9.3986034030498791e-06
5.2405054330804735e-01 1.0054705244326438e-01 1.2099354864549822e+01 9.4888365239656380e-06
5.2405054330804735e-01 1.1060175768759083e-01 1.2071119224724155e+01 9.5890830353933949e-06
5.2405054330804735e-01 1.2065646293191720e-01 1.2042531977074827e+01 9.6994920563836992e-06
5.2405054330804735e-01 1.3071116817624365e-01 1.2013840147330805e+01 9.8202234749566295e-06
5.2405054330804735e-01 1.4076587342057009e-01 1.1985251490946869e+01 9.9514464518659753e-06
5.2405054330804735e-01 1.5082057866489645e-01 1.1956938317130783e+01 1.0093337534810155e-05
5.2405054330804735e-01 1.6087528390922298e-01 1.1929041765082859e+01 1.0246078309637996e-05
5.2405054330804735e-01 1.7092998915354934e-01 1.1901676110561356e+01 1.0409852506777580e-05
5.2405054330804735e-01 1.8098469439787587e-01 1.1874932835672839e+01 1.0584842472399157e-05
5.2405054330804735e-01 1.9103939964220223e-01 1.1848884316585503e+01 1.0771224905843131e-05
5.2405054330804735e-01 2.0109410488652862e-01 1.1823587068982023e+01 1.0969165757409822e-05
5.2405054330804735e-01 2.1114881013085512e-01 1.1799084545317880e+01 1.1178814174802200e-05
5.2405054330804735e-01 2.2120351537518151e-01 1.1775409509366424e+01 1.1400295382534436e-05
5.2405054330804735e-01 2.3125822061950801e-01 1.1752586029386537e+01 1.1633702378305969e-05
5.2405054330804735e-01 2.4131292586383440e-01 1.1730631137192542e+01 1.1879086333642977e-05
5.2405054330804735e-01 2.5136763110816079e-01 1.1709556200447597e+01 1.2136445595154881e-05
5.2405054330804735e-01 2.6142233635248729e-01 1.1689368052330044e+01 1.2405713197955357e-05
5.2405054330804735e-01 2.7147704159681368e-01 1.1670069918040150e+01 1.2686742825823210e-05
5.2405054330804735e-01 2.8153174684114018e-01 1.1651662172454774e+01 1.2979293183272492e-05
5.2405054330804735e-01 2.9158645208546657e-01 1.1634142958183123e+01 1.3283010783845311e-05
5.2405054330804735e-01 3.0164115732979291e-01 1.1617508688629197e+01 1.3597411204227585e-05
5.2405054330804735e-01 3.1169586257411946e-01 1.1601754456555241e+01 1.3921858903303975e-05
5.2405054330804735e-01 3.2175056781844580e-01 1.1586874365091692e+01 1.4255545753310314e-05
5.2405054330804735e-01 3.3180527306277235e-01 1.1572861795129919e+01 1.4597468468933973e-05
5.2405054330804735e-01 3.4185997830709869e-01 1.1559709620507517e+01 1.4946405138714027e-05
5.2405054330804735e-01 3.5191468355142524e-01 1.1547410380294320e+01 1.5300891046717875e-05
5.2405054330804735e-01 3.6196938879575158e-01 1.1535956415743765e+01 1.5659193905877293e-05
5.2405054330804735e-01 3.7202409404007797e-01 1.1525339978037858e+01 1.6019288492262730e-05
5.2405054330804735e-01 3.8207879928440447e-01 1.1515553311777946e+01 1.6378830467940115e-05
5.2405054330804735e-01 3.9213350452873086e-01 1.1506588718238238e+01 1.6735128928449176e-05
5.2405054330804735e-01 4.0218820977305736e-01 1.1498438601711525e+01 1.7085116986089598e-05
5.2405054330804735e-01 4.1224291501738375e-01 1.1491095501911277e+01 1.7425319694890738e-05
5.2405054330804735e-01 4.2229762026171014e-01 1.1484552115530992e+01 1.7751819255712017e-05
5.2405054330804735e-01 4.3235232550603664e-01 1.1478801311080186e+01 1.8060219541531998e-05
5.2405054330804735e-01 4.4240703075036303e-01 1.1473836143653246e+01 1.8345616802586902e-05
5.2405054330804735e-01 4.5246173599468953e-01 1.1469649866795818e+01 1.8602534545782539e-05
5.2405054330804735e-01 4.6251644123901592e-01 1.1466234724253640e+01 1.8819881950943077e-05
5.2405054330804735e-01 4.7257114648334225e-01 1.1463547034125453e+01 1.8840225859746717e-05
5.2405054330804735e-01 4.8262585172766881e-01 1.1461406208966693e+01 1.7969015923894910e-05
5.2405054330804735e-01 4.9268055697199514e-01 1.1460170782203978e+01 1.8056186861149605e-05
5.2405054330804735e-01 5.0273526221632159e-01 1.1459840140401976e+01 1.8593984555663681e-05
5.4212125169797987e-01 -5.0273526221632159e-01 1.1403598982570367e+01 1.9980045587795703e-05
5.4212125169797987e-01 -4.9268055697199509e-01 1.1403887221706622e+01 1.9451763845171377e-05
5.4212125169797987e-01 -4.8262585172766864e-01 1.1405008774057739e+01 1.9344831003073418e-05
5.4212125169797987e-01 -4.7257114648334225e-01 1.1406978601548230e+01 2.0162679853523722e-05
5.4212125169797987e-01 -4.6251644123901581e-01 1.1409429577586300e+01 2.0123790496038741e-05
5.4212125169797987e-01 -4.5246173599468936e-01 1.1412539338601080e+01 1.9892512881928186e-05
5.4212125169797987e-01 -4.4240703075036292e-01 1.1416350130370898e+01 1.9620183333117610e-05
5.4212125169797987e-01 -4.3235232550603647e-01 1.1420868378699947e+01 1.9318171454102530e-05
5.4212125169797987e-01 -4.2229762026171014e-01 1.1426099283417495e+01 1.8992402249724514e-05
5.4212125169797987e-01 -4.1224291501738369e-01 1.1432048011080264e+01 1.8648164704643436e-05
5.4212125169797987e-01 -4.0218820977305725e-01 1.1438719676333205e+01 1.8290172591634655e-05
5.4212125169797987e-01 -3.9213350452873080e-01 1.1446119318648499e+01 1.7922597078139960e-05
5.4212125169797987e-01 -3.8207879928440436e-01 1.1454251877511819e+01 1.7549108315136243e-05
5.4212125169797987e-01 -3.7202409404007797e-01 1.1463122159683502e+01 1.7172917679185708e-05
5.4212125169797987e-01 -3.6196938879575147e-01 1.1472734794678752e+01 1.6796817678342305e-05
5.4212125169797987e-01 -3.5191468355142508e-01 1.1483094175658971e+01 1.6423218976296567e-05
5.4212125169797987e-01 -3.4185997830709863e-01 1.1494204383131120e+01 1.6054184859338126e-05
5.4212125169797987e-01 -3.3180527306277219e-01 1.1506069088598123e+01 1.5691463633712540e-05
5.4212125169797987e-01 -3.2175056781844580e-01 1.1518691434778178e+01 1.5336519335147833e-05
5.4212125169797987e-01 -3.1169586257411935e-01 1.1532073888300092e+01 1.4990560962165320e-05
5.4212125169797987e-01 -3.0164115732979291e-01 1.1546218059914191e+01 1.4654570295989085e-05
5.4212125169797987e-01 -2.9158645208546646e-01 1.1561124486237954e+01 1.4329328268655993e-05
5.4212125169797987e-01 -2.8153174684114002e-01 1.1576792365874212e+01 1.4015439789019682e-05
5.4212125169797987e-01 -2.7147704159681363e-01 1.1593219241388278e+01 1.3713356923169698e-05
5.4212125169797987e-01 -2.6142233635248718e-01 1.1610400617109022e+01 1.3423400340004174e-05
5.4212125169797987e-01 -2.5136763110816074e-01 1.1628329501044931e+01 1.3145778962680548e-05
5.4212125169797987e-01 -2.4131292586383432e-01 1.1646995857429209e+01 1.2880607803681492e-05
5.4212125169797987e-01 -2.3125822061950788e-01 1.1666385954637283e+01 1.2627923998979275e-05
5.4212125169797987e-01 -2.2120351537518143e-01 1.1686481591647626e+01 1.2387701090904873e-05
5.4212125169797987e-01 -2.1114881013085501e-01 1.1707259185180428e+01 1.2159861637897638e-05
5.4212125169797987e-01 -2.0109410488652857e-01 1.1728688699694084e+01 1.1944288250982822e-05
5.4212125169797987e-01 -1.9103939964220218e-01 1.1750732404417306e+01 1.1740833172078678e-05
5.4212125169797987e-01 -1.8098469439787573e-01 1.1773343446879432e+01 1.1549326517995368e-05
5.4212125169797987e-01 -1.7092998915354929e-01 1.1796464242976876e+01 1.1369583317970668e-05
5.4212125169797987e-01 -1.6087528390922284e-01 1.1820024702392972e+01 1.1201409471776976e-05
5.4212125169797987e-01 -1.5082057866489645e-01 1.1843940339246364e+01 1.1044606751897592e-05
5.4212125169797987e-01 -1.4076587342057001e-01 1.1868110366575628e+01 1.0898976966876257e-05
5.4212125169797987e-01 -1.3071116817624356e-01 1.1892415946138955e+01 1.0764325395335597e-05
5.4212125169797987e-01 -1.2065646293191713e-01 1.1916718868142045e+01 1.0640463591380982e-05
5.4212125169797987e-01 -1.1060175768759069e-01 1.1940861070238123e+01 1.0527211653015326e-05
5.4212125169797987e-01 -1.0054705244326431e-01 1.1964665555854911e+01 1.0424400036048284e-05
5.4212125169797987e-01 -9.0492347198937867e-02 1.1987939374522378e+01 1.0331870986786873e-05
5.4212125169797987e-01 -8.0437641954611422e-02 1.2010479189865803e+01 1.0249479658579485e-05
5.4212125169797987e-01 -7.0382936710284977e-02 1.2032079076692495e+01 1.0177094968891462e-05
5.4212125169797987e-01 -6.0328231465958525e-02 1.2052537336939634e+01 1.0114600246255962e-05
5.4212125169797987e-01 -5.0273526221632080e-02 1.2071651827676865e+01 1.0061893709456809e-05
5.4212125169797987e-01 -4.0218820977305711e-02 1.2089178561383237e+01 1.0018888814982893e-05
5.4212125169797987e-01 -3.0164115732979262e-02 1.2104711612410505e+01 9.9855145026731877e-06
5.4212125169797987e-01 -2.0109410488652817e-02 1.2117468928423607e+01 9.9617153646756300e-06
5.4212125169797987e-01 -1.0054705244326374e-02 1.2126145288106255e+01 9.9474517568253666e-06
5.4212125169797987e-01 7.1065644079062674e-17 1.2129264429773473e+01 9.9426998678601841e-06
5.4212125169797987e-01 1.0054705244326445e-02 1.2126145288106247e+01 9.9474517568580045e-06
5.4212125169797987e-01 2.0109410488652890e-02 1.2117468928423605e+01 9.9617153646774782e-06
5.4212125169797987e-01 3.0164115732979335e-02 1.2104711612410505e+01 9.9855145026714733e-06
5.4212125169797987e-01 4.0218820977305780e-02 1.2089178561383228e+01 1.0018888814975881e-05
5.4212125169797987e-01 5.0273526221632225e-02 1.2071651827676867e+01 1.0061893709463618e-05
5.4212125169797987e-01 6.0328231465958670e-02 1.2052537336939620e+01 1.0114600246254843e-05
5.4212125169797987e-01 7.0382936710285046e-02 1.2032079076692504e+01 1.0177094968897149e-05
5.4212125169797987e-01 8.0437641954611491e-02 1.2010479189865809e+01 1.0249479658579348e-05
5.4212125169797987e-01 9.0492347198937936e-02 1.1987939374522361e+01 1.0331870986782707e-05
5.4212125169797987e-01 1.0054705244326438e-01 1.1964665555854912e+01 1.0424400036048810e-05
5.4212125169797987e-01 1.1060175768759083e-01 1.1940861070238121e+01 1.0527211653019920e-05
5.4212125169797987e-01 1.2065646293191720e-01 1.1916718868142045e+01 1.0640463591380844e-05
5.4212125169797987e-01 1.3071116817624365e-01 1.1892415946138939e+01 1.0764325395343954e-05
5.4212125169797987e-01 1.4076587342057009e-01 1.1868110366575621e+01 1.0898976966878739e-05
5.4212125169797987e-01 1.5082057866489645e-01 1.1843940339246380e+01 1.1044606751895495e-05
5.4212125169797987e-01 1.6087528390922298e-01 1.1820024702392979e+01 1.1201409471773051e-05
5.4212125169797987e-01 1.7092998915354934e-01 1.1796464242976871e+01 1.1369583317972139e-05
5.4212125169797987e-01 1.8098469439787587e-01 1.1773343446879434e+01 1.1549326517997404e-05
5.4212125169797987e-01 1.9103939964220223e-01 1.1750732404417301e+01 1.1740833172078722e-05
5.4212125169797987e-01 2.0109410488652862e-01 1.1728688699694079e+01 1.1944288250983149e-05
5.4212125169797987e-01 2.1114881013085512e-01 1.1707259185180433e+01 1.2159861637892498e-05
5.4212125169797987e-01 2.2120351537518151e-01 1.1686481591647615e+01 1.2387701090902777e-05
5.4212125169797987e-01 2.3125822061950801e-01 1.1666385954637285e+01 1.2627923998976698e-05
5.4212125169797987e-01 2.4131292586383440e-01 1.1646995857429213e+01 1.2880607803681575e-05
5.4212125169797987e-01 2.5136763110816079e-01 1.1628329501044931e+01 1.3145778962681390e-05
5.4212125169797987e-01 2.6142233635248729e-01 1.1610400617109025e+01 1.3423400340005031e-05
5.4212125169797987e-01 2.7147704159681368e-01 1.1593219241388258e+01 1.3713356923170760e-05
5.4212125169797987e-01 2.8153174684114018e-01 1.1576792365874210e+01 1.4015439789020848e-05
5.4212125169797987e-01 2.9158645208546657e-01 1.1561124486237940e+01 1.4329328268654685e-05
5.4212125169797987e-01 3.0164115732979291e-01 1.1546218059914175e+01 1.4654570295990927e-05
5.4212125169797987e-01 3.1169586257411946e-01 1.1532073888300083e+01 1.4990560962165376e-05
5.4212125169797987e-01 3.2175056781844580e-01 1.1518691434778168e+01 1.5336519335145543e-05
5.4212125169797987e-01 3.3180527306277235e-01 1.1506069088598126e+01 1.5691463633715129e-05
5.4212125169797987e-01 3.4185997830709869e-01 1.1494204383131127e+01 1.6054184859335839e-05
5.4212125169797987e-01 3.5191468355142524e-01 1.1483094175658975e+01 1.6423218976296885e-05
5.4212125169797987e-01 3.6196938879575158e-01 1.1472734794678763e+01 1.6796817678340784e-05
5.4212125169797987e-01 3.7202409404007797e-01 1.1463122159683504e+01 1.7172917679185176e-05
5.4212125169797987e-01 3.8207879928440447e-01 1.1454251877511822e+01 1.7549108315137025e-05
5.4212125169797987e-01 3.9213350452873086e-01 1.1446119318648478e+01 1.7922597078142471e-05
5.4212125169797987e-01 4.0218820977305736e-01 1.1438719676333214e+01 1.8290172591632747e-05
5.4212125169797987e-01 4.1224291501738375e-01 1.1432048011080262e+01 1.8648164704644087e-05
5.4212125169797987e-01 4.2229762026171014e-01 1.1426099283417496e+01 1.8992402249724608e-05
5.4212125169797987e-01 4.3235232550603664e-01 1.1420868378699929e+01 1.9318171454101009e-05
5.4212125169797987e-01 4.4240703075036303e-01 1.1416350130370914e+01 1.9620183333117691e-05
5.4212125169797987e-01 4.5246173599468953e-01 1.1412539338601075e+01 1.9892512881925818e-05
5.4212125169797987e-01 4.6251644123901592e-01 1.1409429577586309e+01 2.0123790496038975e-05
5.4212125169797987e-01 4.7257114648334225e-01 1.1406978601548230e+01 2.0162679853523349e-05
5.4212125169797987e-01 4.8262585172766881e-01 1.1405008774057745e+01 1.9344831003071883e-05
5.4212125169797987e-01 4.9268055697199514e-01 1.1403887221706615e+01 1.9451763845171285e-05
5.4212125169797987e-01 5.0273526221632159e-01 1.1403598982570367e+01 1.9980045587794998e-05
5.6019196008791261e-01 -5.0273526221632159e-01 1.1346679548993881e+01 2.1380457518707502e-05
5.6019196008791261e-01 -4.9268055697199509e-01 1.1346925891946311e+01 2.0852059241571409e-05
5.6019196008791261e-01 -4.8262585172766864e-01 1.1347935187492988e+01 2.0709614232688906e-05
5.6019196008791261e-01 -4.7257114648334225e-01 1.1349738350611132e+01 2.1469686874637070e-05
5.6019196008791261e-01 -4.6251644123901581e-01 1.1351960855675923e+01 2.1413631801432979e-05
5.6019196008791261e-01 -4.5246173599468936e-01 1.1354776377251596e+01 2.1171165847583857e-05
5.6019196008791261e-01 -4.4240703075036292e-01 1.1358225654131351e+01 2.0886632739834194e-05
5.6019196008791261e-01 -4.3235232550603647e-01 1.1362313971680969e+01 2.0571563606191109e-05
5.6019196008791261e-01 -4.2229762026171014e-01 1.1367045216241175e+01 2.0232240840991365e-05
5.6019196008791261e-01 -4.1224291501738369e-01 1.1372423046845809e+01 1.9874251269301948e-05
5.6019196008791261e-01 -4.0218820977305725e-01 1.1378450873095311e+01 1.9502545860709641e-05
5.6019196008791261e-01 -3.9213350452873080e-01 1.1385131827556643e+01 1.9121477917636179e-05
5.6019196008791261e-01 -3.8207879928440436e-01 1.1392468735873479e+01 1.8734851943107814e-05
5.6019196008791261e-01 -3.7202409404007797e-01 1.1400464078521194e+01 1.8345973618958653e-05
5.6019196008791261e-01 -3.6196938879575147e-01 1.1409119940677336e+01 1.7957697194739920e-05
5.6019196008791261e-01 -3.5191468355142508e-01 1.1418437947783703e+01 1.7572469348327792e-05
5.6019196008791261e-01 -3.4185997830709863e-01 1.1428419184673652e+01 1.7192369648186854e-05
5.6019196008791261e-01 -3.3180527306277219e-01 1.1439064096016407e+01 1.6819148037581999e-05
5.6019196008791261e-01 -3.2175056781844580e-01 1.1450372365484320e+01 1.6454259736809397e-05
5.6019196008791261e-01 -3.1169586257411935e-01 1.1462342770576893e+01 1.6098897839642200e-05
5.6019196008791261e-01 -3.0164115732979291e-01 1.1474973009483659e+01 1.5754023759179074e-05
5.6019196008791261e-01 -2.9158645208546646e-01 1.1488259495764360e+01 1.5420395589583167e-05
5.6019196008791261e-01 -2.8153174684114002e-01 1.1502197115989047e+01 1.5098594399389912e-05
5.6019196008791261e-01 -2.7147704159681363e-01 1.1516778944848193e+01 1.4789048453224900e-05
5.6019196008791261e-01 -2.6142233635248718e-01 1.1531995911660131e+01 1.4492055362788941e-05
5.6019196008791261e-01 -2.5136763110816074e-01 1.1547836411758791e+01 1.4207802185927097e-05
5.6019196008791261e-01 -2.4131292586383432e-01 1.1564285856075982e+01 1.3936383516926484e-05
5.6019196008791261e-01 -2.3125822061950788e-01 1.1581326152562639e+01 1.3677817636756174e-05
5.6019196008791261e-01 -2.2120351537518143e-01 1.1598935114268041e+01 1.3432060815141810e-05
5.6019196008791261e-01 -2.1114881013085501e-01 1.1617085791455342e+01 1.3199019875289301e-05
5.6019196008791261e-01 -2.0109410488652857e-01 1.1635745729899270e+01 1.2978563145807100e-05
5.6019196008791261e-01 -1.9103939964220218e-01 1.1654876165750705e+01 1.2770529932826897e-05
5.6019196008791261e-01 -1.8098469439787573e-01 1.1674431180984195e+01 1.2574738649183677e-05
5.6019196008791261e-01 -1.7092998915354929e-01 1.1694356865403826e+01 1.2390993737138111e-05
5.6019196008791261e-01 -1.6087528390922284e-01 1.1714590565967162e+01 1.2219091517403091e-05
5.6019196008791261e-01 -1.5082057866489645e-01 1.1735060358743619e+01 1.2058825091314643e-05
5.6019196008791261e-01 -1.4076587342057001e-01 1.1755684964009443e+01 1.1909988415155284e-05
5.6019196008791261e-01 -1.3071116817624356e-01 1.1776374457997047e+01 1.1772379656551734e-05
5.6019196008791261e-01 -1.2065646293191713e-01 1.1797032343272400e+01 1.1645803933655157e-05
5.6019196008791261e-01 -1.1060175768759069e-01 1.1817559868117026e+01 1.1530075528060577e-05
5.6019196008791261e-01 -1.0054705244326431e-01 1.1837864003772868e+01 1.1425019652853409e-05
5.6019196008791261e-01 -9.0492347198937867e-02 1.1857871296950876e+01 1.1330473848236007e-05
5.6019196008791261e-01 -8.0437641954611422e-02 1.1877551006187931e+01 1.1246289068439707e-05
5.6019196008791261e-01 -7.0382936710284977e-02 1.1896952350638104e+01 1.1172330515643233e-05
5.6019196008791261e-01 -6.0328231465958525e-02 1.1916260880821165e+01 1.1108478269036843e-05
5.6019196008791261e-01 -5.0273526221632080e-02 1.1935870987127453e+01 1.1054627750658228e-05
5.6019196008791261e-01 -4.0218820977305711e-02 1.1956427343667752e+01 1.1010690062834958e-05
5.6019196008791261e-01 -3.0164115732979262e-02 1.1978598568833512e+01 1.0976592226875450e-05
5.6019196008791261e-01 -2.0109410488652817e-02 1.2001798419701474e+01 1.0952277346806328e-05
5.6019196008791261e-01 -1.0054705244326374e-02 1.2021143288303412e+01 1.0937704717606135e-05
5.6019196008791261e-01 7.1065644079062674e-17 1.2028010654943829e+01 1.0932849892060977e-05
5.6019196008791261e-01 1.0054705244326445e-02 1.2021143288303421e+01 1.0937704717409647e-05
5.6019196008791261e-01 2.0109410488652890e-02 1.2001798419701467e+01 1.0952277346696717e-05
5.6019196008791261e-01 3.0164115732979335e-02 1.1978598568833529e+01 1.0976592226804318e-05
5.6019196008791261e-01 4.0218820977305780e-02 1.1956427343667752e+01 1.1010690062819982e-05
5.6019196008791261e-01 5.0273526221632225e-02 1.1935870987127451e+01 1.1054627750648980e-05
5.6019196008791261e-01 6.0328231465958670e-02 1.1916260880821172e+01 1.1108478269032184e-05
5.6019196008791261e-01 7.0382936710285046e-02 1.1896952350638115e+01 1.1172330515638025e-05
5.6019196008791261e-01 8.0437641954611491e-02 1.1877551006187929e+01 1.1246289068441940e-05
5.6019196008791261e-01 9.0492347198937936e-02 1.1857871296950874e+01 1.1330473848235613e-05
5.6019196008791261e-01 1.0054705244326438e-01 1.1837864003772856e+01 1.1425019652856851e-05
5.6019196008791261e-01 1.1060175768759083e-01 1.1817559868117041e+01 1.1530075528059641e-05
5.6019196008791261e-01 1.2065646293191720e-01 1.1797032343272395e+01 1.1645803933654497e-05
5.6019196008791261e-01 1.3071116817624365e-01 1.1776374457997045e+01 1.1772379656550193e-05
5.6019196008791261e-01 1.4076587342057009e-01 1.1755684964009440e+01 1.1909988415154478e-05
5.6019196008791261e-01 1.5082057866489645e-01 1.1735060358743624e+01 1.2058825091316129e-05
5.6019196008791261e-01 1.6087528390922298e-01 1.1714590565967157e+01 1.2219091517400728e-05
5.6019196008791261e-01 1.7092998915354934e-01 1.1694356865403833e+01 1.2390993737139412e-05
5.6019196008791261e-01 1.8098469439787587e-01 1.1674431180984195e+01 1.2574738649182284e-05
5.6019196008791261e-01 1.9103939964220223e-01 1.1654876165750718e+01 1.2770529932824366e-05
5.6019196008791261e-01 2.0109410488652862e-01 1.1635745729899282e+01 1.2978563145808828e-05
5.6019196008791261e-01 2.1114881013085512e-01 1.1617085791455338e+01 1.3199019875290834e-05
5.6019196008791261e-01 2.2120351537518151e-01 1.1598935114268050e+01 1.3432060815139155e-05
5.6019196008791261e-01 2.3125822061950801e-01 1.1581326152562628e+01 1.3677817636758076e-05
5.6019196008791261e-01 2.4131292586383440e-01 1.1564285856075983e+01 1.3936383516927204e-05
5.6019196008791261e-01 2.5136763110816079e-01 1.1547836411758791e+01 1.4207802185928403e-05
5.6019196008791261e-01 2.6142233635248729e-01 1.1531995911660150e+01 1.4492055362789149e-05
5.6019196008791261e-01 2.7147704159681368e-01 1.1516778944848191e+01 1.4789048453226708e-05
5.6019196008791261e-01 2.8153174684114018e-01 1.1502197115989038e+01 1.5098594399393414e-05
5.6019196008791261e-01 2.9158645208546657e-01 1.1488259495764359e+01 1.5420395589580334e-05
5.6019196008791261e-01 3.0164115732979291e-01 1.1474973009483669e+01 1.5754023759180033e-05
5.6019196008791261e-01 3.1169586257411946e-01 1.1462342770576889e+01 1.6098897839644019e-05
5.6019196008791261e-01 3.2175056781844580e-01 1.1450372365484331e+01 1.6454259736808710e-05
5.6019196008791261e-01 3.3180527306277235e-01 1.1439064096016397e+01 1.6819148037582033e-05
5.6019196008791261e-01 3.4185997830709869e-01 1.1428419184673638e+01 1.7192369648187921e-05
5.6019196008791261e-01 3.5191468355142524e-01 1.1418437947783701e+01 1.7572469348327775e-05
5.6019196008791261e-01 3.6196938879575158e-01 1.1409119940677344e+01 1.7957697194737758e-05
5.6019196008791261e-01 3.7202409404007797e-01 1.1400464078521205e+01 1.8345973618959944e-05
5.6019196008791261e-01 3.8207879928440447e-01 1.1392468735873488e+01 1.8734851943107814e-05
5.6019196008791261e-01 3.9213350452873086e-01 1.1385131827556632e+01 1.9121477917633117e-05
5.6019196008791261e-01 4.0218820977305736e-01 1.1378450873095327e+01 1.9502545860710928e-05
5.6019196008791261e-01 4.1224291501738375e-01 1.1372423046845807e+01 1.9874251269304090e-05
5.6019196008791261e-01 4.2229762026171014e-01 1.1367045216241175e+01 2.0232240840989210e-05
5.6019196008791261e-01 4.3235232550603664e-01 1.1362313971680958e+01 2.0571563606190194e-05
5.6019196008791261e-01 4.4240703075036303e-01 1.1358225654131349e+01 2.0886632739834580e-05
5.6019196008791261e-01 4.5246173599468953e-01 1.1354776377251591e+01 2.1171165847582091e-05
5.6019196008791261e-01 4.6251644123901592e-01 1.1351960855675920e+01 2.1413631801434059e-05
5.6019196008791261e-01 4.7257114648334225e-01 1.1349738350611132e+01 2.1469686874634787e-05
5.6019196008791261e-01 4.8262585172766881e-01 1.1347935187492991e+01 2.0709614232686843e-05
5.6019196008791261e-01 4.9268055697199514e-01 1.1346925891946309e+01 2.0852059241571500e-05
5.6019196008791261e-01 5.0273526221632159e-01 1.1346679548993881e+01 2.1380457518708383e-05
5.7826266847784524e-01 -5.0273526221632159e-01 1.1289651955764718e+01 2.2833420240368210e-05
5.7826266847784524e-01 -4.9268055697199509e-01 1.1289854520283132e+01 2.2290510927531178e-05
5.7826266847784524e-01 -4.8262585172766864e-01 1.1290753126155817e+01 2.2097480522849652e-05
5.7826266847784524e-01 -4.7257114648334225e-01 1.1292395782980227e+01 2.2797586684164282e-05
5.7826266847784524e-01 -4.6251644123901581e-01 1.1294400219579034e+01 2.2725941779406505e-05
5.7826266847784524e-01 -4.5246173599468936e-01 1.1296935337745971e+01 2.2474831060836669e-05
5.7826266847784524e-01 -4.4240703075036292e-01 1.1300040342064458e+01 2.2181066777004573e-05
5.7826266847784524e-01 -4.3235232550603647e-01 1.1303719559873336e+01 2.1856246237974332e-05
5.7826266847784524e-01 -4.2229762026171014e-01 1.1307975786523794e+01 2.1506927937427571e-05
5.7826266847784524e-01 -4.1224291501738369e-01 1.1312811432097469e+01 2.1138917919188091e-05
5.7826266847784524e-01 -4.0218820977305725e-01 1.1318228498606162e+01 2.0757331377688854e-05
5.7826266847784524e-01 -3.9213350452873080e-01 1.1324228551559226e+01 2.0366638520345363e-05
5.7826266847784524e-01 -3.8207879928440436e-01 1.1330812689091323e+01 1.9970721854460074e-05
5.7826266847784524e-01 -3.7202409404007797e-01 1.1337981502899579e+01 1.9572934274708902e-05
5.7826266847784524e-01 -3.6196938879575147e-01 1.1345735027823585e+01 1.9176153738875387e-05
5.7826266847784524e-01 -3.5191468355142508e-01 1.1354072678080433e+01 1.8782833379983167e-05
5.7826266847784524e-01 -3.4185997830709863e-01 1.1362993168567462e+01 1.8395047140742006e-05
5.7826266847784524e-01 -3.3180527306277219e-01 1.1372494419661086e+01 1.8014531400891322e-05
5.7826266847784524e-01 -3.2175056781844580e-01 1.1382573443770090e+01 1.7642723094373534e-05
5.7826266847784524e-01 -3.1169586257411935e-01 1.1393226211661126e+01 1.7280794716831223e-05
5.7826266847784524e-01 -3.0164115732979291e-01 1.1404447496318516e+01 1.6929686509713111e-05
5.7826266847784524e-01 -2.9158645208546646e-01 1.1416230691879527e+01 1.6590136014316779e-05
5.7826266847784524e-01 -2.8153174684114002e-01 1.1428567605046151e+01 1.6262705127619950e-05
5.7826266847784524e-01 -2.7147704159681363e-01 1.1441448216377331e+01 1.5947804758726270e-05
5.7826266847784524e-01 -2.6142233635248718e-01 1.1454860409107194e+01 1.5645717173283176e-05
5.7826266847784524e-01 -2.5136763110816074e-01 1.1468789663752865e+01 1.5356616115596502e-05
5.7826266847784524e-01 -2.4131292586383432e-01 1.1483218717987604e+01 1.5080584808041575e-05
5.7826266847784524e-01 -2.3125822061950788e-01 1.1498127193381915e+01 1.4817631940297350e-05
5.7826266847784524e-01 -2.2120351537518143e-01 1.1513491194153859e+01 1.4567705772858279e-05
5.7826266847784524e-01 -2.1114881013085501e-01 1.1529282888771956e+01 1.4330706489335414e-05
5.7826266847784524e-01 -2.0109410488652857e-01 1.1545470094281091e+01 1.4106496938335903e-05
5.7826266847784524e-01 -1.9103939964220218e-01 1.1562015897384104e+01 1.3894911908637606e-05
5.7826266847784524e-01 -1.8098469439787573e-01 1.1578878368482432e+01 1.3695766080751595e-05
5.7826266847784524e-01 -1.7092998915354929e-01 1.1596010459712495e+01 1.3508860794518384e-05
5.7826266847784524e-01 -1.6087528390922284e-01 1.1613360233275957e+01 1.3333989766407570e-05
5.7826266847784524e-01 -1.5082057866489645e-01 1.1630871655408535e+01 1.3170943882896311e-05
5.7826266847784524e-01 -1.4076587342057001e-01 1.1648486338040426e+01 1.3019515187018802e-05
5.7826266847784524e-01 -1.3071116817624356e-01 1.1666146859022266e+01 1.2879500166306638e-05
5.7826266847784524e-01 -1.2065646293191713e-01 1.1683802729244906e+01 1.2750702440112072e-05
5.7826266847784524e-01 -1.1060175768759069e-01 1.1701420877584386e+01 1.2632934934921454e-05
5.7826266847784524e-01 -1.0054705244326431e-01 1.1719004070929687e+01 1.2526021626706707e-05
5.7826266847784524e-01 -9.0492347198937867e-02 1.1736623833836207e+01 1.2429798920447123e-05
5.7826266847784524e-01 -8.0437641954611422e-02 1.1754481244923248e+01 1.2344116728535469e-05
5.7826266847784524e-01 -7.0382936710284977e-02 1.1773024825675257e+01 1.2268839301906370e-05
5.7826266847784524e-01 -6.0328231465958525e-02 1.1793194982226540e+01 1.2203845860616538e-05
5.7826266847784524e-01 -5.0273526221632080e-02 1.1816973645939632e+01 1.2149031063768398e-05
5.7826266847784524e-01 -4.0218820977305711e-02 1.1848583760987845e+01 1.2104305352958081e-05
5.7826266847784524e-01 -3.0164115732979262e-02 1.1895176410705858e+01 1.2069595198216564e-05
5.7826266847784524e-01 -2.0109410488652817e-02 1.1955230531049011e+01 1.2044843263473011e-05
5.7826266847784524e-01 -1.0054705244326374e-02 1.2001122273056250e+01 1.2030008537384827e-05
5.7826266847784524e-01 7.1065644079062674e-17 1.1989422293234009e+01 1.2025066365615326e-05
5.7826266847784524e-01 1.0054705244326445e-02 1.2001122273056257e+01 1.2030008531569175e-05
5.7826266847784524e-01 2.0109410488652890e-02 1.1955230531049013e+01 1.2044843264577641e-05
5.7826266847784524e-01 3.0164115732979335e-02 1.1895176410705853e+01 1.2069595197135209e-05
5.7826266847784524e-01 4.0218820977305780e-02 1.1848583760987845e+01 1.2104305353019719e-05
5.7826266847784524e-01 5.0273526221632225e-02 1.1816973645939639e+01 1.2149031063809270e-05
5.7826266847784524e-01 6.0328231465958670e-02 1.1793194982226542e+01 1.2203845860621354e-05
5.7826266847784524e-01 7.0382936710285046e-02 1.1773024825675247e+01 1.2268839301921033e-05
5.7826266847784524e-01 8.0437641954611491e-02 1.1754481244923250e+01 1.2344116728533317e-05
5.7826266847784524e-01 9.0492347198937936e-02 1.1736623833836211e+01 1.2429798920446132e-05
5.7826266847784524e-01 1.0054705244326438e-01 1.1719004070929694e+01 1.2526021626706348e-05
5.7826266847784524e-01 1.1060175768759083e-01 1.1701420877584386e+01 1.2632934934921877e-05
5.7826266847784524e-01 1.2065646293191720e-01 1.1683802729244892e+01 1.2750702440114972e-05
5.7826266847784524e-01 1.3071116817624365e-01 1.1666146859022259e+01 1.2879500166308735e-05
5.7826266847784524e-01 1.4076587342057009e-01 1.1648486338040433e+01 1.3019515187022758e-05
5.7826266847784524e-01 1.5082057866489645e-01 1.1630871655408550e+01 1.3170943882896753e-05
5.7826266847784524e-01 1.6087528390922298e-01 1.1613360233275971e+01 1.3333989766412049e-05
5.7826266847784524e-01 1.7092998915354934e-01 1.1596010459712502e+01 1.3508860794519082e-05
5.7826266847784524e-01 1.8098469439787587e-01 1.1578878368482430e+01 1.3695766080754185e-05
5.7826266847784524e-01 1.9103939964220223e-01 1.1562015897384111e+01 1.3894911908634241e-05
5.7826266847784524e-01 2.0109410488652862e-01 1.1545470094281088e+01 1.4106496938334036e-05
5.7826266847784524e-01 2.1114881013085512e-01 1.1529282888771958e+01 1.4330706489335797e-05
5.7826266847784524e-01 2.2120351537518151e-01 1.1513491194153859e+01 1.4567705772861396e-05
5.7826266847784524e-01 2.3125822061950801e-01 1.1498127193381915e+01 1.4817631940296237e-05
5.7826266847784524e-01 2.4131292586383440e-01 1.1483218717987608e+01 1.5080584808038656e-05
5.7826266847784524e-01 2.5136763110816079e-01 1.1468789663752869e+01 1.5356616115594615e-05
5.7826266847784524e-01 2.6142233635248729e-01 1.1454860409107196e+01 1.5645717173284941e-05
5.7826266847784524e-01 2.7147704159681368e-01 1.1441448216377335e+01 1.5947804758727209e-05
5.7826266847784524e-01 2.8153174684114018e-01 1.1428567605046153e+01 1.6262705127619794e-05
5.7826266847784524e-01 2.9158645208546657e-01 1.1416230691879534e+01 1.6590136014318571e-05
5.7826266847784524e-01 3.0164115732979291e-01 1.1404447496318502e+01 1.6929686509713667e-05
5.7826266847784524e-01 3.1169586257411946e-01 1.1393226211661128e+01 1.7280794716832009e-05
5.7826266847784524e-01 3.2175056781844580e-01 1.1382573443770090e+01 1.7642723094374865e-05
5.7826266847784524e-01 3.3180527306277235e-01 1.1372494419661093e+01 1.8014531400891641e-05
5.7826266847784524e-01 3.4185997830709869e-01 1.1362993168567469e+01 1.8395047140739048e-05
5.7826266847784524e-01 3.5191468355142524e-01 1.1354072678080421e+01 1.8782833379982998e-05
5.7826266847784524e-01 3.6196938879575158e-01 1.1345735027823586e+01 1.9176153738873829e-05
5.7826266847784524e-01 3.7202409404007797e-01 1.1337981502899574e+01 1.9572934274710030e-05
5.7826266847784524e-01 3.8207879928440447e-01 1.1330812689091331e+01 1.9970721854461669e-05
5.7826266847784524e-01 3.9213350452873086e-01 1.1324228551559230e+01 2.0366638520345424e-05
5.7826266847784524e-01 4.0218820977305736e-01 1.1318228498606144e+01 2.0757331377689166e-05
5.7826266847784524e-01 4.1224291501738375e-01 1.1312811432097465e+01 2.1138917919187501e-05
5.7826266847784524e-01 4.2229762026171014e-01 1.1307975786523803e+01 2.1506927937429231e-05
5.7826266847784524e-01 4.3235232550603664e-01 1.1303719559873315e+01 2.1856246237975772e-05
5.7826266847784524e-01 4.4240703075036303e-01 1.1300040342064447e+01 2.2181066777005915e-05
5.7826266847784524e-01 4.5246173599468953e-01 1.1296935337745960e+01 2.2474831060838821e-05
5.7826266847784524e-01 4.6251644123901592e-01 1.1294400219579032e+01 2.2725941779405939e-05
5.7826266847784524e-01 4.7257114648334225e-01 1.1292395782980227e+01 2.2797586684164400e-05
5.7826266847784524e-01 4.8262585172766881e-01 1.1290753126155810e+01 2.2097480522849191e-05
5.7826266847784524e-01 4.9268055697199514e-01 1.1289854520283145e+01 2.2290510927533946e-05
5.7826266847784524e-01 5.0273526221632159e-01 1.1289651955764718e+01 2.2833420240368511e-05
5.9633337686777799e-01 -5.0273526221632159e-01 1.1233406312182749e+01 2.5202102257147330e-05
5.9633337686777799e-01 -4.9268055697199509e-01 1.1233550769096460e+01 2.4602207258239003e-05
5.9633337686777799e-01 -4.8262585172766864e-01 1.1234296569187089e+01 2.4243316802962144e-05
5.9633337686777799e-01 -4.7257114648334225e-01 1.1235783934240720e+01 2.4878165026383842e-05
5.9633337686777799e-01 -4.6251644123901581e-01 1.1237582166773880e+01 2.4792818798348953e-05
5.9633337686777799e-01 -4.5246173599468936e-01 1.1239852515356915e+01 2.4535584803658839e-05
5.9633337686777799e-01 -4.4240703075036292e-01 1.1242632661469939e+01 2.4235526831155843e-05
5.9633337686777799e-01 -4.3235232550603647e-01 1.1245926146086337e+01 2.3904229753719451e-05
5.9633337686777799e-01 -4.2229762026171014e-01 1.1249734881537835e+01 2.3548453589697573e-05
5.9633337686777799e-01 -4.1224291501738369e-01 1.1254060270661139e+01 2.3174152007286324e-05
5.9633337686777799e-01 -4.0218820977305725e-01 1.1258903185662152e+01 2.2786538373651468e-05
5.9633337686777799e-01 -3.9213350452873080e-01 1.1264263941695102e+01 2.2390140947306175e-05
5.9633337686777799e-01 -3.8207879928440436e-01 1.1270142268267362e+01 2.1988869414635029e-05
5.9633337686777799e-01 -3.7202409404007797e-01 1.1276537273028275e+01 2.1586081270679375e-05
5.9633337686777799e-01 -3.6196938879575147e-01 1.1283447395148945e+01 2.1184643499204490e-05
5.9633337686777799e-01 -3.5191468355142508e-01 1.1290870346757270e+01 2.0786988345546769e-05
5.9633337686777799e-01 -3.4185997830709863e-01 1.1298803041394084e+01 2.0395163352223794e-05
5.9633337686777799e-01 -3.3180527306277219e-01 1.1307241508594700e+01 2.0010876275673530e-05
5.9633337686777799e-01 -3.2175056781844580e-01 1.1316180793691119e+01 1.9635535551623418e-05
5.9633337686777799e-01 -3.1169586257411935e-01 1.1325614841886233e+01 1.9270286881128306e-05
5.9633337686777799e-01 -3.0164115732979291e-01 1.1335536365650805e+01 1.8916046383713012e-05
5.9633337686777799e-01 -2.9158645208546646e-01 1.1345936694590812e+01 1.8573530653870709e-05
5.9633337686777799e-01 -2.8153174684114002e-01 1.1356805607195666e+01 1.8243283975319535e-05
5.9633337686777799e-01 -2.7147704159681363e-01 1.1368131144391263e+01 1.7925702893915315e-05
5.9633337686777799e-01 -2.6142233635248718e-01 1.1379899405707199e+01 1.7621058318904996e-05
5.9633337686777799e-01 -2.5136763110816074e-01 1.1392094330307135e+01 1.7329515306635944e-05
5.9633337686777799e-01 -2.4131292586383432e-01 1.1404697467390294e+01 1.7051150675267483e-05
5.9633337686777799e-01 -2.3125822061950788e-01 1.1417687743954867e+01 1.6785968598448172e-05
5.9633337686777799e-01 -2.2120351537518143e-01 1.1431041243229537e+01 1.6533914327352673e-05
5.9633337686777799e-01 -2.1114881013085501e-01 1.1444731015167072e+01 1.6294886191750160e-05
5.9633337686777799e-01 -2.0109410488652857e-01 1.1458726952725996e+01 1.6068746030433070e-05
5.9633337686777799e-01 -1.9103939964220218e-01 1.1472995786601434e+01 1.5855328199322374e-05
5.9633337686777799e-01 -1.8098469439787573e-01 1.1487501280478709e+01 1.5654447301458530e-05
5.9633337686777799e-01 -1.7092998915354929e-01 1.1502204755341738e+01 1.5465904776866569e-05
5.9633337686777799e-01 -1.6087528390922284e-01 1.1517066146379802e+01 1.5289494483247242e-05
5.9633337686777799e-01 -1.5082057866489645e-01 1.1532045920543581e+01 1.5125007389427037e-05
5.9633337686777799e-01 -1.4076587342057001e-01 1.1547108396512082e+01 1.4972235494630203e-05
5.9633337686777799e-01 -1.3071116817624356e-01 1.1562227390482489e+01 1.4830975076758558e-05
5.9633337686777799e-01 -1.2065646293191713e-01 1.1577395824803409e+01 1.4701029363370175e-05
5.9633337686777799e-01 -1.1060175768759069e-01 1.1592642343116980e+01 1.4582210709542222e-05
5.9633337686777799e-01 -1.0054705244326431e-01 1.1608060922568121e+01 1.4474342357590928e-05
5.9633337686777799e-01 -9.0492347198937867e-02 1.1623866105995599e+01 1.4377259845251742e-05
5.9633337686777799e-01 -8.0437641954611422e-02 1.1640502770177150e+01 1.4290812120501145e-05
5.9633337686777799e-01 -7.0382936710284977e-02 1.1658884197781738e+01 1.4214862414179990e-05
5.9633337686777799e-01 -6.0328231465958525e-02 1.1680976005348896e+01 1.4149288914170611e-05
5.9633337686777799e-01 -5.0273526221632080e-02 1.1711444124202453e+01 1.4093985279181282e-05
5.9633337686777799e-01 -4.0218820977305711e-02 1.1761513119499874e+01 1.4048861024487379e-05
5.9633337686777799e-01 -3.0164115732979262e-02 1.1842136809070995e+01 1.4013841805378376e-05
5.9633337686777799e-01 -2.0109410488652817e-02 1.1911053623106891e+01 1.3988869616768651e-05
5.9633337686777799e-01 -1.0054705244326374e-02 1.1907700429287503e+01 1.3973902931209229e-05
5.9633337686777799e-01 7.1065644079062674e-17 1.1871365849822237e+01 1.3968916815744717e-05
5.9633337686777799e-01 1.0054705244326445e-02 1.1907700429287496e+01 1.3973902934569237e-05
5.9633337686777799e-01 2.0109410488652890e-02 1.1911053623106909e+01 1.3988869610770221e-05
5.9633337686777799e-01 3.0164115732979335e-02 1.1842136809071000e+01 1.4013841801898339e-05
5.9633337686777799e-01 4.0218820977305780e-02 1.1761513119499885e+01 1.4048861024219601e-05
5.9633337686777799e-01 5.0273526221632225e-02 1.1711444124202446e+01 1.4093985279176203e-05
5.9633337686777799e-01 6.0328231465958670e-02 1.1680976005348910e+01 1.4149288914145576e-05
5.9633337686777799e-01 7.0382936710285046e-02 1.1658884197781742e+01 1.4214862414163925e-05
5.9633337686777799e-01 8.0437641954611491e-02 1.1640502770177138e+01 1.4290812120498206e-05
5.9633337686777799e-01 9.0492347198937936e-02 1.1623866105995601e+01 1.4377259845246870e-05
5.9633337686777799e-01 1.0054705244326438e-01 1.1608060922568125e+01 1.4474342357592866e-05
5.9633337686777799e-01 1.1060175768759083e-01 1.1592642343116976e+01 1.4582210709540052e-05
5.9633337686777799e-01 1.2065646293191720e-01 1.1577395824803414e+01 1.4701029363371488e-05
5.9633337686777799e-01 1.3071116817624365e-01 1.1562227390482478e+01 1.4830975076754091e-05
5.9633337686777799e-01 1.4076587342057009e-01 1.1547108396512069e+01 1.4972235494630454e-05
5.9633337686777799e-01 1.5082057866489645e-01 1.1532045920543572e+01 1.5125007389427230e-05
5.9633337686777799e-01 1.6087528390922298e-01 1.1517066146379808e+01 1.5289494483245443e-05
5.9633337686777799e-01 1.7092998915354934e-01 1.1502204755341749e+01 1.5465904776872603e-05
5.9633337686777799e-01 1.8098469439787587e-01 1.1487501280478698e+01 1.5654447301458551e-05
5.9633337686777799e-01 1.9103939964220223e-01 1.1472995786601441e+01 1.5855328199325139e-05
5.9633337686777799e-01 2.0109410488652862e-01 1.1458726952726002e+01 1.6068746030432938e-05
5.9633337686777799e-01 2.1114881013085512e-01 1.1444731015167074e+01 1.6294886191750343e-05
5.9633337686777799e-01 2.2120351537518151e-01 1.1431041243229542e+01 1.6533914327351088e-05
5.9633337686777799e-01 2.3125822061950801e-01 1.1417687743954861e+01 1.6785968598448890e-05
5.9633337686777799e-01 2.4131292586383440e-01 1.1404697467390294e+01 1.7051150675268984e-05
5.9633337686777799e-01 2.5136763110816079e-01 1.1392094330307144e+01 1.7329515306635937e-05
5.9633337686777799e-01 2.6142233635248729e-01 1.1379899405707199e+01 1.7621058318902106e-05
5.9633337686777799e-01 2.7147704159681368e-01 1.1368131144391262e+01 1.7925702893913696e-05
5.9633337686777799e-01 2.8153174684114018e-01 1.1356805607195673e+01 1.8243283975320006e-05
5.9633337686777799e-01 2.9158645208546657e-01 1.1345936694590806e+01 1.8573530653871888e-05
5.9633337686777799e-01 3.0164115732979291e-01 1.1335536365650805e+01 1.8916046383711748e-05
5.9633337686777799e-01 3.1169586257411946e-01 1.1325614841886233e+01 1.9270286881125487e-05
5.9633337686777799e-01 3.2175056781844580e-01 1.1316180793691128e+01 1.9635535551624658e-05
5.9633337686777799e-01 3.3180527306277235e-01 1.1307241508594700e+01 2.0010876275669661e-05
5.9633337686777799e-01 3.4185997830709869e-01 1.1298803041394070e+01 2.0395163352221764e-05
5.9633337686777799e-01 3.5191468355142524e-01 1.1290870346757268e+01 2.0786988345548985e-05
5.9633337686777799e-01 3.6196938879575158e-01 1.1283447395148947e+01 2.1184643499206675e-05
5.9633337686777799e-01 3.7202409404007797e-01 1.1276537273028284e+01 2.1586081270678087e-05
5.9633337686777799e-01 3.8207879928440447e-01 1.1270142268267366e+01 2.1988869414635388e-05
5.9633337686777799e-01 3.9213350452873086e-01 1.1264263941695102e+01 2.2390140947305155e-05
5.9633337686777799e-01 4.0218820977305736e-01 1.1258903185662158e+01 2.2786538373651525e-05
5.9633337686777799e-01 4.1224291501738375e-01 1.1254060270661146e+01 2.3174152007285630e-05
5.9633337686777799e-01 4.2229762026171014e-01 1.1249734881537828e+01 2.3548453589698098e-05
5.9633337686777799e-01 4.3235232550603664e-01 1.1245926146086321e+01 2.3904229753720159e-05
5.9633337686777799e-01 4.4240703075036303e-01 1.1242632661469933e+01 2.4235526831156473e-05
5.9633337686777799e-01 4.5246173599468953e-01 1.1239852515356908e+01 2.4535584803659160e-05
5.9633337686777799e-01 4.6251644123901592e-01 1.1237582166773869e+01 2.4792818798347228e-05
5.9633337686777799e-01 4.7257114648334225e-01 1.1235783934240716e+01 2.4878165026382033e-05
5.9633337686777799e-01 4.8262585172766881e-01 1.1234296569187087e+01 2.4243316802962801e-05
5.9633337686777799e-01 4.9268055697199514e-01 1.1233550769096452e+01 2.4602207258238755e-05
5.9633337686777799e-01 5.0273526221632159e-01 1.1233406312182749e+01 2.5202102257147991e-05
6.1440408525771062e-01 -5.0273526221632159e-01 1.1177361104898807e+01 2.6017346851439722e-05
6.1440408525771062e-01 -4.9268055697199509e-01 1.1177464396387283e+01 2.5391067442785526e-05
6.1440408525771062e-01 -4.8262585172766864e-01 1.1178146014974979e+01 2.5054787793542143e-05
6.1440408525771062e-01 -4.7257114648334225e-01 1.1179491782570967e+01 2.5637023111645158e-05
6.1440408525771062e-01 -4.6251644123901581e-01 1.1181097272808719e+01 2.5539708232441654e-05
6.1440408525771062e-01 -4.5246173599468936e-01 1.1183120437129462e+01 2.5278262086638044e-05
6.1440408525771062e-01 -4.4240703075036292e-01 1.1185597491350272e+01 2.4974087979403878e-05
6.1440408525771062e-01 -4.3235232550603647e-01 1.1188531345643597e+01 2.4638692966546711e-05
6.1440408525771062e-01 -4.2229762026171014e-01 1.1191923216476527e+01 2.4278970188307307e-05
6.1440408525771062e-01 -4.1224291501738369e-01 1.1195773716958959e+01 2.3900957127170050e-05
6.1440408525771062e-01 -4.0218820977305725e-01 1.1200082839227028e+01 2.3509908139971031e-05
6.1440408525771062e-01 -3.9213350452873080e-01 1.1204849932192843e+01 2.3110360044049954e-05
6.1440408525771062e-01 -3.8207879928440436e-01 1.1210073677623058e+01 2.2706208249330411e-05
6.1440408525771062e-01 -3.7202409404007797e-01 1.1215752059402408e+01 2.2300781264781293e-05
6.1440408525771062e-01 -3.6196938879575147e-01 1.1221882323556384e+01 2.1896908879713337e-05
6.1440408525771062e-01 -3.5191468355142508e-01 1.1228460927934496e+01 2.1496982899876871e-05
6.1440408525771062e-01 -3.4185997830709863e-01 1.1235483481038896e+01 2.1103010796972194e-05
6.1440408525771062e-01 -3.3180527306277219e-01 1.1242944669722482e+01 2.0716663110499121e-05
6.1440408525771062e-01 -3.2175056781844580e-01 1.1250838175592136e+01 2.0339315487692861e-05
6.1440408525771062e-01 -3.1169586257411935e-01 1.1259156580062841e+01 1.9972086133604295e-05
6.1440408525771062e-01 -3.0164115732979291e-01 1.1267891258191106e+01 1.9615869292883825e-05
6.1440408525771062e-01 -2.9158645208546646e-01 1.1277032261742180e+01 1.9271365247433378e-05
6.1440408525771062e-01 -2.8153174684114002e-01 1.1286568192484255e+01 1.8939107206123274e-05
6.1440408525771062e-01 -2.7147704159681363e-01 1.1296486067551617e+01 1.8619485384559269e-05
6.1440408525771062e-01 -2.6142233635248718e-01 1.1306771180009582e+01 1.8312768519861322e-05
6.1440408525771062e-01 -2.5136763110816074e-01 1.1317406959681795e+01 1.8019123031088723e-05
6.1440408525771062e-01 -2.4131292586383432e-01 1.1328374842150508e+01 1.7738630014476734e-05
6.1440408525771062e-01 -2.3125822061950788e-01 1.1339654158038838e+01 1.7471300249185539e-05
6.1440408525771062e-01 -2.2120351537518143e-01 1.1351222060879273e+01 1.7217087380536015e-05
6.1440408525771062e-01 -2.1114881013085501e-01 1.1363053521066664e+01 1.6975899441011690e-05
6.1440408525771062e-01 -2.0109410488652857e-01 1.1375121427167265e+01 1.6747608863240842e-05
6.1440408525771062e-01 -1.9103939964220218e-01 1.1387396856774414e+01 1.6532061132926921e-05
6.1440408525771062e-01 -1.8098469439787573e-01 1.1399849611432176e+01 1.6329082222668953e-05
6.1440408525771062e-01 -1.7092998915354929e-01 1.1412449161224723e+01 1.6138484939930362e-05
6.1440408525771062e-01 -1.6087528390922284e-01 1.1425166227469289e+01 1.5960074313936769e-05
6.1440408525771062e-01 -1.5082057866489645e-01 1.1437975370524200e+01 1.5793652137395229e-05
6.1440408525771062e-01 -1.4076587342057001e-01 1.1450859189920967e+01 1.5639020769695483e-05
6.1440408525771062e-01 -1.3071116817624356e-01 1.1463815177569677e+01 1.5495986298946489e-05
6.1440408525771062e-01 -1.2065646293191713e-01 1.1476867083983187e+01 1.5364361151081751e-05
6.1440408525771062e-01 -1.1060175768759069e-01 1.1490084288278160e+01 1.5243966225313861e-05
6.1440408525771062e-01 -1.0054705244326431e-01 1.1503616111408045e+01 1.5134632626828694e-05
6.1440408525771062e-01 -9.0492347198937867e-02 1.1517755849475451e+01 1.5036203059474373e-05
6.1440408525771062e-01 -8.0437641954611422e-02 1.1533068785385924e+01 1.4948532933884865e-05
6.1440408525771062e-01 -7.0382936710284977e-02 1.1550672942471913e+01 1.4871491239355634e-05
6.1440408525771062e-01 -6.0328231465958525e-02 1.1572937272806232e+01 1.4804961221539715e-05
6.1440408525771062e-01 -5.0273526221632080e-02 1.1605401660847591e+01 1.4748840902089202e-05
6.1440408525771062e-01 -4.0218820977305711e-02 1.1660222571615547e+01 1.4703043470216733e-05
6.1440408525771062e-01 -3.0164115732979262e-02 1.1744601185923640e+01 1.4667497576637498e-05
6.1440408525771062e-01 -2.0109410488652817e-02 1.1810989974013518e+01 1.4642147539449204e-05
6.1440408525771062e-01 -1.0054705244326374e-02 1.1781570018719883e+01 1.4626953480140862e-05
6.1440408525771062e-01 7.1065644079062674e-17 1.1678713343394454e+01 1.4621891464913422e-05
6.1440408525771062e-01 1.0054705244326445e-02 1.1781570018719894e+01 1.4626953486924242e-05
6.1440408525771062e-01 2.0109410488652890e-02 1.1810989974013504e+01 1.4642147541237414e-05
6.1440408525771062e-01 3.0164115732979335e-02 1.1744601185923649e+01 1.4667497578539378e-05
6.1440408525771062e-01 4.0218820977305780e-02 1.1660222571615538e+01 1.4703043471011148e-05
6.1440408525771062e-01 5.0273526221632225e-02 1.1605401660847583e+01 1.4748840902190684e-05
6.1440408525771062e-01 6.0328231465958670e-02 1.1572937272806250e+01 1.4804961221553388e-05
6.1440408525771062e-01 7.0382936710285046e-02 1.1550672942471911e+01 1.4871491239364804e-05
6.1440408525771062e-01 8.0437641954611491e-02 1.1533068785385925e+01 1.4948532933886581e-05
6.1440408525771062e-01 9.0492347198937936e-02 1.1517755849475449e+01 1.5036203059478731e-05
6.1440408525771062e-01 1.0054705244326438e-01 1.1503616111408048e+01 1.5134632626830547e-05
6.1440408525771062e-01 1.1060175768759083e-01 1.1490084288278169e+01 1.5243966225317205e-05
6.1440408525771062e-01 1.2065646293191720e-01 1.1476867083983196e+01 1.5364361151084543e-05
6.1440408525771062e-01 1.3071116817624365e-01 1.1463815177569671e+01 1.5495986298949739e-05
6.1440408525771062e-01 1.4076587342057009e-01 1.1450859189920967e+01 1.5639020769694044e-05
6.1440408525771062e-01 1.5082057866489645e-01 1.1437975370524212e+01 1.5793652137393694e-05
6.1440408525771062e-01 1.6087528390922298e-01 1.1425166227469298e+01 1.5960074313933828e-05
6.1440408525771062e-01 1.7092998915354934e-01 1.1412449161224721e+01 1.6138484939929538e-05
6.1440408525771062e-01 1.8098469439787587e-01 1.1399849611432177e+01 1.6329082222668861e-05
6.1440408525771062e-01 1.9103939964220223e-01 1.1387396856774421e+01 1.6532061132925514e-05
6.1440408525771062e-01 2.0109410488652862e-01 1.1375121427167272e+01 1.6747608863240964e-05
6.1440408525771062e-01 2.1114881013085512e-01 1.1363053521066659e+01 1.6975899441012175e-05
6.1440408525771062e-01 2.2120351537518151e-01 1.1351222060879262e+01 1.7217087380538462e-05
6.1440408525771062e-01 2.3125822061950801e-01 1.1339654158038822e+01 1.7471300249183764e-05
6.1440408525771062e-01 2.4131292586383440e-01 1.1328374842150517e+01 1.7738630014478773e-05
6.1440408525771062e-01 2.5136763110816079e-01 1.1317406959681801e+01 1.8019123031088245e-05
6.1440408525771062e-01 2.6142233635248729e-01 1.1306771180009589e+01 1.8312768519858710e-05
6.1440408525771062e-01 2.7147704159681368e-01 1.1296486067551616e+01 1.8619485384562979e-05
6.1440408525771062e-01 2.8153174684114018e-01 1.1286568192484248e+01 1.8939107206124426e-05
6.1440408525771062e-01 2.9158645208546657e-01 1.1277032261742171e+01 1.9271365247432470e-05
6.1440408525771062e-01 3.0164115732979291e-01 1.1267891258191122e+01 1.9615869292883368e-05
6.1440408525771062e-01 3.1169586257411946e-01 1.1259156580062836e+01 1.9972086133604611e-05
6.1440408525771062e-01 3.2175056781844580e-01 1.1250838175592133e+01 2.0339315487691825e-05
6.1440408525771062e-01 3.3180527306277235e-01 1.1242944669722478e+01 2.0716663110498626e-05
6.1440408525771062e-01 3.4185997830709869e-01 1.1235483481038909e+01 2.1103010796972682e-05
6.1440408525771062e-01 3.5191468355142524e-01 1.1228460927934488e+01 2.1496982899878511e-05
6.1440408525771062e-01 3.6196938879575158e-01 1.1221882323556388e+01 2.1896908879715756e-05
6.1440408525771062e-01 3.7202409404007797e-01 1.1215752059402401e+01 2.2300781264779982e-05
6.1440408525771062e-01 3.8207879928440447e-01 1.1210073677623059e+01 2.2706208249330025e-05
6.1440408525771062e-01 3.9213350452873086e-01 1.1204849932192856e+01 2.3110360044049209e-05
6.1440408525771062e-01 4.0218820977305736e-01 1.1200082839227019e+01 2.3509908139970882e-05
6.1440408525771062e-01 4.1224291501738375e-01 1.1195773716958968e+01 2.3900957127169440e-05
6.1440408525771062e-01 4.2229762026171014e-01 1.1191923216476534e+01 2.4278970188308869e-05
6.1440408525771062e-01 4.3235232550603664e-01 1.1188531345643584e+01 2.4638692966547253e-05
6.1440408525771062e-01 4.4240703075036303e-01 1.1185597491350268e+01 2.4974087979404888e-05
6.1440408525771062e-01 4.5246173599468953e-01 1.1183120437129467e+01 2.5278262086636570e-05
6.1440408525771062e-01 4.6251644123901592e-01 1.1181097272808733e+01 2.5539708232440864e-05
6.1440408525771062e-01 4.7257114648334225e-01 1.1179491782570954e+01 2.5637023111643999e-05
6.1440408525771062e-01 4.8262585172766881e-01 1.1178146014974974e+01 2.5054787793539517e-05
6.1440408525771062e-01 4.9268055697199514e-01 1.1177464396387288e+01 2.5391067442785861e-05
6.1440408525771062e-01 5.0273526221632159e-01 1.1177361104898807e+01 2.6017346851439719e-05
6.3247479364764336e-01 -5.0273526221632159e-01 1.1122752383073362e+01 2.7109258018395970e-05
6.3247479364764336e-01 -4.9268055697199509e-01 1.1122842582283768e+01 2.6513778523332639e-05
6.3247479364764336e-01 -4.8262585172766864e-01 1.1123440278901645e+01 2.6138456130524152e-05
6.3247479364764336e-01 -4.7257114648334225e-01 1.1124651944152111e+01 2.6666609411260897e-05
6.3247479364764336e-01 -4.6251644123901581e-01 1.1126078576181508e+01 2.6559412417423079e-05
6.3247479364764336e-01 -4.5246173599468936e-01 1.1127872622521224e+01 2.6295861008945000e-05
6.3247479364764336e-01 -4.4240703075036292e-01 1.1130068907549283e+01 2.5989967285848968e-05
6.3247479364764336e-01 -4.3235232550603647e-01 1.1132669850644811e+01 2.5653102402247655e-05
6.3247479364764336e-01 -4.2229762026171014e-01 1.1135676139751212e+01 2.5292226964892079e-05
6.3247479364764336e-01 -4.1224291501738369e-01 1.1139087792848944e+01 2.4913403165136425e-05
6.3247479364764336e-01 -4.0218820977305725e-01 1.1142904145209709e+01 2.4521875137694687e-05
6.3247479364764336e-01 -3.9213350452873080e-01 1.1147123832767544e+01 2.4122145232165307e-05
6.3247479364764336e-01 -3.8207879928440436e-01 1.1151744774397008e+01 2.3718059429650947e-05
6.3247479364764336e-01 -3.7202409404007797e-01 1.1156764148246548e+01 2.3312889311342801e-05
6.3247479364764336e-01 -3.6196938879575147e-01 1.1162178360047200e+01 2.2909405903837469e-05
6.3247479364764336e-01 -3.5191468355142508e-01 1.1167983002690058e+01 2.2509944486741269e-05
6.3247479364764336e-01 -3.4185997830709863e-01 1.1174172807003506e+01 2.2116460984508788e-05
6.3247479364764336e-01 -3.3180527306277219e-01 1.1180741583962604e+01 2.1730581044880345e-05
6.3247479364764336e-01 -3.2175056781844580e-01 1.1187682158752802e+01 2.1353642929644314e-05
6.3247479364764336e-01 -3.1169586257411935e-01 1.1194986297309969e+01 2.0986735197621276e-05
6.3247479364764336e-01 -3.0164115732979291e-01 1.1202644626246808e+01 2.0630729975643203e-05
6.3247479364764336e-01 -2.9158645208546646e-01 1.1210646547518904e+01 2.0286312443907354e-05
6.3247479364764336e-01 -2.8153174684114002e-01 1.1218980149849699e+01 1.9954007025041728e-05
6.3247479364764336e-01 -2.7147704159681363e-01 1.1227632119913423e+01 1.9634200662575469e-05
6.3247479364764336e-01 -2.6142233635248718e-01 1.1236587657689755e+01 1.9327163499598483e-05
6.3247479364764336e-01 -2.5136763110816074e-01 1.1245830402430986e+01 1.9033067215831373e-05
6.3247479364764336e-01 -2.4131292586383432e-01 1.1255342378574442e+01 1.8752001244787554e-05
6.3247479364764336e-01 -2.3125822061950788e-01 1.1265103975068056e+01 1.8483987067627475e-05
6.3247479364764336e-01 -2.2120351537518143e-01 1.1275093977517576e+01 1.8228990762052863e-05
6.3247479364764336e-01 -2.1114881013085501e-01 1.1285289681176318e+01 1.7986933971150066e-05
6.3247479364764336e-01 -2.0109410488652857e-01 1.1295667125426649e+01 1.7757703445990036e-05
6.3247479364764336e-01 -1.9103939964220218e-01 1.1306201509205595e+01 1.7541159306005691e-05
6.3247479364764336e-01 -1.8098469439787573e-01 1.1316867875338465e+01 1.7337142152052316e-05
6.3247479364764336e-01 -1.7092998915354929e-01 1.1327642195914118e+01 1.7145479158035578e-05
6.3247479364764336e-01 -1.6087528390922284e-01 1.1338503060983198e+01 1.6965989257942061e-05
6.3247479364764336e-01 -1.5082057866489645e-01 1.1349434287404428e+01 1.6798487536283586e-05
6.3247479364764336e-01 -1.4076587342057001e-01 1.1360428957582734e+01 1.6642788920953224e-05
6.3247479364764336e-01 -1.3071116817624356e-01 1.1371495733990660e+01 1.6498711268738142e-05
6.3247479364764336e-01 -1.2065646293191713e-01 1.1382668903370433e+01 1.6366077925344510e-05
6.3247479364764336e-01 -1.1060175768759069e-01 1.1394024750599085e+01 1.6244719833493440e-05
6.3247479364764336e-01 -1.0054705244326431e-01 1.1405709125329990e+01 1.6134477254997392e-05
6.3247479364764336e-01 -9.0492347198937867e-02 1.1417985780673327e+01 1.6035201165374944e-05
6.3247479364764336e-01 -8.0437641954611422e-02 1.1431325556264182e+01 1.5946754372793100e-05
6.3247479364764336e-01 -7.0382936710284977e-02 1.1446581920481654e+01 1.5869012406647771e-05
6.3247479364764336e-01 -6.0328231465958525e-02 1.1465367133413116e+01 1.5801864215422783e-05
6.3247479364764336e-01 -5.0273526221632080e-02 1.1490918484110349e+01 1.5745212707927832e-05
6.3247479364764336e-01 -4.0218820977305711e-02 1.1529491483641646e+01 1.5698975167026124e-05
6.3247479364764336e-01 -3.0164115732979262e-02 1.1587268142043001e+01 1.5663083560717044e-05
6.3247479364764336e-01 -2.0109410488652817e-02 1.1653146733814365e+01 1.5637484762683438e-05
6.3247479364764336e-01 -1.0054705244326374e-02 1.1692299820837844e+01 1.5622140737491943e-05
6.3247479364764336e-01 7.1065644079062674e-17 1.1673914911370398e+01 1.5617028606707501e-05
6.3247479364764336e-01 1.0054705244326445e-02 1.1692299820837846e+01 1.5622140737314622e-05
6.3247479364764336e-01 2.0109410488652890e-02 1.1653146733814365e+01 1.5637484764469224e-05
6.3247479364764336e-01 3.0164115732979335e-02 1.1587268142042999e+01 1.5663083560102013e-05
6.3247479364764336e-01 4.0218820977305780e-02 1.1529491483641641e+01 1.5698975166987204e-05
6.3247479364764336e-01 5.0273526221632225e-02 1.1490918484110354e+01 1.5745212707937760e-05
6.3247479364764336e-01 6.0328231465958670e-02 1.1465367133413114e+01 1.5801864215436024e-05
6.3247479364764336e-01 7.0382936710285046e-02 1.1446581920481647e+01 1.5869012406631380e-05
6.3247479364764336e-01 8.0437641954611491e-02 1.1431325556264182e+01 1.5946754372787899e-05
6.3247479364764336e-01 9.0492347198937936e-02 1.1417985780673327e+01 1.6035201165378031e-05
6.3247479364764336e-01 1.0054705244326438e-01 1.1405709125329986e+01 1.6134477254994441e-05
6.3247479364764336e-01 1.1060175768759083e-01 1.1394024750599089e+01 1.6244719833491542e-05
6.3247479364764336e-01 1.2065646293191720e-01 1.1382668903370428e+01 1.6366077925344016e-05
6.3247479364764336e-01 1.3071116817624365e-01 1.1371495733990670e+01 1.6498711268738433e-05
6.3247479364764336e-01 1.4076587342057009e-01 1.1360428957582734e+01 1.6642788920952343e-05
6.3247479364764336e-01 1.5082057866489645e-01 1.1349434287404426e+01 1.6798487536284107e-05
6.3247479364764336e-01 1.6087528390922298e-01 1.1338503060983184e+01 1.6965989257941319e-05
6.3247479364764336e-01 1.7092998915354934e-01 1.1327642195914132e+01 1.7145479158035324e-05
6.3247479364764336e-01 1.8098469439787587e-01 1.1316867875338458e+01 1.7337142152053715e-05
6.3247479364764336e-01 1.9103939964220223e-01 1.1306201509205588e+01 1.7541159306004115e-05
6.3247479364764336e-01 2.0109410488652862e-01 1.1295667125426649e+01 1.7757703445990900e-05
6.3247479364764336e-01 2.1114881013085512e-01 1.1285289681176335e+01 1.7986933971151185e-05
6.3247479364764336e-01 2.2120351537518151e-01 1.1275093977517557e+01 1.8228990762052006e-05
6.3247479364764336e-01 2.3125822061950801e-01 1.1265103975068062e+01 1.8483987067629508e-05
6.3247479364764336e-01 2.4131292586383440e-01 1.1255342378574451e+01 1.8752001244788085e-05
6.3247479364764336e-01 2.5136763110816079e-01 1.1245830402430972e+01 1.9033067215829916e-05
6.3247479364764336e-01 2.6142233635248729e-01 1.1236587657689746e+01 1.9327163499598469e-05
6.3247479364764336e-01 2.7147704159681368e-01 1.1227632119913427e+01 1.9634200662571908e-05
6.3247479364764336e-01 2.8153174684114018e-01 1.1218980149849706e+01 1.9954007025041270e-05
6.3247479364764336e-01 2.9158645208546657e-01 1.1210646547518902e+01 2.0286312443908398e-05
6.3247479364764336e-01 3.0164115732979291e-01 1.1202644626246816e+01 2.0630729975644172e-05
6.3247479364764336e-01 3.1169586257411946e-01 1.1194986297309971e+01 2.0986735197620304e-05
6.3247479364764336e-01 3.2175056781844580e-01 1.1187682158752796e+01 2.1353642929645399e-05
6.3247479364764336e-01 3.3180527306277235e-01 1.1180741583962599e+01 2.1730581044880952e-05
6.3247479364764336e-01 3.4185997830709869e-01 1.1174172807003510e+01 2.2116460984509716e-05
6.3247479364764336e-01 3.5191468355142524e-01 1.1167983002690047e+01 2.2509944486740385e-05
6.3247479364764336e-01 3.6196938879575158e-01 1.1162178360047200e+01 2.2909405903838424e-05
6.3247479364764336e-01 3.7202409404007797e-01 1.1156764148246548e+01 2.3312889311343658e-05
6.3247479364764336e-01 3.8207879928440447e-01 1.1151744774397001e+01 2.3718059429650121e-05
6.3247479364764336e-01 3.9213350452873086e-01 1.1147123832767560e+01 2.4122145232167039e-05
6.3247479364764336e-01 4.0218820977305736e-01 1.1142904145209716e+01 2.4521875137693576e-05
6.3247479364764336e-01 4.1224291501738375e-01 1.1139087792848953e+01 2.4913403165137590e-05
6.3247479364764336e-01 4.2229762026171014e-01 1.1135676139751199e+01 2.5292226964894146e-05
6.3247479364764336e-01 4.3235232550603664e-01 1.1132669850644813e+01 2.5653102402249122e-05
6.3247479364764336e-01 4.4240703075036303e-01 1.1130068907549282e+01 2.5989967285849716e-05
6.3247479364764336e-01 4.5246173599468953e-01 1.1127872622521217e+01 2.6295861008946111e-05
6.3247479364764336e-01 4.6251644123901592e-01 1.1126078576181488e+01 2.6559412417421212e-05
6.3247479364764336e-01 4.7257114648334225e-01 1.1124651944152108e+01 2.6666609411258793e-05
6.3247479364764336e-01 4.8262585172766881e-01 1.1123440278901644e+01 2.6138456130524894e-05
6.3247479364764336e-01 4.9268055697199514e-01 1.1122842582283745e+01 2.6513778523332645e-05
6.3247479364764336e-01 5.0273526221632159e-01 1.1122752383073362e+01 2.7109258018395255e-05
6.5054550203757600e-01 -5.0273526221632159e-01 1.1070034109987153e+01 2.8571917933348671e-05
6.5054550203757600e-01 -4.9268055697199509e-01 1.1070089378138130e+01 2.7949234229135859e-05
6.5054550203757600e-01 -4.8262585172766864e-01 1.1070597305858936e+01 2.7506298111947346e-05
6.5054550203757600e-01 -4.7257114648334225e-01 1.1071684849512478e+01 2.7984406056512286e-05
6.5054550203757600e-01 -4.6251644123901581e-01 1.1072946944847457e+01 2.7869479995203964e-05
6.5054550203757600e-01 -4.5246173599468936e-01 1.1074530424880550e+01 2.7605793386742308e-05
6.5054550203757600e-01 -4.4240703075036292e-01 1.1076468818679258e+01 2.7300387399679335e-05
6.5054550203757600e-01 -4.3235232550603647e-01 1.1078764175929779e+01 2.6964443960573736e-05
6.5054550203757600e-01 -4.2229762026171014e-01 1.1081416800310780e+01 2.6604928804709096e-05
6.5054550203757600e-01 -4.1224291501738369e-01 1.1084426282781925e+01 2.6227875686316281e-05
6.5054550203757600e-01 -4.0218820977305725e-01 1.1087791494438234e+01 2.5838474942962870e-05
6.5054550203757600e-01 -3.9213350452873080e-01 1.1091510576187577e+01 2.5441159801360000e-05
6.5054550203757600e-01 -3.8207879928440436e-01 1.1095580927888996e+01 2.5039700026495591e-05
6.5054550203757600e-01 -3.7202409404007797e-01 1.1099999192385019e+01 2.4637290171591462e-05
6.5054550203757600e-01 -3.6196938879575147e-01 1.1104761232650777e+01 2.4236627929758554e-05
6.5054550203757600e-01 -3.5191468355142508e-01 1.1109862101672835e+01 2.3839981955811480e-05
6.5054550203757600e-01 -3.4185997830709863e-01 1.1115296005326872e+01 2.3449250075535070e-05
6.5054550203757600e-01 -3.3180527306277219e-01 1.1121056258850386e+01 2.3066009255619697e-05
6.5054550203757600e-01 -3.2175056781844580e-01 1.1127135237725675e+01 2.2691558693513958e-05
6.5054550203757600e-01 -3.1169586257411935e-01 1.1133524324015690e+01 2.2326957201889907e-05
6.5054550203757600e-01 -3.0164115732979291e-01 1.1140213849506175e+01 2.1973055841906018e-05
6.5054550203757600e-01 -2.9158645208546646e-01 1.1147193037457686e+01 2.1630526557741204e-05
6.5054550203757600e-01 -2.8153174684114002e-01 1.1154449945417298e+01 2.1299887399748926e-05
6.5054550203757600e-01 -2.7147704159681363e-01 1.1161971412451566e+01 2.0981524795997320e-05
6.5054550203757600e-01 -2.6142233635248718e-01 1.1169743015432415e+01 2.0675713237127299e-05
6.5054550203757600e-01 -2.5136763110816074e-01 1.1177749040763276e+01 2.0382632670443106e-05
6.5054550203757600e-01 -2.4131292586383432e-01 1.1185972480354453e+01 2.0102383849602719e-05
6.5054550203757600e-01 -2.3125822061950788e-01 1.1194395064003100e+01 1.9835001850606296e-05
6.5054550203757600e-01 -2.2120351537518143e-01 1.1202997344975470e+01 1.9580467938909313e-05
6.5054550203757600e-01 -2.1114881013085501e-01 1.1211758862080213e+01 1.9338719953087788e-05
6.5054550203757600e-01 -2.0109410488652857e-01 1.1220658410680183e+01 1.9109661355246154e-05
6.5054550203757600e-01 -1.9103939964220218e-01 1.1229674468165893e+01 1.8893169085974172e-05
6.5054550203757600e-01 -1.8098469439787573e-01 1.1238785838336332e+01 1.8689100350691529e-05
6.5054550203757600e-01 -1.7092998915354929e-01 1.1247972606928942e+01 1.8497298454523298e-05
6.5054550203757600e-01 -1.6087528390922284e-01 1.1257217542036994e+01 1.8317597793475661e-05
6.5054550203757600e-01 -1.5082057866489645e-01 1.1266508136130092e+01 1.8149828101069235e-05
6.5054550203757600e-01 -1.4076587342057001e-01 1.1275839583506333e+01 1.7993818041063815e-05
6.5054550203757600e-01 -1.3071116817624356e-01 1.1285219138877457e+01 1.7849398228831304e-05
6.5054550203757600e-01 -1.2065646293191713e-01 1.1294672542731105e+01 1.7716403756291216e-05
6.5054550203757600e-01 -1.1060175768759069e-01 1.1304253579332078e+01 1.7594676287780203e-05
6.5054550203757600e-01 -1.0054705244326431e-01 1.1314058429277010e+01 1.7484065787392807e-05
6.5054550203757600e-01 -9.0492347198937867e-02 1.1324247377001264e+01 1.7384431931725797e-05
6.5054550203757600e-01 -8.0437641954611422e-02 1.1335077647123169e+01 1.7295645255804561e-05
6.5054550203757600e-01 -7.0382936710284977e-02 1.1346952266664564e+01 1.7217588074238057e-05
6.5054550203757600e-01 -6.0328231465958525e-02 1.1360488791689091e+01 1.7150155214384362e-05
6.5054550203757600e-01 -5.0273526221632080e-02 1.1376598698747090e+01 1.7093254593240516e-05
6.5054550203757600e-01 -4.0218820977305711e-02 1.1396484943884403e+01 1.7046807665466275e-05
6.5054550203757600e-01 -3.0164115732979262e-02 1.1421013399568823e+01 1.7010749765010438e-05
6.5054550203757600e-01 -2.0109410488652817e-02 1.1448307075535345e+01 1.6985030359824718e-05
6.5054550203757600e-01 -1.0054705244326374e-02 1.1469750983947236e+01 1.6969613235229381e-05
6.5054550203757600e-01 7.1065644079062674e-17 1.1475045986957948e+01 1.6964476614970722e-05
6.5054550203757600e-01 1.0054705244326445e-02 1.1469750983947245e+01 1.6969613235463812e-05
6.5054550203757600e-01 2.0109410488652890e-02 1.1448307075535331e+01 1.6985030359838423e-05
6.5054550203757600e-01 3.0164115732979335e-02 1.1421013399568830e+01 1.7010749765072274e-05
6.5054550203757600e-01 4.0218820977305780e-02 1.1396484943884396e+01 1.7046807665437862e-05
6.5054550203757600e-01 5.0273526221632225e-02 1.1376598698747088e+01 1.7093254593266378e-05
6.5054550203757600e-01 6.0328231465958670e-02 1.1360488791689091e+01 1.7150155214383162e-05
6.5054550203757600e-01 7.0382936710285046e-02 1.1346952266664552e+01 1.7217588074245368e-05
6.5054550203757600e-01 8.0437641954611491e-02 1.1335077647123168e+01 1.7295645255798096e-05
6.5054550203757600e-01 9.0492347198937936e-02 1.1324247377001265e+01 1.7384431931721840e-05
6.5054550203757600e-01 1.0054705244326438e-01 1.1314058429276997e+01 1.7484065787388738e-05
6.5054550203757600e-01 1.1060175768759083e-01 1.1304253579332091e+01 1.7594676287781057e-05
6.5054550203757600e-01 1.2065646293191720e-01 1.1294672542731107e+01 1.7716403756294516e-05
6.5054550203757600e-01 1.3071116817624365e-01 1.1285219138877451e+01 1.7849398228832046e-05
6.5054550203757600e-01 1.4076587342057009e-01 1.1275839583506331e+01 1.7993818041060477e-05
6.5054550203757600e-01 1.5082057866489645e-01 1.1266508136130096e+01 1.8149828101071790e-05
6.5054550203757600e-01 1.6087528390922298e-01 1.1257217542036999e+01 1.8317597793475875e-05
6.5054550203757600e-01 1.7092998915354934e-01 1.1247972606928931e+01 1.8497298454524426e-05
6.5054550203757600e-01 1.8098469439787587e-01 1.1238785838336328e+01 1.8689100350692047e-05
6.5054550203757600e-01 1.9103939964220223e-01 1.1229674468165891e+01 1.8893169085974673e-05
6.5054550203757600e-01 2.0109410488652862e-01 1.1220658410680182e+01 1.9109661355248018e-05
6.5054550203757600e-01 2.1114881013085512e-01 1.1211758862080204e+01 1.9338719953088306e-05
6.5054550203757600e-01 2.2120351537518151e-01 1.1202997344975456e+01 1.9580467938908507e-05
6.5054550203757600e-01 2.3125822061950801e-01 1.1194395064003105e+01 1.9835001850606662e-05
6.5054550203757600e-01 2.4131292586383440e-01 1.1185972480354463e+01 2.0102383849604789e-05
6.5054550203757600e-01 2.5136763110816079e-01 1.1177749040763267e+01 2.0382632670444041e-05
6.5054550203757600e-01 2.6142233635248729e-01 1.1169743015432420e+01 2.0675713237128464e-05
6.5054550203757600e-01 2.7147704159681368e-01 1.1161971412451557e+01 2.0981524795998353e-05
6.5054550203757600e-01 2.8153174684114018e-01 1.1154449945417293e+01 2.1299887399748814e-05
6.5054550203757600e-01 2.9158645208546657e-01 1.1147193037457688e+01 2.1630526557740103e-05
6.5054550203757600e-01 3.0164115732979291e-01 1.1140213849506178e+01 2.1973055841906136e-05
6.5054550203757600e-01 3.1169586257411946e-01 1.1133524324015688e+01 2.2326957201889860e-05
6.5054550203757600e-01 3.2175056781844580e-01 1.1127135237725682e+01 2.2691558693513613e-05
6.5054550203757600e-01 3.3180527306277235e-01 1.1121056258850388e+01 2.3066009255619287e-05
6.5054550203757600e-01 3.4185997830709869e-01 1.1115296005326876e+01 2.3449250075534345e-05
6.5054550203757600e-01 3.5191468355142524e-01 1.1109862101672830e+01 2.3839981955811090e-05
6.5054550203757600e-01 3.6196938879575158e-01 1.1104761232650773e+01 2.4236627929758462e-05
6.5054550203757600e-01 3.7202409404007797e-01 1.1099999192385029e+01 2.4637290171590320e-05
6.5054550203757600e-01 3.8207879928440447e-01 1.1095580927888991e+01 2.5039700026495594e-05
6.5054550203757600e-01 3.9213350452873086e-01 1.1091510576187579e+01 2.5441159801358218e-05
6.5054550203757600e-01 4.0218820977305736e-01 1.1087791494438221e+01 2.5838474942964733e-05
6.5054550203757600e-01 4.1224291501738375e-01 1.1084426282781928e+01 2.6227875686315396e-05
6.5054550203757600e-01 4.2229762026171014e-01 1.1081416800310778e+01 2.6604928804709354e-05
6.5054550203757600e-01 4.3235232550603664e-01 1.1078764175929773e+01 2.6964443960573021e-05
6.5054550203757600e-01 4.4240703075036303e-01 1.1076468818679260e+01 2.7300387399679088e-05
6.5054550203757600e-01 4.5246173599468953e-01 1.1074530424880560e+01 2.7605793386741461e-05
6.5054550203757600e-01 4.6251644123901592e-01 1.1072946944847468e+01 2.7869479995204167e-05
6.5054550203757600e-01 4.7257114648334225e-01 1.1071684849512492e+01 2.7984406056511303e-05
6.5054550203757600e-01 4.8262585172766881e-01 1.1070597305858930e+01 2.7506298111947180e-05
6.5054550203757600e-01 4.9268055697199514e-01 1.1070089378138118e+01 2.7949234229138611e-05
6.5054550203757600e-01 5.0273526221632159e-01 1.1070034109987153e+01 2.8571917933348267e-05
6.6861621042750852e-01 -5.0273526221632159e-01 1.1019426206330131e+01 3.0032099460853991e-05
6.6861621042750852e-01 -4.9268055697199509e-01 1.1019448586234956e+01 2.9380247431971230e-05
6.6861621042750852e-01 -4.8262585172766864e-01 1.1019873000505422e+01 2.8869982872621735e-05
6.6861621042750852e-01 -4.7257114648334225e-01 1.1020846918194312e+01 2.9303049354489954e-05
6.6861621042750852e-01 -4.6251644123901581e-01 1.1021959020743211e+01 2.9182511273251735e-05
6.6861621042750852e-01 -4.5246173599468936e-01 1.1023350703349674e+01 2.8920469911173234e-05
6.6861621042750852e-01 -4.4240703075036292e-01 1.1025054304808981e+01 2.8617499475961453e-05
6.6861621042750852e-01 -4.3235232550603647e-01 1.1027071606182549e+01 2.8284542949748562e-05
6.6861621042750852e-01 -4.2229762026171014e-01 1.1029402647512049e+01 2.7928513773823626e-05
6.6861621042750852e-01 -4.1224291501738369e-01 1.1032046733789064e+01 2.7555371765916604e-05
6.6861621042750852e-01 -4.0218820977305725e-01 1.1035002433370471e+01 2.7170218918040125e-05
6.6861621042750852e-01 -3.9213350452873080e-01 1.1038267573884765e+01 2.6777394045300277e-05
6.6861621042750852e-01 -3.8207879928440436e-01 1.1041839238127505e+01 2.6380572921092317e-05
6.6861621042750852e-01 -3.7202409404007797e-01 1.1045713755619278e+01 2.5982861211188887e-05
6.6861621042750852e-01 -3.6196938879575147e-01 1.1049886688278274e+01 2.5586875960232001e-05
6.6861621042750852e-01 -3.5191468355142508e-01 1.1054352810041088e+01 2.5194815294642981e-05
6.6861621042750852e-01 -3.4185997830709863e-01 1.1059106080914644e+01 2.4808517538665146e-05
6.6861621042750852e-01 -3.3180527306277219e-01 1.1064139616264219e+01 2.4429511359850933e-05
6.6861621042750852e-01 -3.2175056781844580e-01 1.1069445652349044e+01 2.4059058506203511e-05
6.6861621042750852e-01 -3.1169586257411935e-01 1.1075015509320618e+01 2.3698190474730097e-05
6.6861621042750852e-01 -3.0164115732979291e-01 1.1080839553163340e+01 2.3347740197317971e-05
6.6861621042750852e-01 -2.9158645208546646e-01 1.1086907158427550e+01 2.3008369599364606e-05
6.6861621042750852e-01 -2.8153174684114002e-01 1.1093206674116828e+01 2.2680593697026792e-05
6.6861621042750852e-01 -2.7147704159681363e-01 1.1099725395790772e+01 2.2364801751090273e-05
6.6861621042750852e-01 -2.6142233635248718e-01 1.1106449547879585e+01 2.2061275883741939e-05
6.6861621042750852e-01 -2.5136763110816074e-01 1.1113364281448298e+01 2.1770207481968306e-05
6.6861621042750852e-01 -2.4131292586383432e-01 1.1120453694281503e+01 2.1491711650785374e-05
6.6861621042750852e-01 -2.3125822061950788e-01 1.1127700882303278e+01 2.1225839935525924e-05
6.6861621042750852e-01 -2.2120351537518143e-01 1.1135088034152824e+01 2.0972591500124551e-05
6.6861621042750852e-01 -2.1114881013085501e-01 1.1142596584404874e+01 2.0731922924242756e-05
6.6861621042750852e-01 -2.0109410488652857e-01 1.1150207445714624e+01 2.0503756763810244e-05
6.6861621042750852e-01 -1.9103939964220218e-01 1.1157901346404334e+01 2.0287989004865255e-05
6.6861621042750852e-01 -1.8098469439787573e-01 1.1165659308079581e+01 2.0084495528712067e-05
6.6861621042750852e-01 -1.7092998915354929e-01 1.1173463308176101e+01 1.9893137695987371e-05
6.6861621042750852e-01 -1.6087528390922284e-01 1.1181297185183281e+01 1.9713767148030318e-05
6.6861621042750852e-01 -1.5082057866489645e-01 1.1189147859481649e+01 1.9546229915652271e-05
6.6861621042750852e-01 -1.4076587342057001e-01 1.1197006958737525e+01 1.9390369917377883e-05
6.6861621042750852e-01 -1.3071116817624356e-01 1.1204872948703306e+01 1.9246031922095201e-05
6.6861621042750852e-01 -1.2065646293191713e-01 1.1212753865239538e+01 1.9113064043878387e-05
6.6861621042750852e-01 -1.1060175768759069e-01 1.1220670690624624e+01 1.8991319830387467e-05
6.6861621042750852e-01 -1.0054705244326431e-01 1.1228661246688015e+01 1.8880659999865665e-05
6.6861621042750852e-01 -9.0492347198937867e-02 1.1236784036066650e+01 1.8780953876091310e-05
6.6861621042750852e-01 -8.0437641954611422e-02 1.1245120433443541e+01 1.8692080565069014e-05
6.6861621042750852e-01 -7.0382936710284977e-02 1.1253771403528598e+01 1.8613929912223182e-05
6.6861621042750852e-01 -6.0328231465958525e-02 1.1262840523098669e+01 1.8546403273946614e-05
6.6861621042750852e-01 -5.0273526221632080e-02 1.1272387591414320e+01 1.8489414133110392e-05
6.6861621042750852e-01 -4.0218820977305711e-02 1.1282328161139107e+01 1.8442888583761192e-05
6.6861621042750852e-01 -3.0164115732979262e-02 1.1292256378319811e+01 1.8406765706329061e-05
6.6861621042750852e-01 -2.0109410488652817e-02 1.1301224471303877e+01 1.8380997851260222e-05
6.6861621042750852e-01 -1.0054705244326374e-02 1.1307690144015785e+01 1.8365550845142254e-05
6.6861621042750852e-01 7.1065644079062674e-17 1.1310050073715518e+01 1.8360404130186198e-05
6.6861621042750852e-01 1.0054705244326445e-02 1.1307690144015785e+01 1.8365550845087186e-05
6.6861621042750852e-01 2.0109410488652890e-02 1.1301224471303881e+01 1.8380997851249048e-05
6.6861621042750852e-01 3.0164115732979335e-02 1.1292256378319820e+01 1.8406765706342640e-05
6.6861621042750852e-01 4.0218820977305780e-02 1.1282328161139098e+01 1.8442888583777618e-05
6.6861621042750852e-01 5.0273526221632225e-02 1.1272387591414320e+01 1.8489414133126404e-05
6.6861621042750852e-01 6.0328231465958670e-02 1.1262840523098673e+01 1.8546403273940837e-05
6.6861621042750852e-01 7.0382936710285046e-02 1.1253771403528601e+01 1.8613929912226133e-05
6.6861621042750852e-01 8.0437641954611491e-02 1.1245120433443542e+01 1.8692080565073916e-05
6.6861621042750852e-01 9.0492347198937936e-02 1.1236784036066648e+01 1.8780953876090612e-05
6.6861621042750852e-01 1.0054705244326438e-01 1.1228661246688020e+01 1.8880659999866170e-05
6.6861621042750852e-01 1.1060175768759083e-01 1.1220670690624628e+01 1.8991319830388066e-05
6.6861621042750852e-01 1.2065646293191720e-01 1.1212753865239538e+01 1.9113064043880847e-05
6.6861621042750852e-01 1.3071116817624365e-01 1.1204872948703311e+01 1.9246031922094063e-05
6.6861621042750852e-01 1.4076587342057009e-01 1.1197006958737507e+01 1.9390369917379100e-05
6.6861621042750852e-01 1.5082057866489645e-01 1.1189147859481638e+01 1.9546229915652322e-05
6.6861621042750852e-01 1.6087528390922298e-01 1.1181297185183272e+01 1.9713767148032025e-05
6.6861621042750852e-01 1.7092998915354934e-01 1.1173463308176107e+01 1.9893137695986870e-05
6.6861621042750852e-01 1.8098469439787587e-01 1.1165659308079578e+01 2.0084495528713595e-05
6.6861621042750852e-01 1.9103939964220223e-01 1.1157901346404330e+01 2.0287989004863453e-05
6.6861621042750852e-01 2.0109410488652862e-01 1.1150207445714623e+01 2.0503756763812107e-05
6.6861621042750852e-01 2.1114881013085512e-01 1.1142596584404876e+01 2.0731922924243694e-05
6.6861621042750852e-01 2.2120351537518151e-01 1.1135088034152822e+01 2.0972591500124344e-05
6.6861621042750852e-01 2.3125822061950801e-01 1.1127700882303284e+01 2.1225839935523939e-05
6.6861621042750852e-01 2.4131292586383440e-01 1.1120453694281505e+01 2.1491711650785621e-05
6.6861621042750852e-01 2.5136763110816079e-01 1.1113364281448298e+01 2.1770207481969326e-05
6.6861621042750852e-01 2.6142233635248729e-01 1.1106449547879585e+01 2.2061275883741149e-05
6.6861621042750852e-01 2.7147704159681368e-01 1.1099725395790763e+01 2.2364801751090656e-05
6.6861621042750852e-01 2.8153174684114018e-01 1.1093206674116832e+01 2.2680593697026697e-05
6.6861621042750852e-01 2.9158645208546657e-01 1.1086907158427548e+01 2.3008369599364298e-05
6.6861621042750852e-01 3.0164115732979291e-01 1.1080839553163335e+01 2.3347740197317432e-05
6.6861621042750852e-01 3.1169586257411946e-01 1.1075015509320613e+01 2.3698190474728389e-05
6.6861621042750852e-01 3.2175056781844580e-01 1.1069445652349048e+01 2.4059058506203972e-05
6.6861621042750852e-01 3.3180527306277235e-01 1.1064139616264208e+01 2.4429511359851689e-05
6.6861621042750852e-01 3.4185997830709869e-01 1.1059106080914630e+01 2.4808517538665003e-05
6.6861621042750852e-01 3.5191468355142524e-01 1.1054352810041085e+01 2.5194815294643720e-05
6.6861621042750852e-01 3.6196938879575158e-01 1.1049886688278280e+01 2.5586875960233750e-05
6.6861621042750852e-01 3.7202409404007797e-01 1.1045713755619278e+01 2.5982861211187050e-05
6.6861621042750852e-01 3.8207879928440447e-01 1.1041839238127510e+01 2.6380572921095041e-05
6.6861621042750852e-01 3.9213350452873086e-01 1.1038267573884763e+01 2.6777394045302774e-05
6.6861621042750852e-01 4.0218820977305736e-01 1.1035002433370479e+01 2.7170218918039738e-05
6.6861621042750852e-01 4.1224291501738375e-01 1.1032046733789072e+01 2.7555371765914406e-05
6.6861621042750852e-01 4.2229762026171014e-01 1.1029402647512056e+01 2.7928513773822647e-05
6.6861621042750852e-01 4.3235232550603664e-01 1.1027071606182554e+01 2.8284542949748230e-05
6.6861621042750852e-01 4.4240703075036303e-01 1.1025054304808970e+01 2.8617499475960958e-05
6.6861621042750852e-01 4.5246173599468953e-01 1.1023350703349672e+01 2.8920469911173894e-05
6.6861621042750852e-01 4.6251644123901592e-01 1.1021959020743202e+01 2.9182511273251630e-05
6.6861621042750852e-01 4.7257114648334225e-01 1.1020846918194300e+01 2.9303049354489751e-05
6.6861621042750852e-01 4.8262585172766881e-01 1.1019873000505424e+01 2.8869982872622779e-05
6.6861621042750852e-01 4.9268055697199514e-01 1.1019448586234946e+01 2.9380247431970227e-05
6.6861621042750852e-01 5.0273526221632159e-01 1.1019426206330129e+01 3.0032099460854157e-05
6.8668691881744137e-01 -5.0273526221632159e-01 1.0971269969847148e+01 3.1469562703840236e-05
6.8668691881744137e-01 -4.9268055697199509e-01 1.0971261685936268e+01 3.0787737493899888e-05
6.8668691881744137e-01 -4.8262585172766864e-01 1.0971609155143835e+01 3.0212120910372062e-05
6.8668691881744137e-01 -4.7257114648334225e-01 1.0972480041895635e+01 3.0605455776785612e-05
6.8668691881744137e-01 -4.6251644123901581e-01 1.0973456622490909e+01 3.0481381467908184e-05
6.8668691881744137e-01 -4.5246173599468936e-01 1.0974675120315009e+01 3.0222626231096489e-05
6.8668691881744137e-01 -4.4240703075036292e-01 1.0976166791229058e+01 2.9923840163666988e-05
6.8668691881744137e-01 -4.3235232550603647e-01 1.0977933229575816e+01 2.9595682293349149e-05
6.8668691881744137e-01 -4.2229762026171014e-01 1.0979974309943882e+01 2.9244963564676758e-05
6.8668691881744137e-01 -4.1224291501738369e-01 1.0982289166484135e+01 2.8877533480553032e-05
6.8668691881744137e-01 -4.0218820977305725e-01 1.0984876196136202e+01 2.8498380763471795e-05
6.8668691881744137e-01 -3.9213350452873080e-01 1.0987733060083736e+01 2.8111733785029191e-05
6.8668691881744137e-01 -3.8207879928440436e-01 1.0990856685745657e+01 2.7721164958904088e-05
6.8668691881744137e-01 -3.7202409404007797e-01 1.0994243265125663e+01 2.7329686534776825e-05
6.8668691881744137e-01 -3.6196938879575147e-01 1.0997888248102939e+01 2.6939833779233167e-05
6.8668691881744137e-01 -3.5191468355142508e-01 1.1001786330611450e+01 2.6553735452266597e-05
6.8668691881744137e-01 -3.4185997830709863e-01 1.1005931438286664e+01 2.6173172998389988e-05
6.8668691881744137e-01 -3.3180527306277219e-01 1.1010316706455264e+01 2.5799630257778108e-05
6.8668691881744137e-01 -3.2175056781844580e-01 1.1014934457512739e+01 2.5434335415389949e-05
6.8668691881744137e-01 -3.1169586257411935e-01 1.1019776176880098e+01 2.5078296653095507e-05
6.8668691881744137e-01 -3.0164115732979291e-01 1.1024832488910357e+01 2.4732332689645238e-05
6.8668691881744137e-01 -2.9158645208546646e-01 1.1030093134357804e+01 2.4397099140360018e-05
6.8668691881744137e-01 -2.8153174684114002e-01 1.1035546951347872e+01 2.4073111419926814e-05
6.8668691881744137e-01 -2.7147704159681363e-01 1.1041181862213133e+01 2.3760764748255769e-05
6.8668691881744137e-01 -2.6142233635248718e-01 1.1046984869101593e+01 2.3460351694458213e-05
6.8668691881744137e-01 -2.5136763110816074e-01 1.1052942061939046e+01 2.3172077601189412e-05
6.8668691881744137e-01 -2.4131292586383432e-01 1.1059038643145669e+01 2.2896074162648562e-05
6.8668691881744137e-01 -2.3125822061950788e-01 1.1065258974479516e+01 2.2632411379149237e-05
6.8668691881744137e-01 -2.2120351537518143e-01 1.1071586652498471e+01 2.2381108073984581e-05
6.8668691881744137e-01 -2.1114881013085501e-01 1.1078004620364803e+01 2.2142141130915378e-05
6.8668691881744137e-01 -2.0109410488652857e-01 1.1084495324974739e+01 2.1915453589713427e-05
6.8668691881744137e-01 -1.9103939964220218e-01 1.1091040929492662e+01 2.1700961721308932e-05
6.8668691881744137e-01 -1.8098469439787573e-01 1.1097623591940117e+01 2.1498561191280014e-05
6.8668691881744137e-01 -1.7092998915354929e-01 1.1104225819838708e+01 2.1308132409841860e-05
6.8668691881744137e-01 -1.6087528390922284e-01 1.1110830907771382e+01 2.1129545157565514e-05
6.8668691881744137e-01 -1.5082057866489645e-01 1.1117423456838450e+01 2.0962662567991795e-05
6.8668691881744137e-01 -1.4076587342057001e-01 1.1123989958355585e+01 2.0807344541138278e-05
6.8668691881744137e-01 -1.3071116817624356e-01 1.1130519391913460e+01 2.0663450655337742e-05
6.8668691881744137e-01 -1.2065646293191713e-01 1.1137003728661645e+01 2.0530842638533953e-05
6.8668691881744137e-01 -1.1060175768759069e-01 1.1143438126277045e+01 2.0409386454468213e-05
6.8668691881744137e-01 -1.0054705244326431e-01 1.1149820426291127e+01 2.0298954053740054e-05
6.8668691881744137e-01 -9.0492347198937867e-02 1.1156149286055447e+01 2.0199424834511873e-05
6.8668691881744137e-01 -8.0437641954611422e-02 1.1162419878851264e+01 2.0110686852958565e-05
6.8668691881744137e-01 -7.0382936710284977e-02 1.1168615630618916e+01 2.0032637818913042e-05
6.8668691881744137e-01 -6.0328231465958525e-02 1.1174694198647778e+01 1.9965185907889763e-05
6.8668691881744137e-01 -5.0273526221632080e-02 1.1180566580373378e+01 1.9908250416864064e-05
6.8668691881744137e-01 -4.0218820977305711e-02 1.1186071346696590e+01 1.9861762287046197e-05
6.8668691881744137e-01 -3.0164115732979262e-02 1.1190953289267870e+01 1.9825664513793889e-05
6.8668691881744137e-01 -2.0109410488652817e-02 1.1194866511390044e+01 1.9799912459939974e-05
6.8668691881744137e-01 -1.0054705244326374e-02 1.1197427096393945e+01 1.9784474086023594e-05
6.8668691881744137e-01 7.1065644079062674e-17 1.1198321431894618e+01 1.9779330107434621e-05
6.8668691881744137e-01 1.0054705244326445e-02 1.1197427096393952e+01 1.9784474086017343e-05
6.8668691881744137e-01 2.0109410488652890e-02 1.1194866511390043e+01 1.9799912459941932e-05
6.8668691881744137e-01 3.0164115732979335e-02 1.1190953289267867e+01 1.9825664513792358e-05
6.8668691881744137e-01 4.0218820977305780e-02 1.1186071346696602e+01 1.9861762287048288e-05
6.8668691881744137e-01 5.0273526221632225e-02 1.1180566580373382e+01 1.9908250416853222e-05
6.8668691881744137e-01 6.0328231465958670e-02 1.1174694198647780e+01 1.9965185907889773e-05
6.8668691881744137e-01 7.0382936710285046e-02 1.1168615630618918e+01 2.0032637818910904e-05
6.8668691881744137e-01 8.0437641954611491e-02 1.1162419878851280e+01 2.0110686852959077e-05
6.8668691881744137e-01 9.0492347198937936e-02 1.1156149286055463e+01 2.0199424834510138e-05
6.8668691881744137e-01 1.0054705244326438e-01 1.1149820426291129e+01 2.0298954053740006e-05
6.8668691881744137e-01 1.1060175768759083e-01 1.1143438126277049e+01 2.0409386454468657e-05
6.8668691881744137e-01 1.2065646293191720e-01 1.1137003728661647e+01 2.0530842638531859e-05
6.8668691881744137e-01 1.3071116817624365e-01 1.1130519391913470e+01 2.0663450655336756e-05
6.8668691881744137e-01 1.4076587342057009e-01 1.1123989958355580e+01 2.0807344541139023e-05
6.8668691881744137e-01 1.5082057866489645e-01 1.1117423456838438e+01 2.0962662567992455e-05
6.8668691881744137e-01 1.6087528390922298e-01 1.1110830907771380e+01 2.1129545157567432e-05
6.8668691881744137e-01 1.7092998915354934e-01 1.1104225819838701e+01 2.1308132409840955e-05
6.8668691881744137e-01 1.8098469439787587e-01 1.1097623591940122e+01 2.1498561191277798e-05
6.8668691881744137e-01 1.9103939964220223e-01 1.1091040929492657e+01 2.1700961721311324e-05
6.8668691881744137e-01 2.0109410488652862e-01 1.1084495324974739e+01 2.1915453589714938e-05
6.8668691881744137e-01 2.1114881013085512e-01 1.1078004620364817e+01 2.2142141130914930e-05
6.8668691881744137e-01 2.2120351537518151e-01 1.1071586652498468e+01 2.2381108073982141e-05
6.8668691881744137e-01 2.3125822061950801e-01 1.1065258974479535e+01 2.2632411379148685e-05
6.8668691881744137e-01 2.4131292586383440e-01 1.1059038643145671e+01 2.2896074162648884e-05
6.8668691881744137e-01 2.5136763110816079e-01 1.1052942061939039e+01 2.3172077601188782e-05
6.8668691881744137e-01 2.6142233635248729e-01 1.1046984869101587e+01 2.3460351694457176e-05
6.8668691881744137e-01 2.7147704159681368e-01 1.1041181862213131e+01 2.3760764748255085e-05
6.8668691881744137e-01 2.8153174684114018e-01 1.1035546951347866e+01 2.4073111419927421e-05
6.8668691881744137e-01 2.9158645208546657e-01 1.1030093134357790e+01 2.4397099140360228e-05
6.8668691881744137e-01 3.0164115732979291e-01 1.1024832488910368e+01 2.4732332689647034e-05
6.8668691881744137e-01 3.1169586257411946e-01 1.1019776176880088e+01 2.5078296653094494e-05
6.8668691881744137e-01 3.2175056781844580e-01 1.1014934457512750e+01 2.5434335415388932e-05
6.8668691881744137e-01 3.3180527306277235e-01 1.1010316706455267e+01 2.5799630257778575e-05
6.8668691881744137e-01 3.4185997830709869e-01 1.1005931438286654e+01 2.6173172998388213e-05
6.8668691881744137e-01 3.5191468355142524e-01 1.1001786330611452e+01 2.6553735452267342e-05
6.8668691881744137e-01 3.6196938879575158e-01 1.0997888248102939e+01 2.6939833779231835e-05
6.8668691881744137e-01 3.7202409404007797e-01 1.0994243265125665e+01 2.7329686534778146e-05
6.8668691881744137e-01 3.8207879928440447e-01 1.0990856685745658e+01 2.7721164958905145e-05
6.8668691881744137e-01 3.9213350452873086e-01 1.0987733060083734e+01 2.8111733785030272e-05
6.8668691881744137e-01 4.0218820977305736e-01 1.0984876196136197e+01 2.8498380763473052e-05
6.8668691881744137e-01 4.1224291501738375e-01 1.0982289166484135e+01 2.8877533480554171e-05
6.8668691881744137e-01 4.2229762026171014e-01 1.0979974309943886e+01 2.9244963564675318e-05
6.8668691881744137e-01 4.3235232550603664e-01 1.0977933229575807e+01 2.9595682293352249e-05
6.8668691881744137e-01 4.4240703075036303e-01 1.0976166791229044e+01 2.9923840163666941e-05
6.8668691881744137e-01 4.5246173599468953e-01 1.0974675120315000e+01 3.0222626231098884e-05
6.8668691881744137e-01 4.6251644123901592e-01 1.0973456622490904e+01 3.0481381467906513e-05
6.8668691881744137e-01 4.7257114648334225e-01 1.0972480041895627e+01 3.0605455776784677e-05
6.8668691881744137e-01 4.8262585172766881e-01 1.0971609155143828e+01 3.0212120910371001e-05
6.8668691881744137e-01 4.9268055697199514e-01 1.0971261685936279e+01 3.0787737493897869e-05
6.8668691881744137e-01 5.0273526221632159e-01 1.0971269969847148e+01 3.1469562703839517e-05
7.0475762720737389e-01 -5.0273526221632159e-01 1.0925877554126561e+01 3.2864236866109316e-05
7.0475762720737389e-01 -4.9268055697199509e-01 1.0925840993826675e+01 3.2152861368735792e-05
7.0475762720737389e-01 -4.8262585172766864e-01 1.0926118294464830e+01 3.1515488657719905e-05
7.0475762720737389e-01 -4.7257114648334225e-01 1.0926896637059604e+01 3.1874405308820882e-05
7.0475762720737389e-01 -4.6251644123901581e-01 1.0927751863231210e+01 3.1748712400132682e-05
7.0475762720737389e-01 -4.5246173599468936e-01 1.0928815357233624e+01 3.1494667129954354e-05
7.0475762720737389e-01 -4.4240703075036292e-01 1.0930117398374287e+01 3.1201549360616420e-05
7.0475762720737389e-01 -4.3235232550603647e-01 1.0931659458195481e+01 3.0879695285490674e-05
7.0475762720737389e-01 -4.2229762026171014e-01 1.0933441322332795e+01 3.0535770638559522e-05
7.0475762720737389e-01 -4.1224291501738369e-01 1.0935462044026055e+01 3.0175486364542317e-05
7.0475762720737389e-01 -4.0218820977305725e-01 1.0937719951071353e+01 2.9803701021971991e-05
7.0475762720737389e-01 -3.9213350452873080e-01 1.0940212651797657e+01 2.9424523942001267e-05
7.0475762720737389e-01 -3.8207879928440436e-01 1.0942937042147690e+01 2.9041421383454001e-05
7.0475762720737389e-01 -3.7202409404007797e-01 1.0945889309747125e+01 2.8657313253660970e-05
7.0475762720737389e-01 -3.6196938879575147e-01 1.0949064933584964e+01 2.8274656538011532e-05
7.0475762720737389e-01 -3.5191468355142508e-01 1.0952458679274631e+01 2.7895515498723193e-05
7.0475762720737389e-01 -3.4185997830709863e-01 1.0956064590476963e+01 2.7521620197744397e-05
7.0475762720737389e-01 -3.3180527306277219e-01 1.0959875977331958e+01 2.7154415265722655e-05
7.0475762720737389e-01 -3.2175056781844580e-01 1.0963885402870101e+01 2.6795100731800813e-05
7.0475762720737389e-01 -3.1169586257411935e-01 1.0968084668455557e+01 2.6444666457952203e-05
7.0475762720737389e-01 -3.0164115732979291e-01 1.0972464799400029e+01 2.6103921425260037e-05
7.0475762720737389e-01 -2.9158645208546646e-01 1.0977016032000035e+01 2.5773518852486212e-05
7.0475762720737389e-01 -2.8153174684114002e-01 1.0981727803398110e+01 2.5453977906538744e-05
7.0475762720737389e-01 -2.7147704159681363e-01 1.0986588745852147e+01 2.5145702590687321e-05
7.0475762720737389e-01 -2.6142233635248718e-01 1.0991586687210416e+01 2.4848998262797393e-05
7.0475762720737389e-01 -2.5136763110816074e-01 1.0996708659617136e+01 2.4564086135834316e-05
7.0475762720737389e-01 -2.4131292586383432e-01 1.1001940918694665e+01 2.4291116038229212e-05
7.0475762720737389e-01 -2.3125822061950788e-01 1.1007268975619821e+01 2.4030177656776529e-05
7.0475762720737389e-01 -2.2120351537518143e-01 1.1012677644568271e+01 2.3781310444313124e-05
7.0475762720737389e-01 -2.1114881013085501e-01 1.1018151107837895e+01 2.3544512344396909e-05
7.0475762720737389e-01 -2.0109410488652857e-01 1.1023673000411891e+01 2.3319747462957846e-05
7.0475762720737389e-01 -1.9103939964220218e-01 1.1029226514529759e+01 2.3106952799883989e-05
7.0475762720737389e-01 -1.8098469439787573e-01 1.1034794522606868e+01 2.2906044140335356e-05
7.0475762720737389e-01 -1.7092998915354929e-01 1.1040359712997793e+01 2.2716921195082394e-05
7.0475762720737389e-01 -1.6087528390922284e-01 1.1045904726782464e+01 2.2539472070262549e-05
7.0475762720737389e-01 -1.5082057866489645e-01 1.1051412273773117e+01 2.2373577139681411e-05
7.0475762720737389e-01 -1.4076587342057001e-01 1.1056865190717406e+01 2.2219112386027668e-05
7.0475762720737389e-01 -1.3071116817624356e-01 1.1062246382349571e+01 2.2075952271510955e-05
7.0475762720737389e-01 -1.2065646293191713e-01 1.1067538554840182e+01 2.1943972192976960e-05
7.0475762720737389e-01 -1.1060175768759069e-01 1.1072723611099242e+01 2.1823050571406130e-05
7.0475762720737389e-01 -1.0054705244326431e-01 1.1077781532438216e+01 2.1713070621008048e-05
7.0475762720737389e-01 -9.0492347198937867e-02 1.1082688535449142e+01 2.1613921838649737e-05
7.0475762720737389e-01 -8.0437641954611422e-02 1.1087414300173476e+01 2.1525501250026808e-05
7.0475762720737389e-01 -7.0382936710284977e-02 1.1091918180436618e+01 2.1447714445153655e-05
7.0475762720737389e-01 -6.0328231465958525e-02 1.1096144630481033e+01 2.1380476431776940e-05
7.0475762720737389e-01 -5.0273526221632080e-02 1.1100018722791862e+01 2.1323712331893255e-05
7.0475762720737389e-01 -4.0218820977305711e-02 1.1103443599365168e+01 2.1277357943046551e-05
7.0475762720737389e-01 -3.0164115732979262e-02 1.1106302679848135e+01 2.1241360182922386e-05
7.0475762720737389e-01 -2.0109410488652817e-02 1.1108469582416520e+01 2.1215677432509275e-05
7.0475762720737389e-01 -1.0054705244326374e-02 1.1109826773358630e+01 2.1200279790440813e-05
7.0475762720737389e-01 7.1065644079062674e-17 1.1110289516456019e+01 2.1195149247805337e-05
7.0475762720737389e-01 1.0054705244326445e-02 1.1109826773358634e+01 2.1200279790433498e-05
7.0475762720737389e-01 2.0109410488652890e-02 1.1108469582416534e+01 2.1215677432512686e-05
7.0475762720737389e-01 3.0164115732979335e-02 1.1106302679848133e+01 2.1241360182919479e-05
7.0475762720737389e-01 4.0218820977305780e-02 1.1103443599365166e+01 2.1277357943050721e-05
7.0475762720737389e-01 5.0273526221632225e-02 1.1100018722791864e+01 2.1323712331894272e-05
7.0475762720737389e-01 6.0328231465958670e-02 1.1096144630481033e+01 2.1380476431776391e-05
7.0475762720737389e-01 7.0382936710285046e-02 1.1091918180436622e+01 2.1447714445155380e-05
7.0475762720737389e-01 8.0437641954611491e-02 1.1087414300173474e+01 2.1525501250028390e-05
7.0475762720737389e-01 9.0492347198937936e-02 1.1082688535449135e+01 2.1613921838647644e-05
7.0475762720737389e-01 1.0054705244326438e-01 1.1077781532438214e+01 2.1713070621008977e-05
7.0475762720737389e-01 1.1060175768759083e-01 1.1072723611099239e+01 2.1823050571403531e-05
7.0475762720737389e-01 1.2065646293191720e-01 1.1067538554840180e+01 2.1943972192976337e-05
7.0475762720737389e-01 1.3071116817624365e-01 1.1062246382349576e+01 2.2075952271510708e-05
7.0475762720737389e-01 1.4076587342057009e-01 1.1056865190717394e+01 2.2219112386026194e-05
7.0475762720737389e-01 1.5082057866489645e-01 1.1051412273773112e+01 2.2373577139683484e-05
7.0475762720737389e-01 1.6087528390922298e-01 1.1045904726782455e+01 2.2539472070263409e-05
7.0475762720737389e-01 1.7092998915354934e-01 1.1040359712997789e+01 2.2716921195082062e-05
7.0475762720737389e-01 1.8098469439787587e-01 1.1034794522606855e+01 2.2906044140334207e-05
7.0475762720737389e-01 1.9103939964220223e-01 1.1029226514529759e+01 2.3106952799881431e-05
7.0475762720737389e-01 2.0109410488652862e-01 1.1023673000411899e+01 2.3319747462960404e-05
7.0475762720737389e-01 2.1114881013085512e-01 1.1018151107837891e+01 2.3544512344399708e-05
7.0475762720737389e-01 2.2120351537518151e-01 1.1012677644568287e+01 2.3781310444314581e-05
7.0475762720737389e-01 2.3125822061950801e-01 1.1007268975619821e+01 2.4030177656775954e-05
7.0475762720737389e-01 2.4131292586383440e-01 1.1001940918694663e+01 2.4291116038227433e-05
7.0475762720737389e-01 2.5136763110816079e-01 1.0996708659617131e+01 2.4564086135832225e-05
7.0475762720737389e-01 2.6142233635248729e-01 1.0991586687210420e+01 2.4848998262796566e-05
7.0475762720737389e-01 2.7147704159681368e-01 1.0986588745852144e+01 2.5145702590686951e-05
7.0475762720737389e-01 2.8153174684114018e-01 1.0981727803398105e+01 2.5453977906539459e-05
7.0475762720737389e-01 2.9158645208546657e-01 1.0977016032000050e+01 2.5773518852485423e-05
7.0475762720737389e-01 3.0164115732979291e-01 1.0972464799400024e+01 2.6103921425260186e-05
7.0475762720737389e-01 3.1169586257411946e-01 1.0968084668455550e+01 2.6444666457950180e-05
7.0475762720737389e-01 3.2175056781844580e-01 1.0963885402870112e+01 2.6795100731804232e-05
7.0475762720737389e-01 3.3180527306277235e-01 1.0959875977331951e+01 2.7154415265723902e-05
7.0475762720737389e-01 3.4185997830709869e-01 1.0956064590476947e+01 2.7521620197744496e-05
7.0475762720737389e-01 3.5191468355142524e-01 1.0952458679274622e+01 2.7895515498725490e-05
7.0475762720737389e-01 3.6196938879575158e-01 1.0949064933584962e+01 2.8274656538011772e-05
7.0475762720737389e-01 3.7202409404007797e-01 1.0945889309747120e+01 2.8657313253659073e-05
7.0475762720737389e-01 3.8207879928440447e-01 1.0942937042147678e+01 2.9041421383452496e-05
7.0475762720737389e-01 3.9213350452873086e-01 1.0940212651797657e+01 2.9424523942000630e-05
7.0475762720737389e-01 4.0218820977305736e-01 1.0937719951071358e+01 2.9803701021973166e-05
7.0475762720737389e-01 4.1224291501738375e-01 1.0935462044026057e+01 3.0175486364543344e-05
7.0475762720737389e-01 4.2229762026171014e-01 1.0933441322332794e+01 3.0535770638559895e-05
7.0475762720737389e-01 4.3235232550603664e-01 1.0931659458195480e+01 3.0879695285490762e-05
7.0475762720737389e-01 4.4240703075036303e-01 1.0930117398374280e+01 3.1201549360615289e-05
7.0475762720737389e-01 4.5246173599468953e-01 1.0928815357233626e+01 3.1494667129953291e-05
7.0475762720737389e-01 4.6251644123901592e-01 1.0927751863231199e+01 3.1748712400133041e-05
7.0475762720737389e-01 4.7257114648334225e-01 1.0926896637059597e+01 3.1874405308820455e-05
7.0475762720737389e-01 4.8262585172766881e-01 1.0926118294464823e+01 3.1515488657720264e-05
7.0475762720737389e-01 4.9268055697199514e-01 1.0925840993826670e+01 3.2152861368734952e-05
7.0475762720737389e-01 5.0273526221632159e-01 1.0925877554126561e+01 3.2864236866109018e-05
7.2282833559730675e-01 -5.0273526221632159e-01 1.0883535518618194e+01 3.4204097009035380e-05
7.2282833559730675e-01 -4.9268055697199509e-01 1.0883473209740337e+01 3.3464857719722229e-05
7.2282833559730675e-01 -4.8262585172766864e-01 1.0883687224785069e+01 3.2770861698041575e-05
7.2282833559730675e-01 -4.7257114648334225e-01 1.0884383218787633e+01 3.3100406124580321e-05
7.2282833559730675e-01 -4.6251644123901581e-01 1.0885130753883743e+01 3.2974702365814130e-05
7.2282833559730675e-01 -4.5246173599468936e-01 1.0886056759425326e+01 3.2726453888612288e-05
7.2282833559730675e-01 -4.4240703075036292e-01 1.0887190643276046e+01 3.2440122119795011e-05
7.2282833559730675e-01 -4.3235232550603647e-01 1.0888533802529784e+01 3.2125690494324622e-05
7.2282833559730675e-01 -4.2229762026171014e-01 1.0890085990333265e+01 3.1789644039611582e-05
7.2282833559730675e-01 -4.1224291501738369e-01 1.0891846245277447e+01 3.1437532809700247e-05
7.2282833559730675e-01 -4.0218820977305725e-01 1.0893812901191945e+01 3.1074073351317608e-05
7.2282833559730675e-01 -3.9213350452873080e-01 1.0895983596612549e+01 3.0703251702595602e-05
7.2282833559730675e-01 -3.8207879928440436e-01 1.0898355285849604e+01 3.0328428859874213e-05
7.2282833559730675e-01 -3.7202409404007797e-01 1.0900924247591275e+01 2.9952436512913957e-05
7.2282833559730675e-01 -3.6196938879575147e-01 1.0903686089661958e+01 2.9577659308098119e-05
7.2282833559730675e-01 -3.5191468355142508e-01 1.0906635749876065e+01 2.9206103765646027e-05
7.2282833559730675e-01 -3.4185997830709863e-01 1.0909767493514636e+01 2.8839455451239280e-05
7.2282833559730675e-01 -3.3180527306277219e-01 1.0913074908190996e+01 2.8479126360925930e-05
7.2282833559730675e-01 -3.2175056781844580e-01 1.0916550896955762e+01 2.8126294366342436e-05
7.2282833559730675e-01 -3.1169586257411935e-01 1.0920187670519381e+01 2.7781936292315665e-05
7.2282833559730675e-01 -3.0164115732979291e-01 1.0923976739484171e+01 2.7446855898272738e-05
7.2282833559730675e-01 -2.9158645208546646e-01 1.0927908907494528e+01 2.7121707763308315e-05
7.2282833559730675e-01 -2.8153174684114002e-01 1.0931974266237550e+01 2.6807017849502437e-05
7.2282833559730675e-01 -2.7147704159681363e-01 1.0936162193250011e+01 2.6503201339478615e-05
7.2282833559730675e-01 -2.6142233635248718e-01 1.0940461353498669e+01 2.6210578206746281e-05
7.2282833559730675e-01 -2.5136763110816074e-01 1.0944859705681267e+01 2.5929386873224241e-05
7.2282833559730675e-01 -2.4131292586383432e-01 1.0949344514115154e+01 2.5659796230797732e-05
7.2282833559730675e-01 -2.3125822061950788e-01 1.0953902366899852e+01 2.5401916246088887e-05
7.2282833559730675e-01 -2.2120351537518143e-01 1.0958519200703666e+01 2.5155807325259018e-05
7.2282833559730675e-01 -2.1114881013085501e-01 1.0963180331954787e+01 2.4921488584287968e-05
7.2282833559730675e-01 -2.0109410488652857e-01 1.0967870493314168e+01 2.4698945146896219e-05
7.2282833559730675e-01 -1.9103939964220218e-01 1.0972573872935479e+01 2.4488134574874556e-05
7.2282833559730675e-01 -1.8098469439787573e-01 1.0977274152016657e+01 2.4288992522301046e-05
7.2282833559730675e-01 -1.7092998915354929e-01 1.0981954533327862e+01 2.4101437694592760e-05
7.2282833559730675e-01 -1.6087528390922284e-01 1.0986597749581986e+01 2.3925376185085512e-05
7.2282833559730675e-01 -1.5082057866489645e-01 1.0991186035580355e+01 2.3760705254725113e-05
7.2282833559730675e-01 -1.4076587342057001e-01 1.0995701042103677e+01 2.3607316614569753e-05
7.2282833559730675e-01 -1.3071116817624356e-01 1.1000123663052802e+01 2.3465099265338408e-05
7.2282833559730675e-01 -1.2065646293191713e-01 1.1004433741742494e+01 2.3333941943592351e-05
7.2282833559730675e-01 -1.1060175768759069e-01 1.1008609620330498e+01 2.3213735219556029e-05
7.2282833559730675e-01 -1.0054705244326431e-01 1.1012627503132208e+01 2.3104373287489790e-05
7.2282833559730675e-01 -9.0492347198937867e-02 1.1016460627849302e+01 2.3005755485650392e-05
7.2282833559730675e-01 -8.0437641954611422e-02 1.1020078288848595e+01 2.2917787579067194e-05
7.2282833559730675e-01 -7.0382936710284977e-02 1.1023444843569305e+01 2.2840382834931713e-05
7.2282833559730675e-01 -6.0328231465958525e-02 1.1026518959022040e+01 2.2773462916981393e-05
7.2282833559730675e-01 -5.0273526221632080e-02 1.1029253500450391e+01 2.2716958622081604e-05
7.2282833559730675e-01 -4.0218820977305711e-02 1.1031596569953081e+01 2.2670810479117872e-05
7.2282833559730675e-01 -3.0164115732979262e-02 1.1033494165804759e+01 2.2634969227370153e-05
7.2282833559730675e-01 -2.0109410488652817e-02 1.1034894637315405e+01 2.2609396188706682e-05
7.2282833559730675e-01 -1.0054705244326374e-02 1.1035754517636699e+01 2.2594063545174261e-05
7.2282833559730675e-01 7.1065644079062674e-17 1.1036044585815324e+01 2.2588954530992074e-05
7.2282833559730675e-01 1.0054705244326445e-02 1.1035754517636708e+01 2.2594063545175623e-05
7.2282833559730675e-01 2.0109410488652890e-02 1.1034894637315411e+01 2.2609396188703958e-05
7.2282833559730675e-01 3.0164115732979335e-02 1.1033494165804745e+01 2.2634969227373131e-05
7.2282833559730675e-01 4.0218820977305780e-02 1.1031596569953068e+01 2.2670810479118194e-05
7.2282833559730675e-01 5.0273526221632225e-02 1.1029253500450382e+01 2.2716958622079910e-05
7.2282833559730675e-01 6.0328231465958670e-02 1.1026518959022047e+01 2.2773462916980478e-05
7.2282833559730675e-01 7.0382936710285046e-02 1.1023444843569308e+01 2.2840382834929900e-05
7.2282833559730675e-01 8.0437641954611491e-02 1.1020078288848593e+01 2.2917787579069331e-05
7.2282833559730675e-01 9.0492347198937936e-02 1.1016460627849289e+01 2.3005755485653346e-05
7.2282833559730675e-01 1.0054705244326438e-01 1.1012627503132208e+01 2.3104373287488906e-05
7.2282833559730675e-01 1.1060175768759083e-01 1.1008609620330503e+01 2.3213735219555013e-05
7.2282833559730675e-01 1.2065646293191720e-01 1.1004433741742487e+01 2.3333941943592873e-05
7.2282833559730675e-01 1.3071116817624365e-01 1.1000123663052799e+01 2.3465099265337361e-05
7.2282833559730675e-01 1.4076587342057009e-01 1.0995701042103663e+01 2.3607316614568262e-05
7.2282833559730675e-01 1.5082057866489645e-01 1.0991186035580354e+01 2.3760705254727617e-05
7.2282833559730675e-01 1.6087528390922298e-01 1.0986597749581993e+01 2.3925376185083716e-05
7.2282833559730675e-01 1.7092998915354934e-01 1.0981954533327865e+01 2.4101437694593994e-05
7.2282833559730675e-01 1.8098469439787587e-01 1.0977274152016649e+01 2.4288992522301144e-05
7.2282833559730675e-01 1.9103939964220223e-01 1.0972573872935465e+01 2.4488134574872730e-05
7.2282833559730675e-01 2.0109410488652862e-01 1.0967870493314155e+01 2.4698945146894203e-05
7.2282833559730675e-01 2.1114881013085512e-01 1.0963180331954785e+01 2.4921488584287632e-05
7.2282833559730675e-01 2.2120351537518151e-01 1.0958519200703668e+01 2.5155807325260255e-05
7.2282833559730675e-01 2.3125822061950801e-01 1.0953902366899857e+01 2.5401916246086485e-05
7.2282833559730675e-01 2.4131292586383440e-01 1.0949344514115158e+01 2.5659796230797447e-05
7.2282833559730675e-01 2.5136763110816079e-01 1.0944859705681258e+01 2.5929386873225738e-05
7.2282833559730675e-01 2.6142233635248729e-01 1.0940461353498662e+01 2.6210578206746623e-05
7.2282833559730675e-01 2.7147704159681368e-01 1.0936162193250013e+01 2.6503201339481308e-05
7.2282833559730675e-01 2.8153174684114018e-01 1.0931974266237546e+01 2.6807017849504155e-05
7.2282833559730675e-01 2.9158645208546657e-01 1.0927908907494528e+01 2.7121707763309650e-05
7.2282833559730675e-01 3.0164115732979291e-01 1.0923976739484178e+01 2.7446855898273694e-05
7.2282833559730675e-01 3.1169586257411946e-01 1.0920187670519381e+01 2.7781936292316882e-05
7.2282833559730675e-01 3.2175056781844580e-01 1.0916550896955762e+01 2.8126294366341162e-05
7.2282833559730675e-01 3.3180527306277235e-01 1.0913074908191003e+01 2.8479126360927591e-05
7.2282833559730675e-01 3.4185997830709869e-01 1.0909767493514620e+01 2.8839455451239097e-05
7.2282833559730675e-01 3.5191468355142524e-01 1.0906635749876051e+01 2.9206103765644936e-05
7.2282833559730675e-01 3.6196938879575158e-01 1.0903686089661967e+01 2.9577659308097014e-05
7.2282833559730675e-01 3.7202409404007797e-01 1.0900924247591281e+01 2.9952436512914316e-05
7.2282833559730675e-01 3.8207879928440447e-01 1.0898355285849604e+01 3.0328428859872824e-05
7.2282833559730675e-01 3.9213350452873086e-01 1.0895983596612540e+01 3.0703251702595365e-05
7.2282833559730675e-01 4.0218820977305736e-01 1.0893812901191952e+01 3.1074073351315969e-05
7.2282833559730675e-01 4.1224291501738375e-01 1.0891846245277456e+01 3.1437532809700058e-05
7.2282833559730675e-01 4.2229762026171014e-01 1.0890085990333256e+01 3.1789644039611670e-05
7.2282833559730675e-01 4.3235232550603664e-01 1.0888533802529782e+01 3.2125690494326486e-05
7.2282833559730675e-01 4.4240703075036303e-01 1.0887190643276046e+01 3.2440122119794970e-05
7.2282833559730675e-01 4.5246173599468953e-01 1.0886056759425328e+01 3.2726453888609923e-05
7.2282833559730675e-01 4.6251644123901592e-01 1.0885130753883747e+01 3.2974702365814394e-05
7.2282833559730675e-01 4.7257114648334225e-01 1.0884383218787629e+01 3.3100406124580958e-05
7.2282833559730675e-01 4.8262585172766881e-01 1.0883687224785060e+01 3.2770861698041805e-05
7.2282833559730675e-01 4.9268055697199514e-01 1.0883473209740341e+01 3.3464857719721958e-05
7.2282833559730675e-01 5.0273526221632159e-01 1.0883535518618190e+01 3.4204097009034980e-05
7.4089904398723927e-01 -5.0273526221632159e-01 1.0844503451714839e+01 3.5483248123561579e-05
7.4089904398723927e-01 -4.9268055697199509e-01 1.0844418041512201e+01 3.4719059121334568e-05
7.4089904398723927e-01 -4.8262585172766864e-01 1.0844575690370029e+01 3.3975002516143068e-05
7.4089904398723927e-01 -4.7257114648334225e-01 1.0845199130863016e+01 3.4279812562216156e-05
7.4089904398723927e-01 -4.6251644123901581e-01 1.0845852012268629e+01 3.4155323249064100e-05
7.4089904398723927e-01 -4.5246173599468936e-01 1.0846657229343213e+01 3.3913557822686079e-05
7.4089904398723927e-01 -4.4240703075036292e-01 1.0847643422278409e+01 3.3634702944164394e-05
7.4089904398723927e-01 -4.3235232550603647e-01 1.0848811950482046e+01 3.3328373922082916e-05
7.4089904398723927e-01 -4.2229762026171014e-01 1.0850162575076986e+01 3.3000850279772815e-05
7.4089904398723927e-01 -4.1224291501738369e-01 1.0851694366534877e+01 3.2657505904454650e-05
7.4089904398723927e-01 -4.0218820977305725e-01 1.0853405716848707e+01 3.2302908024795887e-05
7.4089904398723927e-01 -3.9213350452873080e-01 1.0855294351755091e+01 3.1940918016474723e-05
7.4089904398723927e-01 -3.8207879928440436e-01 1.0857357344884033e+01 3.1574794303070758e-05
7.4089904398723927e-01 -3.7202409404007797e-01 1.0859591129861005e+01 3.1207285556194475e-05
7.4089904398723927e-01 -3.6196938879575147e-01 1.0861991508992594e+01 3.0840710604834079e-05
7.4089904398723927e-01 -3.5191468355142508e-01 1.0864553658441109e+01 3.0477025212923352e-05
7.4089904398723927e-01 -3.4185997830709863e-01 1.0867272130353852e+01 3.0117877313567737e-05
7.4089904398723927e-01 -3.3180527306277219e-01 1.0870140852624294e+01 2.9764652635838653e-05
7.4089904398723927e-01 -3.2175056781844580e-01 1.0873153127020814e+01 2.9418512549668332e-05
7.4089904398723927e-01 -3.1169586257411935e-01 1.0876301626410207e+01 2.9080425685011579e-05
7.4089904398723927e-01 -3.0164115732979291e-01 1.0879578391773888e+01 2.8751194585842983e-05
7.4089904398723927e-01 -2.9158645208546646e-01 1.0882974829678632e+01 2.8431478391703458e-05
7.4089904398723927e-01 -2.8153174684114002e-01 1.0886481710822549e+01 2.8121812316408231e-05
7.4089904398723927e-01 -2.7147704159681363e-01 1.0890089170228618e+01 2.7822624515763450e-05
7.4089904398723927e-01 -2.6142233635248718e-01 1.0893786709589717e+01 2.7534250798561834e-05
7.4089904398723927e-01 -2.5136763110816074e-01 1.0897563202169298e+01 2.7256947530600529e-05
7.4089904398723927e-01 -2.4131292586383432e-01 1.0901406900511773e+01 2.6990903002946473e-05
7.4089904398723927e-01 -2.3125822061950788e-01 1.0905305446995035e+01 2.6736247477427930e-05
7.4089904398723927e-01 -2.2120351537518143e-01 1.0909245886938598e+01 2.6493062079104893e-05
7.4089904398723927e-01 -2.1114881013085501e-01 1.0913214683536497e+01 2.6261386673713486e-05
7.4089904398723927e-01 -2.0109410488652857e-01 1.0917197733284601e+01 2.6041226844562300e-05
7.4089904398723927e-01 -1.9103939964220218e-01 1.0921180379794114e+01 2.5832560065737659e-05
7.4089904398723927e-01 -1.8098469439787573e-01 1.0925147422918377e+01 2.5635341155496950e-05
7.4089904398723927e-01 -1.7092998915354929e-01 1.0929083118992434e+01 2.5449507083314476e-05
7.4089904398723927e-01 -1.6087528390922284e-01 1.0932971166780904e+01 2.5274981196340651e-05
7.4089904398723927e-01 -1.5082057866489645e-01 1.0936794672638984e+01 2.5111676924283433e-05
7.4089904398723927e-01 -1.4076587342057001e-01 1.0940536087763634e+01 2.4959501016426557e-05
7.4089904398723927e-01 -1.3071116817624356e-01 1.0944177110832774e+01 2.4818356359674224e-05
7.4089904398723927e-01 -1.2065646293191713e-01 1.0947698551673364e+01 2.4688144422293885e-05
7.4089904398723927e-01 -1.1060175768759069e-01 1.0951080157054802e+01 2.4568767364122067e-05
7.4089904398723927e-01 -1.0054705244326431e-01 1.0954300409654032e+01 2.4460129850379723e-05
7.4089904398723927e-01 -9.0492347198937867e-02 1.0957336326885775e+01 2.4362140602865174e-05
7.4089904398723927e-01 -8.0437641954611422e-02 1.0960163307866296e+01 2.4274713718938755e-05
7.4089904398723927e-01 -7.0382936710284977e-02 1.0962755102245655e+01 2.4197769785743838e-05
7.4089904398723927e-01 -6.0328231465958525e-02 1.0965083998093753e+01 2.4131236813951854e-05
7.4089904398723927e-01 -5.0273526221632080e-02 1.0967121336547770e+01 2.4075051012559478e-05
7.4089904398723927e-01 -4.0218820977305711e-02 1.0968838443555947e+01 2.4029157423462680e-05
7.4089904398723927e-01 -3.0164115732979262e-02 1.0970208009723597e+01 2.3993510431793267e-05
7.4089904398723927e-01 -2.0109410488652817e-02 1.0971205844536964e+01 2.3968074165428368e-05
7.4089904398723927e-01 -1.0054705244326374e-02 1.0971812799396220e+01 2.3952822794583182e-05
7.4089904398723927e-01 7.1065644079062674e-17 1.0972016538971417e+01 2.3947740739840156e-05
7.4089904398723927e-01 1.0054705244326445e-02 1.0971812799396224e+01 2.3952822794584890e-05
7.4089904398723927e-01 2.0109410488652890e-02 1.0971205844536970e+01 2.3968074165428297e-05
7.4089904398723927e-01 3.0164115732979335e-02 1.0970208009723608e+01 2.3993510431790902e-05
7.4089904398723927e-01 4.0218820977305780e-02 1.0968838443555940e+01 2.4029157423460528e-05
7.4089904398723927e-01 5.0273526221632225e-02 1.0967121336547766e+01 2.4075051012560027e-05
7.4089904398723927e-01 6.0328231465958670e-02 1.0965083998093757e+01 2.4131236813952247e-05
7.4089904398723927e-01 7.0382936710285046e-02 1.0962755102245675e+01 2.4197769785747145e-05
7.4089904398723927e-01 8.0437641954611491e-02 1.0960163307866301e+01 2.4274713718938681e-05
7.4089904398723927e-01 9.0492347198937936e-02 1.0957336326885780e+01 2.4362140602864676e-05
7.4089904398723927e-01 1.0054705244326438e-01 1.0954300409654023e+01 2.4460129850381752e-05
7.4089904398723927e-01 1.1060175768759083e-01 1.0951080157054792e+01 2.4568767364122331e-05
7.4089904398723927e-01 1.2065646293191720e-01 1.0947698551673364e+01 2.4688144422295139e-05
7.4089904398723927e-01 1.3071116817624365e-01 1.0944177110832783e+01 2.4818356359674427e-05
7.4089904398723927e-01 1.4076587342057009e-01 1.0940536087763640e+01 2.4959501016426459e-05
7.4089904398723927e-01 1.5082057866489645e-01 1.0936794672638984e+01 2.5111676924283761e-05
7.4089904398723927e-01 1.6087528390922298e-01 1.0932971166780913e+01 2.5274981196340773e-05
7.4089904398723927e-01 1.7092998915354934e-01 1.0929083118992429e+01 2.5449507083316173e-05
7.4089904398723927e-01 1.8098469439787587e-01 1.0925147422918380e+01 2.5635341155496872e-05
7.4089904398723927e-01 1.9103939964220223e-01 1.0921180379794114e+01 2.5832560065738831e-05
7.4089904398723927e-01 2.0109410488652862e-01 1.0917197733284606e+01 2.6041226844562134e-05
7.4089904398723927e-01 2.1114881013085512e-01 1.0913214683536495e+01 2.6261386673714977e-05
7.4089904398723927e-01 2.2120351537518151e-01 1.0909245886938601e+01 2.6493062079104927e-05
7.4089904398723927e-01 2.3125822061950801e-01 1.0905305446995030e+01 2.6736247477427402e-05
7.4089904398723927e-01 2.4131292586383440e-01 1.0901406900511770e+01 2.6990903002948472e-05
7.4089904398723927e-01 2.5136763110816079e-01 1.0897563202169293e+01 2.7256947530599926e-05
7.4089904398723927e-01 2.6142233635248729e-01 1.0893786709589708e+01 2.7534250798563037e-05
7.4089904398723927e-01 2.7147704159681368e-01 1.0890089170228622e+01 2.7822624515763416e-05
7.4089904398723927e-01 2.8153174684114018e-01 1.0886481710822549e+01 2.8121812316408610e-05
7.4089904398723927e-01 2.9158645208546657e-01 1.0882974829678632e+01 2.8431478391703800e-05
7.4089904398723927e-01 3.0164115732979291e-01 1.0879578391773890e+01 2.8751194585843416e-05
7.4089904398723927e-01 3.1169586257411946e-01 1.0876301626410207e+01 2.9080425685011227e-05
7.4089904398723927e-01 3.2175056781844580e-01 1.0873153127020831e+01 2.9418512549667248e-05
7.4089904398723927e-01 3.3180527306277235e-01 1.0870140852624301e+01 2.9764652635838572e-05
7.4089904398723927e-01 3.4185997830709869e-01 1.0867272130353848e+01 3.0117877313567422e-05
7.4089904398723927e-01 3.5191468355142524e-01 1.0864553658441098e+01 3.0477025212925219e-05
7.4089904398723927e-01 3.6196938879575158e-01 1.0861991508992583e+01 3.0840710604836397e-05
7.4089904398723927e-01 3.7202409404007797e-01 1.0859591129861014e+01 3.1207285556193283e-05
7.4089904398723927e-01 3.8207879928440447e-01 1.0857357344884035e+01 3.1574794303071748e-05
7.4089904398723927e-01 3.9213350452873086e-01 1.0855294351755095e+01 3.1940918016473490e-05
7.4089904398723927e-01 4.0218820977305736e-01 1.0853405716848719e+01 3.2302908024793820e-05
7.4089904398723927e-01 4.1224291501738375e-01 1.0851694366534884e+01 3.2657505904455253e-05
7.4089904398723927e-01 4.2229762026171014e-01 1.0850162575076975e+01 3.3000850279772761e-05
7.4089904398723927e-01 4.3235232550603664e-01 1.0848811950482048e+01 3.3328373922081981e-05
7.4089904398723927e-01 4.4240703075036303e-01 1.0847643422278406e+01 3.3634702944165912e-05
7.4089904398723927e-01 4.5246173599468953e-01 1.0846657229343206e+01 3.3913557822683714e-05
7.4089904398723927e-01 4.6251644123901592e-01 1.0845852012268631e+01 3.4155323249062907e-05
7.4089904398723927e-01 4.7257114648334225e-01 1.0845199130863023e+01 3.4279812562215750e-05
7.4089904398723927e-01 4.8262585172766881e-01 1.0844575690370023e+01 3.3975002516141523e-05
7.4089904398723927e-01 4.9268055697199514e-01 1.0844418041512213e+01 3.4719059121334894e-05
7.4089904398723927e-01 5.0273526221632159e-01 1.0844503451714839e+01 3.5483248123561186e-05
7.5896975237717179e-01 -5.0273526221632159e-01 1.0809011453188043e+01 3.6695650600411476e-05
7.5896975237717179e-01 -4.9268055697199509e-01 1.0808905678856664e+01 3.5910481706934371e-05
7.5896975237717179e-01 -4.8262585172766864e-01 1.0809013858640999e+01 3.5124122225028504e-05
7.5896975237717179e-01 -4.7257114648334225e-01 1.0809574090631763e+01 3.5408392962590064e-05
7.5896975237717179e-01 -4.6251644123901581e-01 1.0810144679643827e+01 3.5285973414824195e-05
7.5896975237717179e-01 -4.5246173599468936e-01 1.0810844926588727e+01 3.5050990897231155e-05
7.5896975237717179e-01 -4.4240703075036292e-01 1.0811702804411384e+01 3.4779885694024314e-05
7.5896975237717179e-01 -4.3235232550603647e-01 1.0812719662564719e+01 3.4481906170444099e-05
7.5896975237717179e-01 -4.2229762026171014e-01 1.0813895298515117e+01 3.4163115218168758e-05
7.5896975237717179e-01 -4.1224291501738369e-01 1.0815228846018176e+01 3.3828704913575714e-05
7.5896975237717179e-01 -4.0218820977305725e-01 1.0816718789349883e+01 3.3483092088775927e-05
7.5896975237717179e-01 -3.9213350452873080e-01 1.0818362977793813e+01 3.3130015736033905e-05
7.5896975237717179e-01 -3.8207879928440436e-01 1.0820158642244410e+01 3.2772636228036479e-05
7.5896975237717179e-01 -3.7202409404007797e-01 1.0822102410059921e+01 3.2413625041716060e-05
7.5896975237717179e-01 -3.6196938879575147e-01 1.0824190316826476e+01 3.2055241571368178e-05
7.5896975237717179e-01 -3.5191468355142508e-01 1.0826417814922506e+01 3.1699397216102528e-05
7.5896975237717179e-01 -3.4185997830709863e-01 1.0828779779303822e+01 3.1347708295133133e-05
7.5896975237717179e-01 -3.3180527306277219e-01 1.0831270511122213e+01 3.1001539673719935e-05
7.5896975237717179e-01 -3.2175056781844580e-01 1.0833883739829439e+01 3.0662040873809714e-05
7.5896975237717179e-01 -3.1169586257411935e-01 1.0836612624394116e+01 3.0330176181985046e-05
7.5896975237717179e-01 -3.0164115732979291e-01 1.0839449754209456e+01 3.0006749981214065e-05
7.5896975237717179e-01 -2.9158645208546646e-01 1.0842387150214856e+01 2.9692428273082264e-05
7.5896975237717179e-01 -2.8153174684114002e-01 1.0845416266694734e+01 2.9387757140434484e-05
7.5896975237717179e-01 -2.7147704159681363e-01 1.0848527994154178e+01 2.9093178726917595e-05
7.5896975237717179e-01 -2.6142233635248718e-01 1.0851712663597432e+01 2.8809045175477794e-05
7.5896975237717179e-01 -2.5136763110816074e-01 1.0854960052445835e+01 2.8535630864997727e-05
7.5896975237717179e-01 -2.4131292586383432e-01 1.0858259392218995e+01 2.8273143207052098e-05
7.5896975237717179e-01 -2.3125822061950788e-01 1.0861599377961429e+01 2.8021732207006776e-05
7.5896975237717179e-01 -2.2120351537518143e-01 1.0864968179220181e+01 2.7781498951028077e-05
7.5896975237717179e-01 -2.1114881013085501e-01 1.0868353452166829e+01 2.7552503148948283e-05
7.5896975237717179e-01 -2.0109410488652857e-01 1.0871742352213012e+01 2.7334769839769006e-05
7.5896975237717179e-01 -1.9103939964220218e-01 1.0875121546208959e+01 2.7128295349338789e-05
7.5896975237717179e-01 -1.8098469439787573e-01 1.0878477223070123e+01 2.6933052576851555e-05
7.5896975237717179e-01 -1.7092998915354929e-01 1.0881795101503442e+01 2.6748995677210624e-05
7.5896975237717179e-01 -1.6087528390922284e-01 1.0885060433490452e+01 2.6576064198613064e-05
7.5896975237717179e-01 -1.5082057866489645e-01 1.0888258002457404e+01 2.6414186728799552e-05
7.5896975237717179e-01 -1.4076587342057001e-01 1.0891372115796607e+01 2.6263284098420606e-05
7.5896975237717179e-01 -1.3071116817624356e-01 1.0894386592808960e+01 2.6123272185771897e-05
7.5896975237717179e-01 -1.2065646293191713e-01 1.0897284751438646e+01 2.5994064363298503e-05
7.5896975237717179e-01 -1.1060175768759069e-01 1.0900049400539590e+01 2.5875573623092814e-05
7.5896975237717179e-01 -1.0054705244326431e-01 1.0902662848864168e+01 2.5767714415127052e-05
7.5896975237717179e-01 -9.0492347198937867e-02 1.0905106947192900e+01 2.5670404229300271e-05
7.5896975237717179e-01 -8.0437641954611422e-02 1.0907363185210960e+01 2.5583564949249317e-05
7.5896975237717179e-01 -7.0382936710284977e-02 1.0909412868391778e+01 2.5507124003273519e-05
7.5896975237717179e-01 -6.0328231465958525e-02 1.0911237400098527e+01 2.5441015334956858e-05
7.5896975237717179e-01 -5.0273526221632080e-02 1.0912818687860378e+01 2.5385180213528303e-05
7.5896975237717179e-01 -4.0218820977305711e-02 1.0914139678307890e+01 2.5339567901451009e-05
7.5896975237717179e-01 -3.0164115732979262e-02 1.0915185002335622e+01 2.5304136194213093e-05
7.5896975237717179e-01 -2.0109410488652817e-02 1.0915941683588914e+01 2.5278851845008304e-05
7.5896975237717179e-01 -1.0054705244326374e-02 1.0916399835923508e+01 2.5263690884479355e-05
7.5896975237717179e-01 7.1065644079062674e-17 1.0916553258176648e+01 2.5258638843476489e-05
7.5896975237717179e-01 1.0054705244326445e-02 1.0916399835923507e+01 2.5263690884480731e-05
7.5896975237717179e-01 2.0109410488652890e-02 1.0915941683588914e+01 2.5278851845007707e-05
7.5896975237717179e-01 3.0164115732979335e-02 1.0915185002335628e+01 2.5304136194215441e-05
7.5896975237717179e-01 4.0218820977305780e-02 1.0914139678307889e+01 2.5339567901451636e-05
7.5896975237717179e-01 5.0273526221632225e-02 1.0912818687860367e+01 2.5385180213529533e-05
7.5896975237717179e-01 6.0328231465958670e-02 1.0911237400098523e+01 2.5441015334954388e-05
7.5896975237717179e-01 7.0382936710285046e-02 1.0909412868391771e+01 2.5507124003273766e-05
7.5896975237717179e-01 8.0437641954611491e-02 1.0907363185210967e+01 2.5583564949248901e-05
7.5896975237717179e-01 9.0492347198937936e-02 1.0905106947192882e+01 2.5670404229298990e-05
7.5896975237717179e-01 1.0054705244326438e-01 1.0902662848864175e+01 2.5767714415126543e-05
7.5896975237717179e-01 1.1060175768759083e-01 1.0900049400539581e+01 2.5875573623093353e-05
7.5896975237717179e-01 1.2065646293191720e-01 1.0897284751438656e+01 2.5994064363301715e-05
7.5896975237717179e-01 1.3071116817624365e-01 1.0894386592808967e+01 2.6123272185770132e-05
7.5896975237717179e-01 1.4076587342057009e-01 1.0891372115796610e+01 2.6263284098422162e-05
7.5896975237717179e-01 1.5082057866489645e-01 1.0888258002457407e+01 2.6414186728798343e-05
7.5896975237717179e-01 1.6087528390922298e-01 1.0885060433490446e+01 2.6576064198613305e-05
7.5896975237717179e-01 1.7092998915354934e-01 1.0881795101503432e+01 2.6748995677210696e-05
7.5896975237717179e-01 1.8098469439787587e-01 1.0878477223070119e+01 2.6933052576851379e-05
7.5896975237717179e-01 1.9103939964220223e-01 1.0875121546208964e+01 2.7128295349340960e-05
7.5896975237717179e-01 2.0109410488652862e-01 1.0871742352213028e+01 2.7334769839772370e-05
7.5896975237717179e-01 2.1114881013085512e-01 1.0868353452166836e+01 2.7552503148947799e-05
7.5896975237717179e-01 2.2120351537518151e-01 1.0864968179220176e+01 2.7781498951028616e-05
7.5896975237717179e-01 2.3125822061950801e-01 1.0861599377961435e+01 2.8021732207007975e-05
7.5896975237717179e-01 2.4131292586383440e-01 1.0858259392218997e+01 2.8273143207052985e-05
7.5896975237717179e-01 2.5136763110816079e-01 1.0854960052445835e+01 2.8535630865000898e-05
7.5896975237717179e-01 2.6142233635248729e-01 1.0851712663597434e+01 2.8809045175477713e-05
7.5896975237717179e-01 2.7147704159681368e-01 1.0848527994154182e+01 2.9093178726918127e-05
7.5896975237717179e-01 2.8153174684114018e-01 1.0845416266694743e+01 2.9387757140434379e-05
7.5896975237717179e-01 2.9158645208546657e-01 1.0842387150214858e+01 2.9692428273083016e-05
7.5896975237717179e-01 3.0164115732979291e-01 1.0839449754209451e+01 3.0006749981214746e-05
7.5896975237717179e-01 3.1169586257411946e-01 1.0836612624394117e+01 3.0330176181985778e-05
7.5896975237717179e-01 3.2175056781844580e-01 1.0833883739829449e+01 3.0662040873810039e-05
7.5896975237717179e-01 3.3180527306277235e-01 1.0831270511122206e+01 3.1001539673720558e-05
7.5896975237717179e-01 3.4185997830709869e-01 1.0828779779303837e+01 3.1347708295133716e-05
7.5896975237717179e-01 3.5191468355142524e-01 1.0826417814922506e+01 3.1699397216100882e-05
7.5896975237717179e-01 3.6196938879575158e-01 1.0824190316826481e+01 3.2055241571367365e-05
7.5896975237717179e-01 3.7202409404007797e-01 1.0822102410059919e+01 3.2413625041717022e-05
7.5896975237717179e-01 3.8207879928440447e-01 1.0820158642244412e+01 3.2772636228036005e-05
7.5896975237717179e-01 3.9213350452873086e-01 1.0818362977793820e+01 3.3130015736033146e-05
7.5896975237717179e-01 4.0218820977305736e-01 1.0816718789349880e+01 3.3483092088777621e-05
7.5896975237717179e-01 4.1224291501738375e-01 1.0815228846018178e+01 3.3828704913577219e-05
7.5896975237717179e-01 4.2229762026171014e-01 1.0813895298515121e+01 3.4163115218170994e-05
7.5896975237717179e-01 4.3235232550603664e-01 1.0812719662564712e+01 3.4481906170445949e-05
7.5896975237717179e-01 4.4240703075036303e-01 1.0811702804411379e+01 3.4779885694024876e-05
7.5896975237717179e-01 4.5246173599468953e-01 1.0810844926588731e+01 3.5050990897230037e-05
7.5896975237717179e-01 4.6251644123901592e-01 1.0810144679643839e+01 3.5285973414824615e-05
7.5896975237717179e-01 4.7257114648334225e-01 1.0809574090631763e+01 3.5408392962587584e-05
7.5896975237717179e-01 4.8262585172766881e-01 1.0809013858640990e+01 3.5124122225028666e-05
7.5896975237717179e-01 4.9268055697199514e-01 1.0808905678856652e+01 3.5910481706934012e-05
7.5896975237717179e-01 5.0273526221632159e-01 1.0809011453188043e+01 3.6695650600411077e-05
7.7704046076710465e-01 -5.0273526221632159e-01 1.0777259642233780e+01 3.7831662552294296e-05
7.7704046076710465e-01 -4.9268055697199509e-01 1.0777136284494107e+01 3.7030193165668664e-05
7.7704046076710465e-01 -4.8262585172766864e-01 1.0777201799481356e+01 3.6210033586847124e-05
7.7704046076710465e-01 -4.7257114648334225e-01 1.0777707697623919e+01 3.6477516745795862e-05
7.7704046076710465e-01 -4.6251644123901581e-01 1.0778207669485921e+01 3.6357690383464587e-05
7.7704046076710465e-01 -4.5246173599468936e-01 1.0778817871461463e+01 3.6129448789559801e-05
7.7704046076710465e-01 -4.4240703075036292e-01 1.0779565704457042e+01 3.5865993171961240e-05
7.7704046076710465e-01 -4.3235232550603647e-01 1.0780452527671395e+01 3.5576220265963651e-05
7.7704046076710465e-01 -4.2229762026171014e-01 1.0781478193377431e+01 3.5265977906316181e-05
7.7704046076710465e-01 -4.1224291501738369e-01 1.0782641918089860e+01 3.4940280409085743e-05
7.7704046076710465e-01 -4.0218820977305725e-01 1.0783942298478214e+01 3.4603399961593603e-05
7.7704046076710465e-01 -3.9213350452873080e-01 1.0785377327697315e+01 3.4258959839968109e-05
7.7704046076710465e-01 -3.8207879928440436e-01 1.0786944413978171e+01 3.3910029354843953e-05
7.7704046076710465e-01 -3.7202409404007797e-01 1.0788640397707089e+01 3.3559209665407291e-05
7.7704046076710465e-01 -3.6196938879575147e-01 1.0790461565685106e+01 3.3208707190114267e-05
7.7704046076710465e-01 -3.5191468355142508e-01 1.0792403662451369e+01 3.2860394798706321e-05
7.7704046076710465e-01 -3.4185997830709863e-01 1.0794461899064164e+01 3.2515862283483714e-05
7.7704046076710465e-01 -3.3180527306277219e-01 1.0796630959912687e+01 3.2176457923088037e-05
7.7704046076710465e-01 -3.2175056781844580e-01 1.0798905008163773e+01 3.1843322847080721e-05
7.7704046076710465e-01 -3.1169586257411935e-01 1.0801277690415693e+01 3.1517419658126490e-05
7.7704046076710465e-01 -3.0164115732979291e-01 1.0803742141078208e+01 3.1199556493503233e-05
7.7704046076710465e-01 -2.9158645208546646e-01 1.0806290986940605e+01 3.0890407457568761e-05
7.7704046076710465e-01 -2.8153174684114002e-01 1.0808916352332453e+01 3.0590530147921646e-05
7.7704046076710465e-01 -2.7147704159681363e-01 1.0811609865226924e+01 3.0300380830629081e-05
7.7704046076710465e-01 -2.6142233635248718e-01 1.0814362664581770e+01 3.0020327689703196e-05
7.7704046076710465e-01 -2.5136763110816074e-01 1.0817165409156296e+01 2.9750662476360876e-05
7.7704046076710465e-01 -2.4131292586383432e-01 1.0820008287982906e+01 2.9491610808460634e-05
7.7704046076710465e-01 -2.3125822061950788e-01 1.0822881032608112e+01 2.9243341314348987e-05
7.7704046076710465e-01 -2.2120351537518143e-01 1.0825772931152713e+01 2.9005973773670847e-05
7.7704046076710465e-01 -2.1114881013085501e-01 1.0828672844179021e+01 2.8779586376973216e-05
7.7704046076710465e-01 -2.0109410488652857e-01 1.0831569222303083e+01 2.8564222203354708e-05
7.7704046076710465e-01 -1.9103939964220218e-01 1.0834450125468289e+01 2.8359894998698143e-05
7.7704046076710465e-01 -1.8098469439787573e-01 1.0837303243823042e+01 2.8166594324730147e-05
7.7704046076710465e-01 -1.7092998915354929e-01 1.0840115920251028e+01 2.7984290139966467e-05
7.7704046076710465e-01 -1.6087528390922284e-01 1.0842875174823270e+01 2.7812936866420974e-05
7.7704046076710465e-01 -1.5082057866489645e-01 1.0845567731818333e+01 2.7652476990595573e-05
7.7704046076710465e-01 -1.4076587342057001e-01 1.0848180050531600e+01 2.7502844242654137e-05
7.7704046076710465e-01 -1.3071116817624356e-01 1.0850698361892219e+01 2.7363966394003611e-05
7.7704046076710465e-01 -1.2065646293191713e-01 1.0853108713924792e+01 2.7235767710185658e-05
7.7704046076710465e-01 -1.1060175768759069e-01 1.0855397030271071e+01 2.7118171092974031e-05
7.7704046076710465e-01 -1.0054705244326431e-01 1.0857549187181943e+01 2.7011099942873340e-05
7.7704046076710465e-01 -9.0492347198937867e-02 1.0859551115347047e+01 2.6914479770515854e-05
7.7704046076710465e-01 -8.0437641954611422e-02 1.0861388933276007e+01 2.6828239582962842e-05
7.7704046076710465e-01 -7.0382936710284977e-02 1.0863049118220735e+01 2.6752313068445812e-05
7.7704046076710465e-01 -6.0328231465958525e-02 1.0864518718365602e+01 2.6686639600657832e-05
7.7704046076710465e-01 -5.0273526221632080e-02 1.0865785605895731e+01 2.6631165081403482e-05
7.7704046076710465e-01 -4.0218820977305711e-02 1.0866838764618302e+01 2.6585842638003207e-05
7.7704046076710465e-01 -3.0164115732979262e-02 1.0867668598638812e+01 2.6550633189677199e-05
7.7704046076710465e-01 -2.0109410488652817e-02 1.0868267241394873e+01 2.6525505894792188e-05
7.7704046076710465e-01 -1.0054705244326374e-02 1.0868628838832194e+01 2.6510438488713765e-05
7.7704046076710465e-01 7.1065644079062674e-17 1.0868749778470129e+01 2.6505417519777908e-05
7.7704046076710465e-01 1.0054705244326445e-02 1.0868628838832201e+01 2.6510438488715998e-05
7.7704046076710465e-01 2.0109410488652890e-02 1.0868267241394880e+01 2.6525505894791235e-05
7.7704046076710465e-01 3.0164115732979335e-02 1.0867668598638815e+01 2.6550633189678571e-05
7.7704046076710465e-01 4.0218820977305780e-02 1.0866838764618295e+01 2.6585842638004098e-05
7.7704046076710465e-01 5.0273526221632225e-02 1.0865785605895727e+01 2.6631165081403391e-05
7.7704046076710465e-01 6.0328231465958670e-02 1.0864518718365593e+01 2.6686639600658849e-05
7.7704046076710465e-01 7.0382936710285046e-02 1.0863049118220731e+01 2.6752313068444924e-05
7.7704046076710465e-01 8.0437641954611491e-02 1.0861388933275999e+01 2.6828239582963987e-05
7.7704046076710465e-01 9.0492347198937936e-02 1.0859551115347053e+01 2.6914479770513936e-05
7.7704046076710465e-01 1.0054705244326438e-01 1.0857549187181951e+01 2.7011099942873296e-05
7.7704046076710465e-01 1.1060175768759083e-01 1.0855397030271062e+01 2.7118171092973068e-05
7.7704046076710465e-01 1.2065646293191720e-01 1.0853108713924792e+01 2.7235767710185455e-05
7.7704046076710465e-01 1.3071116817624365e-01 1.0850698361892205e+01 2.7363966394003428e-05
7.7704046076710465e-01 1.4076587342057009e-01 1.0848180050531591e+01 2.7502844242654001e-05
7.7704046076710465e-01 1.5082057866489645e-01 1.0845567731818333e+01 2.7652476990594336e-05
7.7704046076710465e-01 1.6087528390922298e-01 1.0842875174823268e+01 2.7812936866420204e-05
7.7704046076710465e-01 1.7092998915354934e-01 1.0840115920251028e+01 2.7984290139964451e-05
7.7704046076710465e-01 1.8098469439787587e-01 1.0837303243823040e+01 2.8166594324729629e-05
7.7704046076710465e-01 1.9103939964220223e-01 1.0834450125468297e+01 2.8359894998696093e-05
7.7704046076710465e-01 2.0109410488652862e-01 1.0831569222303083e+01 2.8564222203356026e-05
7.7704046076710465e-01 2.1114881013085512e-01 1.0828672844179023e+01 2.8779586376971904e-05
7.7704046076710465e-01 2.2120351537518151e-01 1.0825772931152722e+01 2.9005973773668811e-05
7.7704046076710465e-01 2.3125822061950801e-01 1.0822881032608104e+01 2.9243341314349089e-05
7.7704046076710465e-01 2.4131292586383440e-01 1.0820008287982906e+01 2.9491610808461243e-05
7.7704046076710465e-01 2.5136763110816079e-01 1.0817165409156287e+01 2.9750662476361713e-05
7.7704046076710465e-01 2.6142233635248729e-01 1.0814362664581770e+01 3.0020327689704219e-05
7.7704046076710465e-01 2.7147704159681368e-01 1.0811609865226927e+01 3.0300380830627749e-05
7.7704046076710465e-01 2.8153174684114018e-01 1.0808916352332444e+01 3.0590530147920670e-05
7.7704046076710465e-01 2.9158645208546657e-01 1.0806290986940605e+01 3.0890407457569472e-05
7.7704046076710465e-01 3.0164115732979291e-01 1.0803742141078214e+01 3.1199556493503057e-05
7.7704046076710465e-01 3.1169586257411946e-01 1.0801277690415695e+01 3.1517419658125534e-05
7.7704046076710465e-01 3.2175056781844580e-01 1.0798905008163771e+01 3.1843322847080314e-05
7.7704046076710465e-01 3.3180527306277235e-01 1.0796630959912674e+01 3.2176457923089033e-05
7.7704046076710465e-01 3.4185997830709869e-01 1.0794461899064173e+01 3.2515862283482440e-05
7.7704046076710465e-01 3.5191468355142524e-01 1.0792403662451379e+01 3.2860394798706619e-05
7.7704046076710465e-01 3.6196938879575158e-01 1.0790461565685103e+01 3.3208707190114124e-05
7.7704046076710465e-01 3.7202409404007797e-01 1.0788640397707100e+01 3.3559209665407467e-05
7.7704046076710465e-01 3.8207879928440447e-01 1.0786944413978169e+01 3.3910029354842456e-05
7.7704046076710465e-01 3.9213350452873086e-01 1.0785377327697317e+01 3.4258959839969275e-05
7.7704046076710465e-01 4.0218820977305736e-01 1.0783942298478207e+01 3.4603399961592648e-05
7.7704046076710465e-01 4.1224291501738375e-01 1.0782641918089862e+01 3.4940280409087396e-05
7.7704046076710465e-01 4.2229762026171014e-01 1.0781478193377438e+01 3.5265977906317842e-05
7.7704046076710465e-01 4.3235232550603664e-01 1.0780452527671384e+01 3.5576220265963603e-05
7.7704046076710465e-01 4.4240703075036303e-01 1.0779565704457038e+01 3.5865993171960895e-05
7.7704046076710465e-01 4.5246173599468953e-01 1.0778817871461461e+01 3.6129448789559585e-05
7.7704046076710465e-01 4.6251644123901592e-01 1.0778207669485907e+01 3.6357690383464424e-05
7.7704046076710465e-01 4.7257114648334225e-01 1.0777707697623921e+01 3.6477516745797265e-05
7.7704046076710465e-01 4.8262585172766881e-01 1.0777201799481364e+01 3.6210033586847984e-05
7.7704046076710465e-01 4.9268055697199514e-01 1.0777136284494102e+01 3.7030193165669728e-05
7.7704046076710465e-01 5.0273526221632159e-01 1.0777259642233778e+01 3.7831662552294709e-05
7.9511116915703717e-01 -5.0273526221632159e-01 1.0749419174750305e+01 3.8877433005378027e-05
7.9511116915703717e-01 -4.9268055697199509e-01 1.0749280998229667e+01 3.8064560418752779e-05
7.9511116915703717e-01 -4.8262585172766864e-01 1.0749310479008955e+01 3.7219206569894054e-05
7.9511116915703717e-01 -4.7257114648334225e-01 1.0749770447840692e+01 3.7473219576506464e-05
7.9511116915703717e-01 -4.6251644123901581e-01 1.0750210808639658e+01 3.7356217118522047e-05
7.9511116915703717e-01 -4.5246173599468936e-01 1.0750745022959380e+01 3.7134379390832471e-05
7.9511116915703717e-01 -4.4240703075036292e-01 1.0751400009200514e+01 3.6878153035032937e-05
7.9511116915703717e-01 -4.3235232550603647e-01 1.0752177148903504e+01 3.6596109645374418e-05
7.9511116915703717e-01 -4.2229762026171014e-01 1.0753076359090803e+01 3.6293893653961893e-05
7.9511116915703717e-01 -4.1224291501738369e-01 1.0754096948535784e+01 3.5976353454981791e-05
7.9511116915703717e-01 -4.0218820977305725e-01 1.0755237634958011e+01 3.5647628041290292e-05
7.9511116915703717e-01 -3.9213350452873080e-01 1.0756496562794721e+01 3.5311235542376010e-05
7.9511116915703717e-01 -3.8207879928440436e-01 1.0757871323380197e+01 3.4970163622596631e-05
7.9511116915703717e-01 -3.7202409404007797e-01 1.0759358973837420e+01 3.4626951269361971e-05
7.9511116915703717e-01 -3.6196938879575147e-01 1.0760956053395669e+01 3.4283758786383542e-05
7.9511116915703717e-01 -3.5191468355142508e-01 1.0762658597012681e+01 3.3942426136099357e-05
7.9511116915703717e-01 -3.4185997830709863e-01 1.0764462146675942e+01 3.3604521047262782e-05
7.9511116915703717e-01 -3.3180527306277219e-01 1.0766361760932346e+01 3.3271378615308553e-05
7.9511116915703717e-01 -3.2175056781844580e-01 1.0768352023222187e+01 3.2944134028302639e-05
7.9511116915703717e-01 -3.1169586257411935e-01 1.0770427049561901e+01 3.2623749813618451e-05
7.9511116915703717e-01 -3.0164115732979291e-01 1.0772580496067443e+01 3.2311038738498821e-05
7.9511116915703717e-01 -2.9158645208546646e-01 1.0774805566756253e+01 3.2006683258563875e-05
7.9511116915703717e-01 -2.8153174684114002e-01 1.0777095022015548e+01 3.1711252207967898e-05
7.9511116915703717e-01 -2.7147704159681363e-01 1.0779441188079465e+01 3.1425215264070429e-05
7.9511116915703717e-01 -2.6142233635248718e-01 1.0781835967819919e+01 3.1148955594033455e-05
7.9511116915703717e-01 -2.5136763110816074e-01 1.0784270853121216e+01 3.0882780994573151e-05
7.9511116915703717e-01 -2.4131292586383432e-01 1.0786736939079823e+01 3.0626933763457751e-05
7.9511116915703717e-01 -2.3125822061950788e-01 1.0789224940246827e+01 3.0381599486854841e-05
7.9511116915703717e-01 -2.2120351537518143e-01 1.0791725209114130e+01 3.0146914886431339e-05
7.9511116915703717e-01 -2.1114881013085501e-01 1.0794227757038051e+01 2.9922974840187092e-05
7.9511116915703717e-01 -2.0109410488652857e-01 1.0796722277803415e+01 2.9709838669339982e-05
7.9511116915703717e-01 -1.9103939964220218e-01 1.0799198174059468e+01 2.9507535767445072e-05
7.9511116915703717e-01 -1.8098469439787573e-01 1.0801644586918524e+01 2.9316070636229144e-05
7.9511116915703717e-01 -1.7092998915354929e-01 1.0804050429102190e+01 2.9135427383920359e-05
7.9511116915703717e-01 -1.6087528390922284e-01 1.0806404422160233e+01 2.8965573735213911e-05
7.9511116915703717e-01 -1.5082057866489645e-01 1.0808695138473672e+01 2.8806464597083680e-05
7.9511116915703717e-01 -1.4076587342057001e-01 1.0810911048985723e+01 2.8658045220462488e-05
7.9511116915703717e-01 -1.3071116817624356e-01 1.0813040577867124e+01 2.8520253994571684e-05
7.9511116915703717e-01 -1.2065646293191713e-01 1.0815072165584363e+01 2.8393024907778813e-05
7.9511116915703717e-01 -1.1060175768759069e-01 1.0816994342051183e+01 2.8276289706173610e-05
7.9511116915703717e-01 -1.0054705244326431e-01 1.0818795811629359e+01 2.8169979778716923e-05
7.9511116915703717e-01 -9.0492347198937867e-02 1.0820465551611088e+01 2.8074027795468834e-05
7.9511116915703717e-01 -8.0437641954611422e-02 1.0821992925357542e+01 2.7988369123117197e-05
7.9511116915703717e-01 -7.0382936710284977e-02 1.0823367810396311e+01 2.7912943039913788e-05
7.9511116915703717e-01 -6.0328231465958525e-02 1.0824580740442148e+01 2.7847693769823934e-05
7.9511116915703717e-01 -5.0273526221632080e-02 1.0825623058533116e+01 2.7792571353667714e-05
7.9511116915703717e-01 -4.0218820977305711e-02 1.0826487076407918e+01 2.7747532372806013e-05
7.9511116915703717e-01 -3.0164115732979262e-02 1.0827166233156593e+01 2.7712540538828075e-05
7.9511116915703717e-01 -2.0109410488652817e-02 1.0827655244429991e+01 2.7687567160613891e-05
7.9511116915703717e-01 -1.0054705244326374e-02 1.0827950232504540e+01 2.7672591498020711e-05
7.9511116915703717e-01 7.1065644079062674e-17 1.0828048827628404e+01 2.7667601009394844e-05
7.9511116915703717e-01 1.0054705244326445e-02 1.0827950232504543e+01 2.7672591498021971e-05
7.9511116915703717e-01 2.0109410488652890e-02 1.0827655244429979e+01 2.7687567160614739e-05
7.9511116915703717e-01 3.0164115732979335e-02 1.0827166233156598e+01 2.7712540538826476e-05
7.9511116915703717e-01 4.0218820977305780e-02 1.0826487076407917e+01 2.7747532372804715e-05
7.9511116915703717e-01 5.0273526221632225e-02 1.0825623058533116e+01 2.7792571353667710e-05
7.9511116915703717e-01 6.0328231465958670e-02 1.0824580740442146e+01 2.7847693769824517e-05
7.9511116915703717e-01 7.0382936710285046e-02 1.0823367810396297e+01 2.7912943039913300e-05
7.9511116915703717e-01 8.0437641954611491e-02 1.0821992925357534e+01 2.7988369123117577e-05
7.9511116915703717e-01 9.0492347198937936e-02 1.0820465551611083e+01 2.8074027795467028e-05
7.9511116915703717e-01 1.0054705244326438e-01 1.0818795811629350e+01 2.8169979778717161e-05
7.9511116915703717e-01 1.1060175768759083e-01 1.0816994342051183e+01 2.8276289706172048e-05
7.9511116915703717e-01 1.2065646293191720e-01 1.0815072165584363e+01 2.8393024907780015e-05
7.9511116915703717e-01 1.3071116817624365e-01 1.0813040577867127e+01 2.8520253994572046e-05
7.9511116915703717e-01 1.4076587342057009e-01 1.0810911048985718e+01 2.8658045220461306e-05
7.9511116915703717e-01 1.5082057866489645e-01 1.0808695138473665e+01 2.8806464597086658e-05
7.9511116915703717e-01 1.6087528390922298e-01 1.0806404422160236e+01 2.8965573735213918e-05
7.9511116915703717e-01 1.7092998915354934e-01 1.0804050429102190e+01 2.9135427383919655e-05
7.9511116915703717e-01 1.8098469439787587e-01 1.0801644586918517e+01 2.9316070636231017e-05
7.9511116915703717e-01 1.9103939964220223e-01 1.0799198174059475e+01 2.9507535767445282e-05
7.9511116915703717e-01 2.0109410488652862e-01 1.0796722277803411e+01 2.9709838669340118e-05
7.9511116915703717e-01 2.1114881013085512e-01 1.0794227757038064e+01 2.9922974840187691e-05
7.9511116915703717e-01 2.2120351537518151e-01 1.0791725209114130e+01 3.0146914886431915e-05
7.9511116915703717e-01 2.3125822061950801e-01 1.0789224940246827e+01 3.0381599486857243e-05
7.9511116915703717e-01 2.4131292586383440e-01 1.0786736939079820e+01 3.0626933763455861e-05
7.9511116915703717e-01 2.5136763110816079e-01 1.0784270853121230e+01 3.0882780994573958e-05
7.9511116915703717e-01 2.6142233635248729e-01 1.0781835967819925e+01 3.1148955594032927e-05
7.9511116915703717e-01 2.7147704159681368e-01 1.0779441188079469e+01 3.1425215264070490e-05
7.9511116915703717e-01 2.8153174684114018e-01 1.0777095022015544e+01 3.1711252207969436e-05
7.9511116915703717e-01 2.9158645208546657e-01 1.0774805566756264e+01 3.2006683258563509e-05
7.9511116915703717e-01 3.0164115732979291e-01 1.0772580496067437e+01 3.2311038738497791e-05
7.9511116915703717e-01 3.1169586257411946e-01 1.0770427049561908e+01 3.2623749813619210e-05
7.9511116915703717e-01 3.2175056781844580e-01 1.0768352023222191e+01 3.2944134028302659e-05
7.9511116915703717e-01 3.3180527306277235e-01 1.0766361760932345e+01 3.3271378615308769e-05
7.9511116915703717e-01 3.4185997830709869e-01 1.0764462146675948e+01 3.3604521047261203e-05
7.9511116915703717e-01 3.5191468355142524e-01 1.0762658597012678e+01 3.3942426136101227e-05
7.9511116915703717e-01 3.6196938879575158e-01 1.0760956053395683e+01 3.4283758786385101e-05
7.9511116915703717e-01 3.7202409404007797e-01 1.0759358973837424e+01 3.4626951269360663e-05
7.9511116915703717e-01 3.8207879928440447e-01 1.0757871323380201e+01 3.4970163622597404e-05
7.9511116915703717e-01 3.9213350452873086e-01 1.0756496562794712e+01 3.5311235542375488e-05
7.9511116915703717e-01 4.0218820977305736e-01 1.0755237634958005e+01 3.5647628041290475e-05
7.9511116915703717e-01 4.1224291501738375e-01 1.0754096948535794e+01 3.5976353454982814e-05
7.9511116915703717e-01 4.2229762026171014e-01 1.0753076359090795e+01 3.6293893653961202e-05
7.9511116915703717e-01 4.3235232550603664e-01 1.0752177148903503e+01 3.6596109645374560e-05
7.9511116915703717e-01 4.4240703075036303e-01 1.0751400009200520e+01 3.6878153035032178e-05
7.9511116915703717e-01 4.5246173599468953e-01 1.0750745022959389e+01 3.7134379390832736e-05
7.9511116915703717e-01 4.6251644123901592e-01 1.0750210808639654e+01 3.7356217118522515e-05
7.9511116915703717e-01 4.7257114648334225e-01 1.0749770447840687e+01 3.7473219576508877e-05
7.9511116915703717e-01 4.8262585172766881e-01 1.0749310479008940e+01 3.7219206569893553e-05
7.9511116915703717e-01 4.9268055697199514e-01 1.0749280998229663e+01 3.8064560418752298e-05
7.9511116915703717e-01 5.0273526221632159e-01 1.0749419174750305e+01 3.8877433005377858e-05
8.1318187754697002e-01 -5.0273526221632159e-01 1.0725633742242795e+01 3.9815473734646716e-05
8.1318187754697002e-01 -4.9268055697199509e-01 1.0725483432577596e+01 3.8995761770233036e-05
8.1318187754697002e-01 -4.8262585172766864e-01 1.0725483257329579e+01 3.8133199319784929e-05
8.1318187754697002e-01 -4.7257114648334225e-01 1.0725905250427113e+01 3.8376643800302159e-05
8.1318187754697002e-01 -4.6251644123901581e-01 1.0726296376813041e+01 3.8262443064019135e-05
8.1318187754697002e-01 -4.5246173599468936e-01 1.0726767847237211e+01 3.8046422051630137e-05
8.1318187754697002e-01 -4.4240703075036292e-01 1.0727346181816563e+01 3.7796735765641103e-05
8.1318187754697002e-01 -4.3235232550603647e-01 1.0728032791027736e+01 3.7521666199223495e-05
8.1318187754697002e-01 -4.2229762026171014e-01 1.0728827659290827e+01 3.7226673845907559e-05
8.1318187754697002e-01 -4.1224291501738369e-01 1.0729730188582518e+01 3.6916458771799254e-05
8.1318187754697002e-01 -4.0218820977305725e-01 1.0730739216562585e+01 3.6595042311930074e-05
8.1318187754697002e-01 -3.9213350452873080e-01 1.0731853035427243e+01 3.6265850795473609e-05
8.1318187754697002e-01 -3.8207879928440436e-01 1.0733069413321559e+01 3.5931801418584163e-05
8.1318187754697002e-01 -3.7202409404007797e-01 1.0734385614679466e+01 3.5595380126856831e-05
8.1318187754697002e-01 -3.6196938879575147e-01 1.0735798418218900e+01 3.5258708366362136e-05
8.1318187754697002e-01 -3.5191468355142508e-01 1.0737304132461990e+01 3.4923598776766252e-05
8.1318187754697002e-01 -3.4185997830709863e-01 1.0738898609138163e+01 3.4591601141130460e-05
8.1318187754697002e-01 -3.3180527306277219e-01 1.0740577254998687e+01 3.4264040222547816e-05
8.1318187754697002e-01 -3.2175056781844580e-01 1.0742335042598675e+01 3.3942047038382224e-05
8.1318187754697002e-01 -3.1169586257411935e-01 1.0744166520571479e+01 3.3626584902637886e-05
8.1318187754697002e-01 -3.0164115732979291e-01 1.0746065823869868e+01 3.3318471319964206e-05
8.1318187754697002e-01 -2.9158645208546646e-01 1.0748026684396923e+01 3.3018396587967322e-05
8.1318187754697002e-01 -2.8153174684114002e-01 1.0750042442402586e+01 3.2726939773217231e-05
8.1318187754697002e-01 -2.7147704159681363e-01 1.0752106058982116e+01 3.2444582572354862e-05
8.1318187754697002e-01 -2.6142233635248718e-01 1.0754210129980565e+01 3.2171721448995191e-05
8.1318187754697002e-01 -2.5136763110816074e-01 1.0756346901580716e+01 3.1908678344513055e-05
8.1318187754697002e-01 -2.4131292586383432e-01 1.0758508287832559e+01 3.1655710190488247e-05
8.1318187754697002e-01 -2.3125822061950788e-01 1.0760685890367039e+01 3.1413017398006151e-05
8.1318187754697002e-01 -2.2120351537518143e-01 1.0762871020528983e+01 3.1180751459883200e-05
8.1318187754697002e-01 -2.1114881013085501e-01 1.0765054724160931e+01 3.0959021773131759e-05
8.1318187754697002e-01 -2.0109410488652857e-01 1.0767227809275177e+01 3.0747901767826761e-05
8.1318187754697002e-01 -1.9103939964220218e-01 1.0769380876863831e+01 3.0547434413206441e-05
8.1318187754697002e-01 -1.8098469439787573e-01 1.0771504355119188e+01 3.0357637160511897e-05
8.1318187754697002e-01 -1.7092998915354929e-01 1.0773588537366921e+01 3.0178506373896334e-05
8.1318187754697002e-01 -1.6087528390922284e-01 1.0775623624053070e+01 3.0010021294581447e-05
8.1318187754697002e-01 -1.5082057866489645e-01 1.0777599769165711e+01 2.9852147578717338e-05
8.1318187754697002e-01 -1.4076587342057001e-01 1.0779507131508920e+01 2.9704840445874440e-05
8.1318187754697002e-01 -1.3071116817624356e-01 1.0781335931265820e+01 2.9568047471941572e-05
8.1318187754697002e-01 -1.2065646293191713e-01 1.0783076512273540e+01 2.9441711057817815e-05
8.1318187754697002e-01 -1.1060175768759069e-01 1.0784719410365280e+01 2.9325770602827637e-05
8.1318187754697002e-01 -1.0054705244326431e-01 1.0786255427987259e+01 2.9220164409787140e-05
8.1318187754697002e-01 -9.0492347198937867e-02 1.0787675715050620e+01 2.9124831346489101e-05
8.1318187754697002e-01 -8.0437641954611422e-02 1.0788971855609523e+01 2.9039712286445731e-05
8.1318187754697002e-01 -7.0382936710284977e-02 1.0790135959463226e+01 2.8964751349695767e-05
8.1318187754697002e-01 -6.0328231465958525e-02 1.0791160757176687e+01 2.8899896962505283e-05
8.1318187754697002e-01 -5.0273526221632080e-02 1.0792039696339742e+01 2.8845102752806490e-05
8.1318187754697002e-01 -4.0218820977305711e-02 1.0792767036211009e+01 2.8800328296258107e-05
8.1318187754697002e-01 -3.0164115732979262e-02 1.0793337937310829e+01 2.8765539725755533e-05
8.1318187754697002e-01 -2.0109410488652817e-02 1.0793748542144220e+01 2.8740710215313076e-05
8.1318187754697002e-01 -1.0054705244326374e-02 1.0793996043151491e+01 2.8725820347198561e-05
8.1318187754697002e-01 7.1065644079062674e-17 1.0794078734268327e+01 2.8720858369233950e-05
8.1318187754697002e-01 1.0054705244326445e-02 1.0793996043151488e+01 2.8725820347198893e-05
8.1318187754697002e-01 2.0109410488652890e-02 1.0793748542144204e+01 2.8740710215313059e-05
8.1318187754697002e-01 3.0164115732979335e-02 1.0793337937310824e+01 2.8765539725755083e-05
8.1318187754697002e-01 4.0218820977305780e-02 1.0792767036211005e+01 2.8800328296256535e-05
8.1318187754697002e-01 5.0273526221632225e-02 1.0792039696339751e+01 2.8845102752806429e-05
8.1318187754697002e-01 6.0328231465958670e-02 1.0791160757176698e+01 2.8899896962504426e-05
8.1318187754697002e-01 7.0382936710285046e-02 1.0790135959463239e+01 2.8964751349697231e-05
8.1318187754697002e-01 8.0437641954611491e-02 1.0788971855609525e+01 2.9039712286445349e-05
8.1318187754697002e-01 9.0492347198937936e-02 1.0787675715050634e+01 2.9124831346489243e-05
8.1318187754697002e-01 1.0054705244326438e-01 1.0786255427987246e+01 2.9220164409788262e-05
8.1318187754697002e-01 1.1060175768759083e-01 1.0784719410365286e+01 2.9325770602829775e-05
8.1318187754697002e-01 1.2065646293191720e-01 1.0783076512273547e+01 2.9441711057817598e-05
8.1318187754697002e-01 1.3071116817624365e-01 1.0781335931265815e+01 2.9568047471940975e-05
8.1318187754697002e-01 1.4076587342057009e-01 1.0779507131508932e+01 2.9704840445874786e-05
8.1318187754697002e-01 1.5082057866489645e-01 1.0777599769165716e+01 2.9852147578719984e-05
8.1318187754697002e-01 1.6087528390922298e-01 1.0775623624053075e+01 3.0010021294581298e-05
8.1318187754697002e-01 1.7092998915354934e-01 1.0773588537366919e+01 3.0178506373895121e-05
8.1318187754697002e-01 1.8098469439787587e-01 1.0771504355119182e+01 3.0357637160511632e-05
8.1318187754697002e-01 1.9103939964220223e-01 1.0769380876863833e+01 3.0547434413206827e-05
8.1318187754697002e-01 2.0109410488652862e-01 1.0767227809275182e+01 3.0747901767826253e-05
8.1318187754697002e-01 2.1114881013085512e-01 1.0765054724160931e+01 3.0959021773130939e-05
8.1318187754697002e-01 2.2120351537518151e-01 1.0762871020528983e+01 3.1180751459882672e-05
8.1318187754697002e-01 2.3125822061950801e-01 1.0760685890367046e+01 3.1413017398005900e-05
8.1318187754697002e-01 2.4131292586383440e-01 1.0758508287832559e+01 3.1655710190487576e-05
8.1318187754697002e-01 2.5136763110816079e-01 1.0756346901580725e+01 3.1908678344513380e-05
8.1318187754697002e-01 2.6142233635248729e-01 1.0754210129980560e+01 3.2171721448996315e-05
8.1318187754697002e-01 2.7147704159681368e-01 1.0752106058982113e+01 3.2444582572354638e-05
8.1318187754697002e-01 2.8153174684114018e-01 1.0750042442402576e+01 3.2726939773217394e-05
8.1318187754697002e-01 2.9158645208546657e-01 1.0748026684396930e+01 3.3018396587967193e-05
8.1318187754697002e-01 3.0164115732979291e-01 1.0746065823869877e+01 3.3318471319965663e-05
8.1318187754697002e-01 3.1169586257411946e-01 1.0744166520571479e+01 3.3626584902636680e-05
8.1318187754697002e-01 3.2175056781844580e-01 1.0742335042598672e+01 3.3942047038381411e-05
8.1318187754697002e-01 3.3180527306277235e-01 1.0740577254998689e+01 3.4264040222548432e-05
8.1318187754697002e-01 3.4185997830709869e-01 1.0738898609138165e+01 3.4591601141129647e-05
8.1318187754697002e-01 3.5191468355142524e-01 1.0737304132461986e+01 3.4923598776765859e-05
8.1318187754697002e-01 3.6196938879575158e-01 1.0735798418218899e+01 3.5258708366362543e-05
8.1318187754697002e-01 3.7202409404007797e-01 1.0734385614679459e+01 3.5595380126856391e-05
8.1318187754697002e-01 3.8207879928440447e-01 1.0733069413321568e+01 3.5931801418583567e-05
8.1318187754697002e-01 3.9213350452873086e-01 1.0731853035427250e+01 3.6265850795475317e-05
8.1318187754697002e-01 4.0218820977305736e-01 1.0730739216562585e+01 3.6595042311930460e-05
8.1318187754697002e-01 4.1224291501738375e-01 1.0729730188582524e+01 3.6916458771798407e-05
8.1318187754697002e-01 4.2229762026171014e-01 1.0728827659290827e+01 3.7226673845908474e-05
8.1318187754697002e-01 4.3235232550603664e-01 1.0728032791027749e+01 3.7521666199224444e-05
8.1318187754697002e-01 4.4240703075036303e-01 1.0727346181816555e+01 3.7796735765640731e-05
8.1318187754697002e-01 4.5246173599468953e-01 1.0726767847237214e+01 3.8046422051628741e-05
8.1318187754697002e-01 4.6251644123901592e-01 1.0726296376813039e+01 3.8262443064019007e-05
8.1318187754697002e-01 4.7257114648334225e-01 1.0725905250427116e+01 3.8376643800302436e-05
8.1318187754697002e-01 4.8262585172766881e-01 1.0725483257329584e+01 3.8133199319784353e-05
8.1318187754697002e-01 4.9268055697199514e-01 1.0725483432577594e+01 3.8995761770231864e-05
8.1318187754697002e-01 5.0273526221632159e-01 1.0725633742242794e+01 3.9815473734646547e-05
8.3125258593690254e-01 -5.0273526221632159e-01 1.0706021100465657e+01 4.0625649567236111e-05
8.3125258593690254e-01 -4.9268055697199509e-01 1.0705861210235847e+01 3.9802832816061295e-05
8.3125258593690254e-01 -4.8262585172766864e-01 1.0705837443456744e+01 3.8929777940753543e-05
8.3125258593690254e-01 -4.7257114648334225e-01 1.0706228999387310e+01 3.9165170319962115e-05
8.3125258593690254e-01 -4.6251644123901581e-01 1.0706580697716671e+01 3.9053537771018316e-05
8.3125258593690254e-01 -4.5246173599468936e-01 1.0707001932556024e+01 3.8842540346606799e-05
8.3125258593690254e-01 -4.4240703075036292e-01 1.0707518905241395e+01 3.8598485260176814e-05
8.3125258593690254e-01 -4.3235232550603647e-01 1.0708133056815207e+01 3.8329407864408133e-05
8.3125258593690254e-01 -4.2229762026171014e-01 1.0708844435573232e+01 3.8040610318396294e-05
8.3125258593690254e-01 -4.1224291501738369e-01 1.0709652530302874e+01 3.7736666204658367e-05
8.3125258593690254e-01 -4.0218820977305725e-01 1.0710556289061286e+01 3.7421497541633428e-05
8.3125258593690254e-01 -3.9213350452873080e-01 1.0711554138809975e+01 3.7098453962849119e-05
8.3125258593690254e-01 -3.8207879928440436e-01 1.0712644007749262e+01 3.6770394396059480e-05
8.3125258593690254e-01 -3.7202409404007797e-01 1.0713823346773767e+01 3.6439761384650275e-05
8.3125258593690254e-01 -3.6196938879575147e-01 1.0715089148785554e+01 3.6108644929494338e-05
8.3125258593690254e-01 -3.5191468355142508e-01 1.0716437965723646e+01 3.5778835843238964e-05
8.3125258593690254e-01 -3.4185997830709863e-01 1.0717865923650074e+01 3.5451869825958497e-05
8.3125258593690254e-01 -3.3180527306277219e-01 1.0719368736401240e+01 3.5129063793579186e-05
8.3125258593690254e-01 -3.2175056781844580e-01 1.0720941718340599e+01 3.4811545928408121e-05
8.3125258593690254e-01 -3.1169586257411935e-01 1.0722579796719051e+01 3.4500280718857778e-05
8.3125258593690254e-01 -3.0164115732979291e-01 1.0724277524098801e+01 3.4196090024022575e-05
8.3125258593690254e-01 -2.9158645208546646e-01 1.0726029091245982e+01 3.3899670984293086e-05
8.3125258593690254e-01 -2.8153174684114002e-01 1.0727828340850014e+01 3.3611611417128482e-05
8.3125258593690254e-01 -2.7147704159681363e-01 1.0729668782388348e+01 3.3332403189821237e-05
8.3125258593690254e-01 -2.6142233635248718e-01 1.0731543608422221e+01 3.3062453945202984e-05
8.3125258593690254e-01 -2.5136763110816074e-01 1.0733445712581405e+01 3.2802097466921695e-05
8.3125258593690254e-01 -2.4131292586383432e-01 1.0735367709474323e+01 3.2551602902997906e-05
8.3125258593690254e-01 -2.3125822061950788e-01 1.0737301956740355e+01 3.2311183015378449e-05
8.3125258593690254e-01 -2.2120351537518143e-01 1.0739240579446724e+01 3.2081001585245742e-05
8.3125258593690254e-01 -2.1114881013085501e-01 1.0741175497017965e+01 3.1861180075896074e-05
8.3125258593690254e-01 -2.0109410488652857e-01 1.0743098452875412e+01 3.1651803634518875e-05
8.3125258593690254e-01 -1.9103939964220218e-01 1.0745001046952112e+01 3.1452926499304309e-05
8.3125258593690254e-01 -1.8098469439787573e-01 1.0746874771237993e+01 3.1264576867503612e-05
8.3125258593690254e-01 -1.7092998915354929e-01 1.0748711048496446e+01 3.1086761272164780e-05
8.3125258593690254e-01 -1.6087528390922284e-01 1.0750501274275789e+01 3.0919468509494939e-05
8.3125258593690254e-01 -1.5082057866489645e-01 1.0752236862313822e+01 3.0762673154438300e-05
8.3125258593690254e-01 -1.4076587342057001e-01 1.0753909293397660e+01 3.0616338698708558e-05
8.3125258593690254e-01 -1.3071116817624356e-01 1.0755510167685747e+01 3.0480420342809753e-05
8.3125258593690254e-01 -1.2065646293191713e-01 1.0757031260424959e+01 3.0354867471315640e-05
8.3125258593690254e-01 -1.1060175768759069e-01 1.0758464580889378e+01 3.0239625838547499e-05
8.3125258593690254e-01 -1.0054705244326431e-01 1.0759802434230746e+01 3.0134639489980453e-05
8.3125258593690254e-01 -9.0492347198937867e-02 1.0761037485756829e+01 3.0039852442817721e-05
8.3125258593690254e-01 -8.0437641954611422e-02 1.0762162826946422e+01 2.9955210147338381e-05
8.3125258593690254e-01 -7.0382936710284977e-02 1.0763172042274244e+01 2.9880660748885065e-05
8.3125258593690254e-01 -6.0328231465958525e-02 1.0764059275670368e+01 2.9816156168416002e-05
8.3125258593690254e-01 -5.0273526221632080e-02 1.0764819295196824e+01 2.9761653017812379e-05
8.3125258593690254e-01 -4.0218820977305711e-02 1.0765447554316028e+01 2.9717113364188188e-05
8.3125258593690254e-01 -3.0164115732979262e-02 1.0765940247982499e+01 2.9682505355586003e-05
8.3125258593690254e-01 -2.0109410488652817e-02 1.0766294361740405e+01 2.9657803718590773e-05
8.3125258593690254e-01 -1.0054705244326374e-02 1.0766507712079161e+01 2.9642990136428947e-05
8.3125258593690254e-01 7.1065644079062674e-17 1.0766578976500378e+01 2.9638053514258014e-05
8.3125258593690254e-01 1.0054705244326445e-02 1.0766507712079155e+01 2.9642990136429747e-05
8.3125258593690254e-01 2.0109410488652890e-02 1.0766294361740407e+01 2.9657803718591481e-05
8.3125258593690254e-01 3.0164115732979335e-02 1.0765940247982503e+01 2.9682505355586223e-05
8.3125258593690254e-01 4.0218820977305780e-02 1.0765447554316031e+01 2.9717113364187585e-05
8.3125258593690254e-01 5.0273526221632225e-02 1.0764819295196817e+01 2.9761653017811441e-05
8.3125258593690254e-01 6.0328231465958670e-02 1.0764059275670361e+01 2.9816156168414792e-05
8.3125258593690254e-01 7.0382936710285046e-02 1.0763172042274249e+01 2.9880660748884394e-05
8.3125258593690254e-01 8.0437641954611491e-02 1.0762162826946415e+01 2.9955210147339008e-05
8.3125258593690254e-01 9.0492347198937936e-02 1.0761037485756829e+01 3.0039852442818453e-05
8.3125258593690254e-01 1.0054705244326438e-01 1.0759802434230727e+01 3.0134639489982222e-05
8.3125258593690254e-01 1.1060175768759083e-01 1.0758464580889372e+01 3.0239625838547879e-05
8.3125258593690254e-01 1.2065646293191720e-01 1.0757031260424963e+01 3.0354867471315552e-05
8.3125258593690254e-01 1.3071116817624365e-01 1.0755510167685745e+01 3.0480420342810133e-05
8.3125258593690254e-01 1.4076587342057009e-01 1.0753909293397655e+01 3.0616338698706762e-05
8.3125258593690254e-01 1.5082057866489645e-01 1.0752236862313834e+01 3.0762673154438761e-05
8.3125258593690254e-01 1.6087528390922298e-01 1.0750501274275779e+01 3.0919468509493984e-05
8.3125258593690254e-01 1.7092998915354934e-01 1.0748711048496459e+01 3.1086761272163844e-05
8.3125258593690254e-01 1.8098469439787587e-01 1.0746874771237987e+01 3.1264576867502914e-05
8.3125258593690254e-01 1.9103939964220223e-01 1.0745001046952106e+01 3.1452926499305034e-05
8.3125258593690254e-01 2.0109410488652862e-01 1.0743098452875422e+01 3.1651803634519058e-05
8.3125258593690254e-01 2.1114881013085512e-01 1.0741175497017961e+01 3.1861180075896393e-05
8.3125258593690254e-01 2.2120351537518151e-01 1.0739240579446719e+01 3.2081001585244956e-05
8.3125258593690254e-01 2.3125822061950801e-01 1.0737301956740355e+01 3.2311183015376904e-05
8.3125258593690254e-01 2.4131292586383440e-01 1.0735367709474311e+01 3.2551602902999647e-05
8.3125258593690254e-01 2.5136763110816079e-01 1.0733445712581394e+01 3.2802097466922000e-05
8.3125258593690254e-01 2.6142233635248729e-01 1.0731543608422214e+01 3.3062453945203363e-05
8.3125258593690254e-01 2.7147704159681368e-01 1.0729668782388350e+01 3.3332403189822050e-05
8.3125258593690254e-01 2.8153174684114018e-01 1.0727828340850021e+01 3.3611611417127181e-05
8.3125258593690254e-01 2.9158645208546657e-01 1.0726029091245968e+01 3.3899670984293133e-05
8.3125258593690254e-01 3.0164115732979291e-01 1.0724277524098794e+01 3.4196090024024818e-05
8.3125258593690254e-01 3.1169586257411946e-01 1.0722579796719044e+01 3.4500280718857737e-05
8.3125258593690254e-01 3.2175056781844580e-01 1.0720941718340598e+01 3.4811545928408582e-05
8.3125258593690254e-01 3.3180527306277235e-01 1.0719368736401231e+01 3.5129063793579376e-05
8.3125258593690254e-01 3.4185997830709869e-01 1.0717865923650091e+01 3.5451869825959933e-05
8.3125258593690254e-01 3.5191468355142524e-01 1.0716437965723644e+01 3.5778835843239865e-05
8.3125258593690254e-01 3.6196938879575158e-01 1.0715089148785571e+01 3.6108644929493199e-05
8.3125258593690254e-01 3.7202409404007797e-01 1.0713823346773781e+01 3.6439761384651271e-05
8.3125258593690254e-01 3.8207879928440447e-01 1.0712644007749256e+01 3.6770394396057691e-05
8.3125258593690254e-01 3.9213350452873086e-01 1.0711554138809989e+01 3.7098453962850143e-05
8.3125258593690254e-01 4.0218820977305736e-01 1.0710556289061282e+01 3.7421497541632690e-05
8.3125258593690254e-01 4.1224291501738375e-01 1.0709652530302861e+01 3.7736666204657588e-05
8.3125258593690254e-01 4.2229762026171014e-01 1.0708844435573230e+01 3.8040610318396524e-05
8.3125258593690254e-01 4.3235232550603664e-01 1.0708133056815214e+01 3.8329407864408072e-05
8.3125258593690254e-01 4.4240703075036303e-01 1.0707518905241393e+01 3.8598485260176529e-05
8.3125258593690254e-01 4.5246173599468953e-01 1.0707001932556018e+01 3.8842540346607036e-05
8.3125258593690254e-01 4.6251644123901592e-01 1.0706580697716673e+01 3.9053537771017747e-05
8.3125258593690254e-01 4.7257114648334225e-01 1.0706228999387315e+01 3.9165170319961851e-05
8.3125258593690254e-01 4.8262585172766881e-01 1.0705837443456753e+01 3.8929777940751476e-05
8.3125258593690254e-01 4.9268055697199514e-01 1.0705861210235858e+01 3.9802832816060305e-05
8.3125258593690254e-01 5.0273526221632159e-01 1.0706021100465657e+01 4.0625649567235583e-05
8.4932329432683518e-01 -5.0273526221632159e-01 1.0690674296616047e+01 4.1285959400523417e-05
8.4932329432683518e-01 -4.9268055697199509e-01 1.0690507229209208e+01 4.0462652666423158e-05
8.4932329432683518e-01 -4.8262585172766864e-01 1.0690465611790003e+01 3.9584169709960175e-05
8.4932329432683518e-01 -4.7257114648334225e-01 1.0690833909098570e+01 3.9813695422236533e-05
8.4932329432683518e-01 -4.6251644123901581e-01 1.0691155491498725e+01 3.9704229000751695e-05
8.4932329432683518e-01 -4.5246173599468936e-01 1.0691538362151039e+01 3.9497298930393702e-05
8.4932329432683518e-01 -4.4240703075036292e-01 1.0692008479309928e+01 3.9257793063141627e-05
8.4932329432683518e-01 -4.3235232550603647e-01 1.0692567312153882e+01 3.8993549021011654e-05
8.4932329432683518e-01 -4.2229762026171014e-01 1.0693214964200997e+01 3.8709741039177088e-05
8.4932329432683518e-01 -4.1224291501738369e-01 1.0693950998478766e+01 3.8410841241872163e-05
8.4932329432683518e-01 -4.0218820977305725e-01 1.0694774456739323e+01 3.8100692621218725e-05
8.4932329432683518e-01 -3.9213350452873080e-01 1.0695683879632139e+01 3.7782584302212224e-05
8.4932329432683518e-01 -3.8207879928440436e-01 1.0696677329693598e+01 3.7459329648738240e-05
8.4932329432683518e-01 -3.7202409404007797e-01 1.0697752413616357e+01 3.7133337579225531e-05
8.4932329432683518e-01 -3.6196938879575147e-01 1.0698906302539848e+01 3.6806673977233371e-05
8.4932329432683518e-01 -3.5191468355142508e-01 1.0700135750209666e+01 3.6481113112751531e-05
8.4932329432683518e-01 -3.4185997830709863e-01 1.0701437109328102e+01 3.6158180187481989e-05
8.4932329432683518e-01 -3.3180527306277219e-01 1.0702806346585161e+01 3.5839186447333877e-05
8.4932329432683518e-01 -3.2175056781844580e-01 1.0704239056887356e+01 3.5525258258785508e-05
8.4932329432683518e-01 -3.1169586257411935e-01 1.0705730477270592e+01 3.5217361359821384e-05
8.4932329432683518e-01 -3.0164115732979291e-01 1.0707275500933646e+01 3.4916321278831592e-05
8.4932329432683518e-01 -2.9158645208546646e-01 1.0708868691776617e+01 3.4622840711378858e-05
8.4932329432683518e-01 -2.8153174684114002e-01 1.0710504299780302e+01 3.4337514471170547e-05
8.4932329432683518e-01 -2.7147704159681363e-01 1.0712176277520898e+01 3.4060842490220826e-05
8.4932329432683518e-01 -2.6142233635248718e-01 1.0713878298077949e+01 3.3793241231781885e-05
8.4932329432683518e-01 -2.5136763110816074e-01 1.0715603774562432e+01 3.3535053793242359e-05
8.4932329432683518e-01 -2.4131292586383432e-01 1.0717345881464656e+01 3.3286558910399515e-05
8.4932329432683518e-01 -2.3125822061950788e-01 1.0719097577996365e+01 3.3047979024949506e-05
8.4932329432683518e-01 -2.2120351537518143e-01 1.0720851633577608e+01 3.2819487540107100e-05
8.4932329432683518e-01 -2.1114881013085501e-01 1.0722600655596343e+01 3.2601215361990125e-05
8.4932329432683518e-01 -2.0109410488652857e-01 1.0724337119543367e+01 3.2393256804451117e-05
8.4932329432683518e-01 -1.9103939964220218e-01 1.0726053401600391e+01 3.2195674920551521e-05
8.4932329432683518e-01 -1.8098469439787573e-01 1.0727741813729491e+01 3.2008506313305764e-05
8.4932329432683518e-01 -1.7092998915354929e-01 1.0729394641280198e+01 3.1831765470832073e-05
8.4932329432683518e-01 -1.6087528390922284e-01 1.0731004183092105e+01 3.1665448665356633e-05
8.4932329432683518e-01 -1.5082057866489645e-01 1.0732562794026826e+01 3.1509537451536691e-05
8.4932329432683518e-01 -1.4076587342057001e-01 1.0734062929810625e+01 3.1364001796327403e-05
8.4932329432683518e-01 -1.3071116817624356e-01 1.0735497194007499e+01 3.1228802870216145e-05
8.4932329432683518e-01 -1.2065646293191713e-01 1.0736858386870107e+01 3.1103895527435793e-05
8.4932329432683518e-01 -1.1060175768759069e-01 1.0738139555734119e+01 3.0989230501009851e-05
8.4932329432683518e-01 -1.0054705244326431e-01 1.0739334046527091e+01 3.0884756336688440e-05
8.4932329432683518e-01 -9.0492347198937867e-02 1.0740435555862835e+01 3.0790421088162421e-05
8.4932329432683518e-01 -8.0437641954611422e-02 1.0741438183084384e+01 3.0706173794303134e-05
8.4932329432683518e-01 -7.0382936710284977e-02 1.0742336481513373e+01 3.0631965757447041e-05
8.4932329432683518e-01 -6.0328231465958525e-02 1.0743125508064713e+01 3.0567751640052534e-05
8.4932329432683518e-01 -5.0273526221632080e-02 1.0743800870303875e+01 3.0513490395338812e-05
8.4932329432683518e-01 -4.0218820977305711e-02 1.0744358769969605e+01 3.0469146045696511e-05
8.4932329432683518e-01 -3.0164115732979262e-02 1.0744796041966378e+01 3.0434688320909226e-05
8.4932329432683518e-01 -2.0109410488652817e-02 1.0745110187858064e+01 3.0410093166373777e-05
8.4932329432683518e-01 -1.0054705244326374e-02 1.0745299402971893e+01 3.0395343129694064e-05
8.4932329432683518e-01 7.1065644079062674e-17 1.0745362596351075e+01 3.0390427632143379e-05
8.4932329432683518e-01 1.0054705244326445e-02 1.0745299402971895e+01 3.0395343129694108e-05
8.4932329432683518e-01 2.0109410488652890e-02 1.0745110187858058e+01 3.0410093166374184e-05
8.4932329432683518e-01 3.0164115732979335e-02 1.0744796041966390e+01 3.0434688320908667e-05
8.4932329432683518e-01 4.0218820977305780e-02 1.0744358769969605e+01 3.0469146045695783e-05
8.4932329432683518e-01 5.0273526221632225e-02 1.0743800870303870e+01 3.0513490395337888e-05
8.4932329432683518e-01 6.0328231465958670e-02 1.0743125508064708e+01 3.0567751640051856e-05
8.4932329432683518e-01 7.0382936710285046e-02 1.0742336481513373e+01 3.0631965757447773e-05
8.4932329432683518e-01 8.0437641954611491e-02 1.0741438183084384e+01 3.0706173794303026e-05
8.4932329432683518e-01 9.0492347198937936e-02 1.0740435555862838e+01 3.0790421088162814e-05
8.4932329432683518e-01 1.0054705244326438e-01 1.0739334046527096e+01 3.0884756336688189e-05
8.4932329432683518e-01 1.1060175768759083e-01 1.0738139555734117e+01 3.0989230501010170e-05
8.4932329432683518e-01 1.2065646293191720e-01 1.0736858386870104e+01 3.1103895527436424e-05
8.4932329432683518e-01 1.3071116817624365e-01 1.0735497194007493e+01 3.1228802870215528e-05
8.4932329432683518e-01 1.4076587342057009e-01 1.0734062929810626e+01 3.1364001796326712e-05
8.4932329432683518e-01 1.5082057866489645e-01 1.0732562794026816e+01 3.1509537451536285e-05
8.4932329432683518e-01 1.6087528390922298e-01 1.0731004183092091e+01 3.1665448665358456e-05
8.4932329432683518e-01 1.7092998915354934e-01 1.0729394641280200e+01 3.1831765470833150e-05
8.4932329432683518e-01 1.8098469439787587e-01 1.0727741813729494e+01 3.2008506313306137e-05
8.4932329432683518e-01 1.9103939964220223e-01 1.0726053401600392e+01 3.2195674920551534e-05
8.4932329432683518e-01 2.0109410488652862e-01 1.0724337119543371e+01 3.2393256804450785e-05
8.4932329432683518e-01 2.1114881013085512e-01 1.0722600655596347e+01 3.2601215361989067e-05
8.4932329432683518e-01 2.2120351537518151e-01 1.0720851633577622e+01 3.2819487540108002e-05
8.4932329432683518e-01 2.3125822061950801e-01 1.0719097577996372e+01 3.3047979024949412e-05
8.4932329432683518e-01 2.4131292586383440e-01 1.0717345881464670e+01 3.3286558910401047e-05
8.4932329432683518e-01 2.5136763110816079e-01 1.0715603774562423e+01 3.3535053793243490e-05
8.4932329432683518e-01 2.6142233635248729e-01 1.0713878298077944e+01 3.3793241231780672e-05
8.4932329432683518e-01 2.7147704159681368e-01 1.0712176277520898e+01 3.4060842490221137e-05
8.4932329432683518e-01 2.8153174684114018e-01 1.0710504299780304e+01 3.4337514471171495e-05
8.4932329432683518e-01 2.9158645208546657e-01 1.0708868691776626e+01 3.4622840711379854e-05
8.4932329432683518e-01 3.0164115732979291e-01 1.0707275500933653e+01 3.4916321278830724e-05
8.4932329432683518e-01 3.1169586257411946e-01 1.0705730477270588e+01 3.5217361359821506e-05
8.4932329432683518e-01 3.2175056781844580e-01 1.0704239056887355e+01 3.5525258258785583e-05
8.4932329432683518e-01 3.3180527306277235e-01 1.0702806346585168e+01 3.5839186447334595e-05
8.4932329432683518e-01 3.4185997830709869e-01 1.0701437109328113e+01 3.6158180187481745e-05
8.4932329432683518e-01 3.5191468355142524e-01 1.0700135750209668e+01 3.6481113112752243e-05
8.4932329432683518e-01 3.6196938879575158e-01 1.0698906302539838e+01 3.6806673977235309e-05
8.4932329432683518e-01 3.7202409404007797e-01 1.0697752413616355e+01 3.7133337579225416e-05
8.4932329432683518e-01 3.8207879928440447e-01 1.0696677329693616e+01 3.7459329648739927e-05
8.4932329432683518e-01 3.9213350452873086e-01 1.0695683879632146e+01 3.7782584302211255e-05
8.4932329432683518e-01 4.0218820977305736e-01 1.0694774456739317e+01 3.8100692621218006e-05
8.4932329432683518e-01 4.1224291501738375e-01 1.0693950998478762e+01 3.8410841241872400e-05
8.4932329432683518e-01 4.2229762026171014e-01 1.0693214964200985e+01 3.8709741039175266e-05
8.4932329432683518e-01 4.3235232550603664e-01 1.0692567312153880e+01 3.8993549021012149e-05
8.4932329432683518e-01 4.4240703075036303e-01 1.0692008479309921e+01 3.9257793063140434e-05
8.4932329432683518e-01 4.5246173599468953e-01 1.0691538362151036e+01 3.9497298930392854e-05
8.4932329432683518e-01 4.6251644123901592e-01 1.0691155491498728e+01 3.9704229000753132e-05
8.4932329432683518e-01 4.7257114648334225e-01 1.0690833909098586e+01 3.9813695422236194e-05
8.4932329432683518e-01 4.8262585172766881e-01 1.0690465611790010e+01 3.9584169709957702e-05
8.4932329432683518e-01 4.9268055697199514e-01 1.0690507229209214e+01 4.0462652666422345e-05
8.4932329432683518e-01 5.0273526221632159e-01 1.0690674296616047e+01 4.1285959400523065e-05
8.6739400271676792e-01 -5.0273526221632159e-01 1.0679610512217474e+01 4.1652305350240888e-05
8.6739400271676792e-01 -4.9268055697199509e-01 1.0679441834631289e+01 4.0837596471469529e-05
8.6739400271676792e-01 -4.8262585172766864e-01 1.0679392016954253e+01 3.9966753212127092e-05
8.6739400271676792e-01 -4.7257114648334225e-01 1.0679745051663559e+01 4.0194861616265594e-05
8.6739400271676792e-01 -4.6251644123901581e-01 1.0680045534117021e+01 4.0087215036641682e-05
8.6739400271676792e-01 -4.5246173599468936e-01 1.0680401421472670e+01 3.9883256868065844e-05
8.6739400271676792e-01 -4.4240703075036292e-01 1.0680838583190235e+01 3.9647061645509852e-05
8.6739400271676792e-01 -4.3235232550603647e-01 1.0681358513120633e+01 3.9386328003779091e-05
8.6739400271676792e-01 -4.2229762026171014e-01 1.0681961357170769e+01 3.9106136399070540e-05
8.6739400271676792e-01 -4.1224291501738369e-01 1.0682646734950476e+01 3.8810884937659660e-05
8.6739400271676792e-01 -4.0218820977305725e-01 1.0683413759283203e+01 3.8504359324105134e-05
8.6739400271676792e-01 -3.9213350452873080e-01 1.0684261056723015e+01 3.8189805133028576e-05
8.6739400271676792e-01 -3.8207879928440436e-01 1.0685186790974013e+01 3.7870003197908452e-05
8.6739400271676792e-01 -3.7202409404007797e-01 1.0686188685705426e+01 3.7547338652775261e-05
8.6739400271676792e-01 -3.6196938879575147e-01 1.0687264045506256e+01 3.7223860514196275e-05
8.6739400271676792e-01 -3.5191468355142508e-01 1.0688409774816853e+01 3.6901331658639820e-05
8.6739400271676792e-01 -3.4185997830709863e-01 1.0689622395144875e+01 3.6581270233863004e-05
8.6739400271676792e-01 -3.3180527306277219e-01 1.0690898061038991e+01 3.6264983878604094e-05
8.6739400271676792e-01 -3.2175056781844580e-01 1.0692232575320315e+01 3.5953598090546320e-05
8.6739400271676792e-01 -3.1169586257411935e-01 1.0693621404041219e+01 3.5648079909228304e-05
8.6739400271676792e-01 -3.0164115732979291e-01 1.0695059691590298e+01 3.5349257874183795e-05
8.6739400271676792e-01 -2.9158645208546646e-01 1.0696542276308572e+01 3.5057839023813127e-05
8.6739400271676792e-01 -2.8153174684114002e-01 1.0698063706932729e+01 3.4774423533511481e-05
8.6739400271676792e-01 -2.7147704159681363e-01 1.0699618260136274e+01 3.4499517455047740e-05
8.6739400271676792e-01 -2.6142233635248718e-01 1.0701199959400846e+01 3.4233543911222691e-05
8.6739400271676792e-01 -2.5136763110816074e-01 1.0702802595415166e+01 3.3976853015882276e-05
8.6739400271676792e-01 -2.4131292586383432e-01 1.0704419748167517e+01 3.3729730725256991e-05
8.6739400271676792e-01 -2.3125822061950788e-01 1.0706044810867697e+01 3.3492406778176915e-05
8.6739400271676792e-01 -2.2120351537518143e-01 1.0707671015805902e+01 3.3265061846591353e-05
8.6739400271676792e-01 -2.1114881013085501e-01 1.0709291462225874e+01 3.3047833991084530e-05
8.6739400271676792e-01 -2.0109410488652857e-01 1.0710899146259834e+01 3.2840824496528984e-05
8.6739400271676792e-01 -1.9103939964220218e-01 1.0712486992939965e+01 3.2644103148813236e-05
8.6739400271676792e-01 -1.8098469439787573e-01 1.0714047890266162e+01 3.2457713003259215e-05
8.6739400271676792e-01 -1.7092998915354929e-01 1.0715574725271837e+01 3.2281674688029849e-05
8.6739400271676792e-01 -1.6087528390922284e-01 1.0717060421987750e+01 3.2115990280351224e-05
8.6739400271676792e-01 -1.5082057866489645e-01 1.0718497981158242e+01 3.1960646789485135e-05
8.6739400271676792e-01 -1.4076587342057001e-01 1.0719880521515062e+01 3.1815619277385136e-05
8.6739400271676792e-01 -1.3071116817624356e-01 1.0721201322360228e+01 3.1680873645614580e-05
8.6739400271676792e-01 -1.2065646293191713e-01 1.0722453867153604e+01 3.1556369115155190e-05
8.6739400271676792e-01 -1.1060175768759069e-01 1.0723631887740959e+01 3.1442060423975930e-05
8.6739400271676792e-01 -1.0054705244326431e-01 1.0724729408799471e+01 3.1337899765663589e-05
8.6739400271676792e-01 -9.0492347198937867e-02 1.0725740792018112e+01 3.1243838490826968e-05
8.6739400271676792e-01 -8.0437641954611422e-02 1.0726660779475715e+01 3.1159828591391210e-05
8.6739400271676792e-01 -7.0382936710284977e-02 1.0727484535631127e+01 3.1085823986420055e-05
8.6739400271676792e-01 -6.0328231465958525e-02 1.0728207687302561e+01 3.1021781626297147e-05
8.6739400271676792e-01 -5.0273526221632080e-02 1.0728826360989753e+01 3.0967662430622898e-05
8.6739400271676792e-01 -4.0218820977305711e-02 1.0729337216887638e+01 3.0923432073335134e-05
8.6739400271676792e-01 -3.0164115732979262e-02 1.0729737478956705e+01 3.0889061626886335e-05
8.6739400271676792e-01 -2.0109410488652817e-02 1.0730024960455124e+01 3.0864528075532427e-05
8.6739400271676792e-01 -1.0054705244326374e-02 1.0730198084402341e+01 3.0849814705959788e-05
8.6739400271676792e-01 7.1065644079062674e-17 1.0730255898532127e+01 3.0844911381704776e-05
8.6739400271676792e-01 1.0054705244326445e-02 1.0730198084402355e+01 3.0849814705958799e-05
8.6739400271676792e-01 2.0109410488652890e-02 1.0730024960455134e+01 3.0864528075532827e-05
8.6739400271676792e-01 3.0164115732979335e-02 1.0729737478956711e+01 3.0889061626885698e-05
8.6739400271676792e-01 4.0218820977305780e-02 1.0729337216887645e+01 3.0923432073333934e-05
8.6739400271676792e-01 5.0273526221632225e-02 1.0728826360989759e+01 3.0967662430622532e-05
8.6739400271676792e-01 6.0328231465958670e-02 1.0728207687302572e+01 3.1021781626297492e-05
8.6739400271676792e-01 7.0382936710285046e-02 1.0727484535631127e+01 3.1085823986419282e-05
8.6739400271676792e-01 8.0437641954611491e-02 1.0726660779475711e+01 3.1159828591393365e-05
8.6739400271676792e-01 9.0492347198937936e-02 1.0725740792018128e+01 3.1243838490825924e-05
8.6739400271676792e-01 1.0054705244326438e-01 1.0724729408799478e+01 3.1337899765665364e-05
8.6739400271676792e-01 1.1060175768759083e-01 1.0723631887740950e+01 3.1442060423976188e-05
8.6739400271676792e-01 1.2065646293191720e-01 1.0722453867153604e+01 3.1556369115156321e-05
8.6739400271676792e-01 1.3071116817624365e-01 1.0721201322360235e+01 3.1680873645614560e-05
8.6739400271676792e-01 1.4076587342057009e-01 1.0719880521515051e+01 3.1815619277385455e-05
8.6739400271676792e-01 1.5082057866489645e-01 1.0718497981158251e+01 3.1960646789485338e-05
8.6739400271676792e-01 1.6087528390922298e-01 1.0717060421987759e+01 3.2115990280351102e-05
8.6739400271676792e-01 1.7092998915354934e-01 1.0715574725271845e+01 3.2281674688029625e-05
8.6739400271676792e-01 1.8098469439787587e-01 1.0714047890266155e+01 3.2457713003258815e-05
8.6739400271676792e-01 1.9103939964220223e-01 1.0712486992939963e+01 3.2644103148813873e-05
8.6739400271676792e-01 2.0109410488652862e-01 1.0710899146259839e+01 3.2840824496529966e-05
8.6739400271676792e-01 2.1114881013085512e-01 1.0709291462225860e+01 3.3047833991083622e-05
8.6739400271676792e-01 2.2120351537518151e-01 1.0707671015805905e+01 3.3265061846590716e-05
8.6739400271676792e-01 2.3125822061950801e-01 1.0706044810867692e+01 3.3492406778177674e-05
8.6739400271676792e-01 2.4131292586383440e-01 1.0704419748167515e+01 3.3729730725258807e-05
8.6739400271676792e-01 2.5136763110816079e-01 1.0702802595415173e+01 3.3976853015882845e-05
8.6739400271676792e-01 2.6142233635248729e-01 1.0701199959400840e+01 3.4233543911221451e-05
8.6739400271676792e-01 2.7147704159681368e-01 1.0699618260136280e+01 3.4499517455047306e-05
8.6739400271676792e-01 2.8153174684114018e-01 1.0698063706932734e+01 3.4774423533511244e-05
8.6739400271676792e-01 2.9158645208546657e-01 1.0696542276308579e+01 3.5057839023813283e-05
8.6739400271676792e-01 3.0164115732979291e-01 1.0695059691590300e+01 3.5349257874184263e-05
8.6739400271676792e-01 3.1169586257411946e-01 1.0693621404041219e+01 3.5648079909227803e-05
8.6739400271676792e-01 3.2175056781844580e-01 1.0692232575320313e+01 3.5953598090544402e-05
8.6739400271676792e-01 3.3180527306277235e-01 1.0690898061039004e+01 3.6264983878604934e-05
8.6739400271676792e-01 3.4185997830709869e-01 1.0689622395144880e+01 3.6581270233862273e-05
8.6739400271676792e-01 3.5191468355142524e-01 1.0688409774816853e+01 3.6901331658639847e-05
8.6739400271676792e-01 3.6196938879575158e-01 1.0687264045506250e+01 3.7223860514195571e-05
8.6739400271676792e-01 3.7202409404007797e-01 1.0686188685705433e+01 3.7547338652775986e-05
8.6739400271676792e-01 3.8207879928440447e-01 1.0685186790974006e+01 3.7870003197906602e-05
8.6739400271676792e-01 3.9213350452873086e-01 1.0684261056723027e+01 3.8189805133028075e-05
8.6739400271676792e-01 4.0218820977305736e-01 1.0683413759283198e+01 3.8504359324106550e-05
8.6739400271676792e-01 4.1224291501738375e-01 1.0682646734950479e+01 3.8810884937659185e-05
8.6739400271676792e-01 4.2229762026171014e-01 1.0681961357170756e+01 3.9106136399070242e-05
8.6739400271676792e-01 4.3235232550603664e-01 1.0681358513120635e+01 3.9386328003778088e-05
8.6739400271676792e-01 4.4240703075036303e-01 1.0680838583190228e+01 3.9647061645510408e-05
8.6739400271676792e-01 4.5246173599468953e-01 1.0680401421472675e+01 3.9883256868064929e-05
8.6739400271676792e-01 4.6251644123901592e-01 1.0680045534117019e+01 4.0087215036641601e-05
8.6739400271676792e-01 4.7257114648334225e-01 1.0679745051663566e+01 4.0194861616264903e-05
8.6739400271676792e-01 4.8262585172766881e-01 1.0679392016954244e+01 3.9966753212127783e-05
8.6739400271676792e-01 4.9268055697199514e-01 1.0679441834631287e+01 4.0837596471469271e-05
8.6739400271676792e-01 5.0273526221632159e-01 1.0679610512217474e+01 4.1652305350241078e-05
8.8546471110670055e-01 -5.0273526221632159e-01 1.0672515122956195e+01 4.0863635544959133e-05
8.8546471110670055e-01 -4.9268055697199509e-01 1.0672349044398027e+01 4.0062621994301818e-05
8.8546471110670055e-01 -4.8262585172766864e-01 1.0672318264098973e+01 3.9252132880006006e-05
8.8546471110670055e-01 -4.7257114648334225e-01 1.0672682607627523e+01 3.9526334430137745e-05
8.8546471110670055e-01 -4.6251644123901581e-01 1.0672973228019840e+01 3.9425437113022301e-05
8.8546471110670055e-01 -4.5246173599468936e-01 1.0673313401137433e+01 3.9223282220558318e-05
8.8546471110670055e-01 -4.4240703075036292e-01 1.0673731276325269e+01 3.8988873677212153e-05
8.8546471110670055e-01 -4.3235232550603647e-01 1.0674228438827438e+01 3.8730003196172727e-05
8.8546471110670055e-01 -4.2229762026171014e-01 1.0674805061185699e+01 3.8451696500707811e-05
8.8546471110670055e-01 -4.1224291501738369e-01 1.0675460797412534e+01 3.8158307253508317e-05
8.8546471110670055e-01 -4.0218820977305725e-01 1.0676194803524151e+01 3.7853587118525487e-05
8.8546471110670055e-01 -3.9213350452873080e-01 1.0677005758248249e+01 3.7540756174209250e-05
8.8546471110670055e-01 -3.8207879928440436e-01 1.0677891886681989e+01 3.7222576613142552e-05
8.8546471110670055e-01 -3.7202409404007797e-01 1.0678850983415842e+01 3.6901420375239526e-05
8.8546471110670055e-01 -3.6196938879575147e-01 1.0679880433867705e+01 3.6579327602119765e-05
8.8546471110670055e-01 -3.5191468355142508e-01 1.0680977233658171e+01 3.6258055729091132e-05
8.8546471110670055e-01 -3.4185997830709863e-01 1.0682138006324367e+01 3.5939120206007226e-05
8.8546471110670055e-01 -3.3180527306277219e-01 1.0683359019834963e+01 3.5623828177623106e-05
8.8546471110670055e-01 -3.2175056781844580e-01 1.0684636202395261e+01 3.5313306427416067e-05
8.8546471110670055e-01 -3.1169586257411935e-01 1.0685965158000275e+01 3.5008524723463330e-05
8.8546471110670055e-01 -3.0164115732979291e-01 1.0687341182142550e+01 3.4710315505466613e-05
8.8546471110670055e-01 -2.9158645208546646e-01 1.0688759278027245e+01 3.4419390662778857e-05
8.8546471110670055e-01 -2.8153174684114002e-01 1.0690214173595532e+01 3.4136355990366424e-05
8.8546471110670055e-01 -2.7147704159681363e-01 1.0691700339612131e+01 3.3861723776330353e-05
8.8546471110670055e-01 -2.6142233635248718e-01 1.0693212009031202e+01 3.3595923868709128e-05
8.8546471110670055e-01 -2.5136763110816074e-01 1.0694743197818848e+01 3.3339313486971876e-05
8.8546471110670055e-01 -2.4131292586383432e-01 1.0696287727375594e+01 3.3092185980597602e-05
8.8546471110670055e-01 -2.3125822061950788e-01 1.0697839248670876e+01 3.2854778689435511e-05
8.8546471110670055e-01 -2.2120351537518143e-01 1.0699391268169098e+01 3.2627280024984901e-05
8.8546471110670055e-01 -2.1114881013085501e-01 1.0700937175595211e+01 3.2409835865362949e-05
8.8546471110670055e-01 -2.0109410488652857e-01 1.0702470273554905e+01 3.2202555337461835e-05
8.8546471110670055e-01 -1.9103939964220218e-01 1.0703983808989642e+01 3.2005516045811398e-05
8.8546471110670055e-01 -1.8098469439787573e-01 1.0705471006410594e+01 3.1818768797575507e-05
8.8546471110670055e-01 -1.7092998915354929e-01 1.0706925102816854e+01 3.1642341865849316e-05
8.8546471110670055e-01 -1.6087528390922284e-01 1.0708339384162631e+01 3.1476244828269550e-05
8.8546471110670055e-01 -1.5082057866489645e-01 1.0709707223195245e+01 3.1320472014104226e-05
8.8546471110670055e-01 -1.4076587342057001e-01 1.0711022118441512e+01 3.1175005590160671e-05
8.8546471110670055e-01 -1.3071116817624356e-01 1.0712277734074846e+01 3.1039818313718984e-05
8.8546471110670055e-01 -1.2065646293191713e-01 1.0713467940349872e+01 3.0914875978801536e-05
8.8546471110670055e-01 -1.1060175768759069e-01 1.0714586854246715e+01 3.0800139580560031e-05
8.8546471110670055e-01 -1.0054705244326431e-01 1.0715628879925610e+01 3.0695567221080384e-05
8.8546471110670055e-01 -9.0492347198937867e-02 1.0716588748554109e+01 3.0601115778455224e-05
8.8546471110670055e-01 -8.0437641954611422e-02 1.0717461557037165e+01 3.0516742359510375e-05
8.8546471110670055e-01 -7.0382936710284977e-02 1.0718242805156331e+01 3.0442405555079385e-05
8.8546471110670055e-01 -6.0328231465958525e-02 1.0718928430609774e+01 3.0378066515175857e-05
8.8546471110670055e-01 -5.0273526221632080e-02 1.0719514841442432e+01 3.0323689859761741e-05
8.8546471110670055e-01 -4.0218820977305711e-02 1.0719998945365822e+01 3.0279244439142358e-05
8.8546471110670055e-01 -3.0164115732979262e-02 1.0720378175492757e+01 3.0244703956260479e-05
8.8546471110670055e-01 -2.0109410488652817e-02 1.0720650512051657e+01 3.0220047461415534e-05
8.8546471110670055e-01 -1.0054705244326374e-02 1.0720814499699971e+01 3.0205259727975397e-05
8.8546471110670055e-01 7.1065644079062674e-17 1.0720869260125061e+01 3.0200331515911706e-05
8.8546471110670055e-01 1.0054705244326445e-02 1.0720814499699976e+01 3.0205259727974980e-05
8.8546471110670055e-01 2.0109410488652890e-02 1.0720650512051657e+01 3.0220047461416015e-05
8.8546471110670055e-01 3.0164115732979335e-02 1.0720378175492762e+01 3.0244703956260753e-05
8.8546471110670055e-01 4.0218820977305780e-02 1.0719998945365823e+01 3.0279244439141680e-05
8.8546471110670055e-01 5.0273526221632225e-02 1.0719514841442420e+01 3.0323689859761476e-05
8.8546471110670055e-01 6.0328231465958670e-02 1.0718928430609786e+01 3.0378066515176433e-05
8.8546471110670055e-01 7.0382936710285046e-02 1.0718242805156335e+01 3.0442405555078744e-05
8.8546471110670055e-01 8.0437641954611491e-02 1.0717461557037167e+01 3.0516742359510633e-05
8.8546471110670055e-01 9.0492347198937936e-02 1.0716588748554100e+01 3.0601115778456376e-05
8.8546471110670055e-01 1.0054705244326438e-01 1.0715628879925603e+01 3.0695567221080642e-05
8.8546471110670055e-01 1.1060175768759083e-01 1.0714586854246717e+01 3.0800139580557199e-05
8.8546471110670055e-01 1.2065646293191720e-01 1.0713467940349878e+01 3.0914875978802213e-05
8.8546471110670055e-01 1.3071116817624365e-01 1.0712277734074856e+01 3.1039818313718801e-05
8.8546471110670055e-01 1.4076587342057009e-01 1.0711022118441500e+01 3.1175005590160989e-05
8.8546471110670055e-01 1.5082057866489645e-01 1.0709707223195247e+01 3.1320472014104037e-05
8.8546471110670055e-01 1.6087528390922298e-01 1.0708339384162633e+01 3.1476244828269747e-05
8.8546471110670055e-01 1.7092998915354934e-01 1.0706925102816855e+01 3.1642341865847947e-05
8.8546471110670055e-01 1.8098469439787587e-01 1.0705471006410583e+01 3.1818768797575940e-05
8.8546471110670055e-01 1.9103939964220223e-01 1.0703983808989641e+01 3.2005516045813282e-05
8.8546471110670055e-01 2.0109410488652862e-01 1.0702470273554912e+01 3.2202555337461585e-05
8.8546471110670055e-01 2.1114881013085512e-01 1.0700937175595213e+01 3.2409835865363721e-05
8.8546471110670055e-01 2.2120351537518151e-01 1.0699391268169085e+01 3.2627280024984935e-05
8.8546471110670055e-01 2.3125822061950801e-01 1.0697839248670871e+01 3.2854778689434609e-05
8.8546471110670055e-01 2.4131292586383440e-01 1.0696287727375601e+01 3.3092185980596267e-05
8.8546471110670055e-01 2.5136763110816079e-01 1.0694743197818847e+01 3.3339313486971361e-05
8.8546471110670055e-01 2.6142233635248729e-01 1.0693212009031210e+01 3.3595923868707413e-05
8.8546471110670055e-01 2.7147704159681368e-01 1.0691700339612131e+01 3.3861723776331261e-05
8.8546471110670055e-01 2.8153174684114018e-01 1.0690214173595528e+01 3.4136355990366966e-05
8.8546471110670055e-01 2.9158645208546657e-01 1.0688759278027238e+01 3.4419390662778470e-05
8.8546471110670055e-01 3.0164115732979291e-01 1.0687341182142561e+01 3.4710315505467711e-05
8.8546471110670055e-01 3.1169586257411946e-01 1.0685965158000274e+01 3.5008524723463587e-05
8.8546471110670055e-01 3.2175056781844580e-01 1.0684636202395270e+01 3.5313306427417388e-05
8.8546471110670055e-01 3.3180527306277235e-01 1.0683359019834958e+01 3.5623828177623601e-05
8.8546471110670055e-01 3.4185997830709869e-01 1.0682138006324367e+01 3.5939120206007890e-05
8.8546471110670055e-01 3.5191468355142524e-01 1.0680977233658179e+01 3.6258055729090367e-05
8.8546471110670055e-01 3.6196938879575158e-01 1.0679880433867721e+01 3.6579327602119569e-05
8.8546471110670055e-01 3.7202409404007797e-01 1.0678850983415847e+01 3.6901420375239946e-05
8.8546471110670055e-01 3.8207879928440447e-01 1.0677891886681985e+01 3.7222576613142179e-05
8.8546471110670055e-01 3.9213350452873086e-01 1.0677005758248242e+01 3.7540756174208715e-05
8.8546471110670055e-01 4.0218820977305736e-01 1.0676194803524151e+01 3.7853587118525900e-05
8.8546471110670055e-01 4.1224291501738375e-01 1.0675460797412526e+01 3.8158307253506474e-05
8.8546471110670055e-01 4.2229762026171014e-01 1.0674805061185699e+01 3.8451696500709085e-05
8.8546471110670055e-01 4.3235232550603664e-01 1.0674228438827427e+01 3.8730003196172050e-05
8.8546471110670055e-01 4.4240703075036303e-01 1.0673731276325263e+01 3.8988873677213061e-05
8.8546471110670055e-01 4.5246173599468953e-01 1.0673313401137435e+01 3.9223282220558562e-05
8.8546471110670055e-01 4.6251644123901592e-01 1.0672973228019830e+01 3.9425437113022403e-05
8.8546471110670055e-01 4.7257114648334225e-01 1.0672682607627523e+01 3.9526334430137508e-05
8.8546471110670055e-01 4.8262585172766881e-01 1.0672318264098966e+01 3.9252132880005762e-05
8.8546471110670055e-01 4.9268055697199514e-01 1.0672349044398022e+01 4.0062621994303410e-05
8.8546471110670055e-01 5.0273526221632159e-01 1.0672515122956195e+01 4.0863635544959052e-05
9.0353541949663307e-01 -5.0273526221632159e-01 1.0670087697972093e+01 4.0464872034564978e-05
9.0353541949663307e-01 -4.9268055697199509e-01 1.0669916368676775e+01 3.9654278650655383e-05
9.0353541949663307e-01 -4.8262585172766864e-01 1.0669877422376578e+01 3.8830268796645219e-05
9.0353541949663307e-01 -4.7257114648334225e-01 1.0670255863597953e+01 3.9143705167477573e-05
9.0353541949663307e-01 -4.6251644123901581e-01 1.0670547480504405e+01 3.9054859146727810e-05
9.0353541949663307e-01 -4.5246173599468936e-01 1.0670882640288598e+01 3.8853646744165481e-05
9.0353541949663307e-01 -4.4240703075036292e-01 1.0671294169471368e+01 3.8619805050395289e-05
9.0353541949663307e-01 -4.3235232550603647e-01 1.0671783838485171e+01 3.8361515666038401e-05
9.0353541949663307e-01 -4.2229762026171014e-01 1.0672351830715694e+01 3.8083790422855255e-05
9.0353541949663307e-01 -4.1224291501738369e-01 1.0672997811728656e+01 3.7790968184858405e-05
9.0353541949663307e-01 -4.0218820977305725e-01 1.0673720952031497e+01 3.7486789326311709e-05
9.0353541949663307e-01 -3.9213350452873080e-01 1.0674519947850413e+01 3.7174465534431432e-05
9.0353541949663307e-01 -3.8207879928440436e-01 1.0675393044864478e+01 3.6856752936317956e-05
9.0353541949663307e-01 -3.7202409404007797e-01 1.0676338061429034e+01 3.6536019255290285e-05
9.0353541949663307e-01 -3.6196938879575147e-01 1.0677352410032727e+01 3.6214301884264192e-05
9.0353541949663307e-01 -3.5191468355142508e-01 1.0678433116817251e+01 3.5893356679317663e-05
9.0353541949663307e-01 -3.4185997830709863e-01 1.0679576839452922e+01 3.5574698448541647e-05
9.0353541949663307e-01 -3.3180527306277219e-01 1.0680779883829603e+01 3.5259634451858199e-05
9.0353541949663307e-01 -3.2175056781844580e-01 1.0682038220047671e+01 3.4949292203463012e-05
9.0353541949663307e-01 -3.1169586257411935e-01 1.0683347498162748e+01 3.4644642705854244e-05
9.0353541949663307e-01 -3.0164115732979291e-01 1.0684703064087113e+01 3.4346520047246361e-05
9.0353541949663307e-01 -2.9158645208546646e-01 1.0686099975995274e+01 3.4055638106838566e-05
9.0353541949663307e-01 -2.8153174684114002e-01 1.0687533021530079e+01 3.3772604950895626e-05
9.0353541949663307e-01 -2.7147704159681363e-01 1.0688996736059670e+01 3.3497935370300787e-05
9.0353541949663307e-01 -2.6142233635248718e-01 1.0690485422193262e+01 3.3232061905197382e-05
9.0353541949663307e-01 -2.5136763110816074e-01 1.0691993170727287e+01 3.2975344620434764e-05
9.0353541949663307e-01 -2.4131292586383432e-01 1.0693513883157809e+01 3.2728079832993503e-05
9.0353541949663307e-01 -2.3125822061950788e-01 1.0695041295862701e+01 3.2490507945116885e-05
9.0353541949663307e-01 -2.2120351537518143e-01 1.0696569006024328e+01 3.2262820501420662e-05
9.0353541949663307e-01 -2.1114881013085501e-01 1.0698090499330901e+01 3.2045166562177173e-05
9.0353541949663307e-01 -2.0109410488652857e-01 1.0699599179461009e+01 3.1837658465626432e-05
9.0353541949663307e-01 -1.9103939964220218e-01 1.0701088399321071e+01 3.1640377038413405e-05
9.0353541949663307e-01 -1.8098469439787573e-01 1.0702551493968897e+01 3.1453376303125310e-05
9.0353541949663307e-01 -1.7092998915354929e-01 1.0703981815117926e+01 3.1276687724805940e-05
9.0353541949663307e-01 -1.6087528390922284e-01 1.0705372767077099e+01 3.1110324033119454e-05
9.0353541949663307e-01 -1.5082057866489645e-01 1.0706717843939806e+01 3.0954282653157765e-05
9.0353541949663307e-01 -1.4076587342057001e-01 1.0708010667792884e+01 3.0808548775074882e-05
9.0353541949663307e-01 -1.3071116817624356e-01 1.0709245027674655e+01 3.0673098090631337e-05
9.0353541949663307e-01 -1.2065646293191713e-01 1.0710414918968848e+01 3.0547899222972834e-05
9.0353541949663307e-01 -1.1060175768759069e-01 1.0711514582881774e+01 3.0432915874417305e-05
9.0353541949663307e-01 -1.0054705244326431e-01 1.0712538545613475e+01 3.0328108715655539e-05
9.0353541949663307e-01 -9.0492347198937867e-02 1.0713481656801774e+01 3.0233437038336605e-05
9.0353541949663307e-01 -8.0437641954611422e-02 1.0714339126792213e+01 3.0148860191608112e-05
9.0353541949663307e-01 -7.0382936710284977e-02 1.0715106562269737e+01 3.0074338821694856e-05
9.0353541949663307e-01 -6.0328231465958525e-02 1.0715779999778979e+01 3.0009835932104516e-05
9.0353541949663307e-01 -5.0273526221632080e-02 1.0716355936662955e+01 2.9955317780438276e-05
9.0353541949663307e-01 -4.0218820977305711e-02 1.0716831358963743e+01 2.9910754626011910e-05
9.0353541949663307e-01 -3.0164115732979262e-02 1.0717203765855759e+01 2.9876121340908492e-05
9.0353541949663307e-01 -2.0109410488652817e-02 1.0717471190221181e+01 2.9851397895085145e-05
9.0353541949663307e-01 -1.0054705244326374e-02 1.0717632215028528e+01 2.9836569724449052e-05
9.0353541949663307e-01 7.1065644079062674e-17 1.0717685985237976e+01 2.9831627988772938e-05
9.0353541949663307e-01 1.0054705244326445e-02 1.0717632215028530e+01 2.9836569724449960e-05
9.0353541949663307e-01 2.0109410488652890e-02 1.0717471190221181e+01 2.9851397895085349e-05
9.0353541949663307e-01 3.0164115732979335e-02 1.0717203765855762e+01 2.9876121340907333e-05
9.0353541949663307e-01 4.0218820977305780e-02 1.0716831358963736e+01 2.9910754626012245e-05
9.0353541949663307e-01 5.0273526221632225e-02 1.0716355936662939e+01 2.9955317780438272e-05
9.0353541949663307e-01 6.0328231465958670e-02 1.0715779999778988e+01 3.0009835932105766e-05
9.0353541949663307e-01 7.0382936710285046e-02 1.0715106562269739e+01 3.0074338821693650e-05
9.0353541949663307e-01 8.0437641954611491e-02 1.0714339126792215e+01 3.0148860191608749e-05
9.0353541949663307e-01 9.0492347198937936e-02 1.0713481656801774e+01 3.0233437038338208e-05
9.0353541949663307e-01 1.0054705244326438e-01 1.0712538545613484e+01 3.0328108715653862e-05
9.0353541949663307e-01 1.1060175768759083e-01 1.0711514582881774e+01 3.0432915874416336e-05
9.0353541949663307e-01 1.2065646293191720e-01 1.0710414918968841e+01 3.0547899222973526e-05
9.0353541949663307e-01 1.3071116817624365e-01 1.0709245027674655e+01 3.0673098090632462e-05
9.0353541949663307e-01 1.4076587342057009e-01 1.0708010667792880e+01 3.0808548775074835e-05
9.0353541949663307e-01 1.5082057866489645e-01 1.0706717843939797e+01 3.0954282653156958e-05
9.0353541949663307e-01 1.6087528390922298e-01 1.0705372767077103e+01 3.1110324033120254e-05
9.0353541949663307e-01 1.7092998915354934e-01 1.0703981815117926e+01 3.1276687724804971e-05
9.0353541949663307e-01 1.8098469439787587e-01 1.0702551493968897e+01 3.1453376303126523e-05
9.0353541949663307e-01 1.9103939964220223e-01 1.0701088399321067e+01 3.1640377038413005e-05
9.0353541949663307e-01 2.0109410488652862e-01 1.0699599179461007e+01 3.1837658465627056e-05
9.0353541949663307e-01 2.1114881013085512e-01 1.0698090499330899e+01 3.2045166562177349e-05
9.0353541949663307e-01 2.2120351537518151e-01 1.0696569006024337e+01 3.2262820501420459e-05
9.0353541949663307e-01 2.3125822061950801e-01 1.0695041295862692e+01 3.2490507945115320e-05
9.0353541949663307e-01 2.4131292586383440e-01 1.0693513883157808e+01 3.2728079832995719e-05
9.0353541949663307e-01 2.5136763110816079e-01 1.0691993170727290e+01 3.2975344620434757e-05
9.0353541949663307e-01 2.6142233635248729e-01 1.0690485422193268e+01 3.3232061905197646e-05
9.0353541949663307e-01 2.7147704159681368e-01 1.0688996736059666e+01 3.3497935370300571e-05
9.0353541949663307e-01 2.8153174684114018e-01 1.0687533021530076e+01 3.3772604950894237e-05
9.0353541949663307e-01 2.9158645208546657e-01 1.0686099975995278e+01 3.4055638106839054e-05
9.0353541949663307e-01 3.0164115732979291e-01 1.0684703064087126e+01 3.4346520047245989e-05
9.0353541949663307e-01 3.1169586257411946e-01 1.0683347498162743e+01 3.4644642705854190e-05
9.0353541949663307e-01 3.2175056781844580e-01 1.0682038220047662e+01 3.4949292203463859e-05
9.0353541949663307e-01 3.3180527306277235e-01 1.0680779883829617e+01 3.5259634451857759e-05
9.0353541949663307e-01 3.4185997830709869e-01 1.0679576839452917e+01 3.5574698448541823e-05
9.0353541949663307e-01 3.5191468355142524e-01 1.0678433116817256e+01 3.5893356679319025e-05
9.0353541949663307e-01 3.6196938879575158e-01 1.0677352410032743e+01 3.6214301884262226e-05
9.0353541949663307e-01 3.7202409404007797e-01 1.0676338061429021e+01 3.6536019255289045e-05
9.0353541949663307e-01 3.8207879928440447e-01 1.0675393044864490e+01 3.6856752936317604e-05
9.0353541949663307e-01 3.9213350452873086e-01 1.0674519947850410e+01 3.7174465534431893e-05
9.0353541949663307e-01 4.0218820977305736e-01 1.0673720952031493e+01 3.7486789326311940e-05
9.0353541949663307e-01 4.1224291501738375e-01 1.0672997811728651e+01 3.7790968184858446e-05
9.0353541949663307e-01 4.2229762026171014e-01 1.0672351830715709e+01 3.8083790422855323e-05
9.0353541949663307e-01 4.3235232550603664e-01 1.0671783838485167e+01 3.8361515666039824e-05
9.0353541949663307e-01 4.4240703075036303e-01 1.0671294169471366e+01 3.8619805050397877e-05
9.0353541949663307e-01 4.5246173599468953e-01 1.0670882640288600e+01 3.8853646744166104e-05
9.0353541949663307e-01 4.6251644123901592e-01 1.0670547480504410e+01 3.9054859146728575e-05
9.0353541949663307e-01 4.7257114648334225e-01 1.0670255863597946e+01 3.9143705167478048e-05
9.0353541949663307e-01 4.8262585172766881e-01 1.0669877422376565e+01 3.8830268796645104e-05
9.0353541949663307e-01 4.9268055697199514e-01 1.0669916368676772e+01 3.9654278650655816e-05
9.0353541949663307e-01 5.0273526221632159e-01 1.0670087697972093e+01 4.0464872034564104e-05
